seller_id,join_date,seller_name,city,rating
1,2023-01-07,Seller 1,Multan,3.9
2,2025-09-15,Seller 2,Karachi,3.7
3,2024-04-05,Seller 3,Karachi,3.1
4,2024-01-15,Seller 4,Multan,3.6
5,2023-01-15,Seller 5,Multan,3.3
6,2023-03-27,Seller 6,Lahore,3.7
7,2024-05-20,Seller 7,Islamabad,3.1
8,2025-08-07,Seller 8,Karachi,4.7
9,2025-04-15,Seller 9,Lahore,3.4
10,2024-10-27,Seller 10,Karachi,3.3
11,2025-10-13,Seller 11,Islamabad,3.3
12,2024-04-06,Seller 12,Faisalabad,3.8
13,2023-03-22,Seller 13,Karachi,3.3
14,2024-06-08,Seller 14,Multan,4.2
15,2024-09-12,Seller 15,Lahore,4.8
16,2025-04-25,Seller 16,Islamabad,3.0
17,2023-10-23,Seller 17,Multan,4.0
18,2024-09-30,Seller 18,Lahore,3.7
19,2023-08-24,Seller 19,Islamabad,4.6
20,2024-08-26,Seller 20,Faisalabad,4.8
21,2024-09-21,Seller 21,Lahore,3.2
22,2023-06-25,Seller 22,Karachi,3.8
23,2024-10-31,Seller 23,Faisalabad,4.1
24,2024-01-29,Seller 24,Faisalabad,3.5
25,2024-02-12,Seller 25,Islamabad,3.3
26,2025-09-05,Seller 26,Karachi,4.4
27,2025-09-28,Seller 27,Multan,4.9
28,2025-05-19,Seller 28,Faisalabad,3.6
29,2025-03-11,Seller 29,Faisalabad,3.3
30,2024-10-25,Seller 30,Islamabad,3.9
31,2025-03-23,Seller 31,Islamabad,4.5
32,2024-06-08,Seller 32,Multan,3.8
33,2024-01-18,Seller 33,Karachi,4.3
34,2023-12-12,Seller 34,Faisalabad,3.9
35,2023-04-09,Seller 35,Multan,3.4
36,2023-09-13,Seller 36,Islamabad,3.6
37,2025-11-23,Seller 37,Faisalabad,4.8
38,2024-07-05,Seller 38,Multan,3.7
39,2025-11-07,Seller 39,Karachi,4.4
40,2022-12-21,Seller 40,Multan,4.7
41,2025-02-17,Seller 41,Islamabad,4.2
42,2024-03-13,Seller 42,Faisalabad,4.9
43,2023-12-19,Seller 43,Faisalabad,3.2
44,2023-01-16,Seller 44,Multan,4.4
45,2024-11-11,Seller 45,Multan,4.1
46,2025-01-21,Seller 46,Faisalabad,3.6
47,2024-03-26,Seller 47,Multan,3.7
48,2025-06-14,Seller 48,Islamabad,4.8
49,2025-07-17,Seller 49,Islamabad,3.3
50,2024-03-20,Seller 50,Islamabad,3.3
51,2025-05-01,Seller 51,Islamabad,3.5
52,2025-08-06,Seller 52,Islamabad,4.7
53,2024-01-28,Seller 53,Karachi,4.7
54,2023-05-01,Seller 54,Multan,4.4
55,2024-04-10,Seller 55,Faisalabad,4.0
56,2024-05-17,Seller 56,Faisalabad,3.1
57,2023-03-18,Seller 57,Lahore,3.2
58,2024-11-17,Seller 58,Karachi,3.7
59,2024-04-17,Seller 59,Lahore,3.3
60,2025-04-07,Seller 60,Karachi,3.6
61,2025-08-22,Seller 61,Multan,4.4
62,2024-11-23,Seller 62,Faisalabad,4.5
63,2025-09-06,Seller 63,Lahore,4.0
64,2024-06-14,Seller 64,Lahore,3.9
65,2024-08-18,Seller 65,Lahore,4.1
66,2024-05-31,Seller 66,Islamabad,5.0
67,2025-11-30,Seller 67,Multan,4.4
68,2023-06-03,Seller 68,Multan,4.3
69,2025-02-18,Seller 69,Karachi,5.0
70,2024-02-06,Seller 70,Lahore,4.3
71,2024-12-22,Seller 71,Multan,3.4
72,2023-03-12,Seller 72,Karachi,3.1
73,2023-12-05,Seller 73,Faisalabad,4.5
74,2025-07-06,Seller 74,Islamabad,4.2
75,2025-07-15,Seller 75,Lahore,4.5
76,2024-01-26,Seller 76,Islamabad,3.4
77,2024-01-22,Seller 77,Islamabad,4.7
78,2024-07-28,Seller 78,Lahore,4.8
79,2024-05-08,Seller 79,Faisalabad,4.9
80,2024-12-21,Seller 80,Lahore,3.9
81,2025-01-12,Seller 81,Islamabad,3.4
82,2024-05-27,Seller 82,Lahore,4.9
83,2023-01-30,Seller 83,Faisalabad,3.6
84,2023-01-27,Seller 84,Islamabad,3.1
85,2023-06-10,Seller 85,Islamabad,3.6
86,2025-09-22,Seller 86,Lahore,3.4
87,2025-04-06,Seller 87,Faisalabad,4.9
88,2024-05-17,Seller 88,Karachi,5.0
89,2023-07-28,Seller 89,Islamabad,4.3
90,2025-02-23,Seller 90,Karachi,4.9
91,2023-05-22,Seller 91,Karachi,4.3
92,2024-06-18,Seller 92,Multan,3.5
93,2025-09-04,Seller 93,Faisalabad,3.0
94,2025-06-25,Seller 94,Faisalabad,5.0
95,2023-03-24,Seller 95,Multan,4.7
96,2023-12-23,Seller 96,Multan,4.2
97,2024-04-12,Seller 97,Islamabad,4.9
98,2024-04-21,Seller 98,Karachi,3.7
99,2023-11-29,Seller 99,Lahore,3.9
100,2023-11-26,Seller 100,Islamabad,4.1
101,2024-01-09,Seller 101,Karachi,4.4
102,2023-02-23,Seller 102,Lahore,3.9
103,2023-07-13,Seller 103,Faisalabad,3.9
104,2025-05-25,Seller 104,Islamabad,4.7
105,2024-10-11,Seller 105,Islamabad,3.7
106,2024-05-05,Seller 106,Islamabad,5.0
107,2025-08-11,Seller 107,Faisalabad,3.1
108,2024-02-05,Seller 108,Faisalabad,4.7
109,2025-01-04,Seller 109,Karachi,3.3
110,2025-05-26,Seller 110,Karachi,4.8
111,2024-08-10,Seller 111,Islamabad,4.9
112,2025-07-07,Seller 112,Karachi,3.0
113,2025-02-08,Seller 113,Lahore,3.0
114,2025-06-25,Seller 114,Faisalabad,3.2
115,2023-06-10,Seller 115,Islamabad,4.9
116,2025-02-08,Seller 116,Faisalabad,4.2
117,2023-04-17,Seller 117,Faisalabad,4.2
118,2023-03-22,Seller 118,Lahore,3.7
119,2023-09-28,Seller 119,Faisalabad,3.8
120,2024-11-03,Seller 120,Faisalabad,4.9
121,2024-09-22,Seller 121,Multan,4.1
122,2025-03-09,Seller 122,Multan,3.9
123,2025-08-31,Seller 123,Karachi,4.1
124,2025-06-27,Seller 124,Lahore,4.5
125,2024-11-30,Seller 125,Faisalabad,4.1
126,2024-11-09,Seller 126,Lahore,3.6
127,2023-09-06,Seller 127,Islamabad,4.6
128,2023-09-23,Seller 128,Karachi,3.9
129,2025-04-09,Seller 129,Islamabad,3.1
130,2025-03-01,Seller 130,Islamabad,3.0
131,2023-03-14,Seller 131,Multan,4.2
132,2023-04-30,Seller 132,Faisalabad,4.5
133,2024-12-22,Seller 133,Multan,4.6
134,2025-04-04,Seller 134,Multan,5.0
135,2023-09-12,Seller 135,Lahore,3.7
136,2024-10-10,Seller 136,Multan,3.5
137,2024-10-22,Seller 137,Faisalabad,3.4
138,2024-05-08,Seller 138,Multan,3.8
139,2025-11-08,Seller 139,Karachi,4.8
140,2025-09-07,Seller 140,Multan,3.2
141,2023-06-09,Seller 141,Islamabad,3.4
142,2024-09-07,Seller 142,Karachi,4.1
143,2024-12-05,Seller 143,Karachi,3.9
144,2023-07-11,Seller 144,Faisalabad,4.3
145,2023-03-13,Seller 145,Karachi,3.2
146,2024-02-05,Seller 146,Islamabad,3.7
147,2024-08-12,Seller 147,Faisalabad,4.6
148,2024-11-13,Seller 148,Faisalabad,3.8
149,2023-08-30,Seller 149,Multan,3.8
150,2023-04-16,Seller 150,Faisalabad,3.0
151,2023-09-24,Seller 151,Faisalabad,3.5
152,2024-04-07,Seller 152,Multan,4.7
153,2024-08-02,Seller 153,Faisalabad,3.4
154,2024-06-11,Seller 154,Faisalabad,3.7
155,2024-11-18,Seller 155,Multan,4.2
156,2024-10-18,Seller 156,Karachi,4.6
157,2024-05-30,Seller 157,Islamabad,3.3
158,2023-01-17,Seller 158,Karachi,4.4
159,2025-09-05,Seller 159,Lahore,4.2
160,2023-04-29,Seller 160,Lahore,4.8
161,2025-04-17,Seller 161,Islamabad,3.7
162,2024-06-03,Seller 162,Karachi,3.3
163,2023-04-02,Seller 163,Faisalabad,4.8
164,2024-08-09,Seller 164,Lahore,3.6
165,2023-01-31,Seller 165,Faisalabad,3.2
166,2024-09-29,Seller 166,Faisalabad,4.9
167,2025-10-18,Seller 167,Karachi,4.1
168,2024-04-10,Seller 168,Faisalabad,3.1
169,2023-12-31,Seller 169,Islamabad,3.9
170,2025-04-14,Seller 170,Karachi,4.9
171,2024-07-03,Seller 171,Karachi,3.2
172,2025-03-17,Seller 172,Islamabad,4.3
173,2024-03-02,Seller 173,Faisalabad,4.8
174,2024-01-12,Seller 174,Multan,3.9
175,2025-01-20,Seller 175,Karachi,3.6
176,2025-09-01,Seller 176,Lahore,3.4
177,2023-05-16,Seller 177,Karachi,3.2
178,2023-08-28,Seller 178,Islamabad,3.4
179,2023-03-09,Seller 179,Multan,3.1
180,2023-02-19,Seller 180,Multan,4.5
181,2024-07-18,Seller 181,Islamabad,4.5
182,2023-04-17,Seller 182,Karachi,4.1
183,2025-09-02,Seller 183,Lahore,4.1
184,2024-02-19,Seller 184,Multan,4.0
185,2025-10-07,Seller 185,Lahore,3.7
186,2022-12-12,Seller 186,Lahore,3.3
187,2024-01-13,Seller 187,Karachi,4.4
188,2025-03-21,Seller 188,Faisalabad,3.1
189,2024-02-22,Seller 189,Islamabad,4.3
190,2024-02-13,Seller 190,Karachi,4.1
191,2023-04-30,Seller 191,Faisalabad,3.8
192,2024-02-10,Seller 192,Faisalabad,4.7
193,2025-11-26,Seller 193,Lahore,4.9
194,2024-03-22,Seller 194,Multan,3.2
195,2023-08-06,Seller 195,Multan,3.6
196,2024-05-26,Seller 196,Faisalabad,3.3
197,2023-10-21,Seller 197,Lahore,4.6
198,2025-06-18,Seller 198,Multan,3.5
199,2025-03-19,Seller 199,Faisalabad,5.0
200,2023-12-04,Seller 200,Faisalabad,3.7
201,2024-08-29,Seller 201,Faisalabad,4.4
202,2023-09-21,Seller 202,Lahore,4.4
203,2024-11-10,Seller 203,Multan,3.1
204,2024-10-18,Seller 204,Lahore,4.6
205,2023-10-31,Seller 205,Karachi,3.1
206,2025-01-08,Seller 206,Islamabad,4.7
207,2023-03-07,Seller 207,Karachi,3.4
208,2024-07-07,Seller 208,Lahore,3.1
209,2023-03-01,Seller 209,Karachi,3.2
210,2024-03-20,Seller 210,Lahore,4.7
211,2023-06-10,Seller 211,Multan,4.7
212,2024-01-02,Seller 212,Islamabad,3.1
213,2022-12-25,Seller 213,Lahore,4.6
214,2023-11-05,Seller 214,Islamabad,4.4
215,2025-06-07,Seller 215,Karachi,4.9
216,2024-10-08,Seller 216,Islamabad,3.2
217,2023-11-24,Seller 217,Karachi,3.1
218,2025-01-19,Seller 218,Karachi,3.5
219,2025-03-19,Seller 219,Faisalabad,4.5
220,2023-07-01,Seller 220,Karachi,3.2
221,2024-05-10,Seller 221,Karachi,3.6
222,2025-11-05,Seller 222,Islamabad,4.5
223,2024-06-24,Seller 223,Multan,4.2
224,2023-09-21,Seller 224,Islamabad,4.5
225,2023-05-22,Seller 225,Multan,4.2
226,2025-08-04,Seller 226,Lahore,4.2
227,2024-02-21,Seller 227,Faisalabad,3.8
228,2023-10-04,Seller 228,Lahore,4.3
229,2023-05-15,Seller 229,Multan,4.8
230,2024-05-01,Seller 230,Multan,3.3
231,2025-10-12,Seller 231,Islamabad,3.8
232,2023-05-25,Seller 232,Karachi,4.2
233,2023-09-07,Seller 233,Faisalabad,4.5
234,2025-08-09,Seller 234,Faisalabad,3.2
235,2024-07-17,Seller 235,Multan,3.7
236,2024-03-09,Seller 236,Karachi,3.4
237,2024-01-04,Seller 237,Faisalabad,4.8
238,2024-04-05,Seller 238,Multan,4.4
239,2025-05-21,Seller 239,Faisalabad,5.0
240,2024-08-23,Seller 240,Lahore,4.6
241,2025-05-09,Seller 241,Karachi,3.5
242,2024-05-04,Seller 242,Lahore,3.7
243,2024-10-22,Seller 243,Islamabad,4.7
244,2024-11-18,Seller 244,Karachi,4.5
245,2023-11-03,Seller 245,Multan,4.8
246,2024-04-05,Seller 246,Lahore,4.7
247,2024-03-09,Seller 247,Karachi,4.8
248,2024-05-13,Seller 248,Islamabad,3.2
249,2025-09-07,Seller 249,Lahore,4.2
250,2023-11-21,Seller 250,Karachi,4.5
251,2023-04-15,Seller 251,Multan,5.0
252,2025-08-28,Seller 252,Karachi,3.6
253,2024-11-26,Seller 253,Faisalabad,5.0
254,2024-12-25,Seller 254,Faisalabad,4.4
255,2023-03-13,Seller 255,Karachi,4.8
256,2024-06-03,Seller 256,Islamabad,3.9
257,2024-02-28,Seller 257,Karachi,4.2
258,2023-04-04,Seller 258,Islamabad,3.2
259,2023-09-02,Seller 259,Islamabad,3.0
260,2023-12-13,Seller 260,Karachi,3.0
261,2024-11-28,Seller 261,Islamabad,3.7
262,2023-05-19,Seller 262,Karachi,5.0
263,2024-02-01,Seller 263,Islamabad,4.9
264,2023-04-21,Seller 264,Lahore,3.8
265,2023-06-27,Seller 265,Islamabad,4.0
266,2024-04-27,Seller 266,Multan,4.0
267,2025-06-10,Seller 267,Lahore,4.4
268,2024-06-16,Seller 268,Lahore,3.5
269,2024-05-26,Seller 269,Lahore,5.0
270,2025-03-13,Seller 270,Karachi,4.7
271,2025-09-18,Seller 271,Faisalabad,3.7
272,2022-12-13,Seller 272,Lahore,4.4
273,2025-09-02,Seller 273,Karachi,4.2
274,2025-06-29,Seller 274,Faisalabad,3.9
275,2025-01-12,Seller 275,Lahore,5.0
276,2024-05-04,Seller 276,Islamabad,3.4
277,2023-04-03,Seller 277,Karachi,4.0
278,2024-10-08,Seller 278,Faisalabad,4.1
279,2024-01-23,Seller 279,Lahore,4.6
280,2024-02-15,Seller 280,Karachi,4.4
281,2025-11-13,Seller 281,Karachi,4.5
282,2025-03-10,Seller 282,Multan,3.3
283,2024-08-26,Seller 283,Lahore,4.5
284,2024-07-24,Seller 284,Lahore,4.3
285,2023-09-16,Seller 285,Multan,5.0
286,2023-03-23,Seller 286,Islamabad,3.6
287,2025-05-20,Seller 287,Faisalabad,3.6
288,2023-01-26,Seller 288,Karachi,4.9
289,2024-09-22,Seller 289,Karachi,3.8
290,2023-09-01,Seller 290,Multan,3.9
291,2023-06-04,Seller 291,Lahore,3.9
292,2024-02-24,Seller 292,Karachi,3.1
293,2023-09-01,Seller 293,Lahore,4.1
294,2025-02-16,Seller 294,Lahore,4.9
295,2023-05-16,Seller 295,Islamabad,3.5
296,2025-05-13,Seller 296,Karachi,3.8
297,2023-06-27,Seller 297,Multan,3.4
298,2025-04-18,Seller 298,Lahore,3.7
299,2025-07-16,Seller 299,Lahore,4.2
300,2025-04-18,Seller 300,Karachi,4.9
301,2024-08-31,Seller 301,Multan,4.1
302,2024-11-14,Seller 302,Faisalabad,3.8
303,2025-07-08,Seller 303,Islamabad,3.1
304,2025-05-24,Seller 304,Faisalabad,4.9
305,2024-03-11,Seller 305,Islamabad,3.5
306,2025-02-17,Seller 306,Multan,3.7
307,2024-09-28,Seller 307,Faisalabad,3.5
308,2023-01-28,Seller 308,Karachi,4.3
309,2024-05-28,Seller 309,Multan,3.1
310,2024-05-25,Seller 310,Faisalabad,4.8
311,2023-03-31,Seller 311,Karachi,4.7
312,2025-09-02,Seller 312,Lahore,4.7
313,2024-11-19,Seller 313,Karachi,3.0
314,2025-06-20,Seller 314,Multan,4.3
315,2025-01-20,Seller 315,Islamabad,3.8
316,2024-12-29,Seller 316,Karachi,3.1
317,2024-02-06,Seller 317,Karachi,4.9
318,2024-03-27,Seller 318,Multan,5.0
319,2023-07-23,Seller 319,Multan,3.5
320,2025-09-25,Seller 320,Lahore,4.1
321,2025-11-08,Seller 321,Multan,3.0
322,2022-12-31,Seller 322,Multan,4.8
323,2023-01-23,Seller 323,Karachi,3.5
324,2025-08-05,Seller 324,Multan,3.3
325,2024-07-14,Seller 325,Multan,4.8
326,2024-05-07,Seller 326,Multan,4.3
327,2023-05-01,Seller 327,Faisalabad,4.0
328,2024-04-01,Seller 328,Multan,4.0
329,2024-02-27,Seller 329,Multan,4.2
330,2022-12-10,Seller 330,Lahore,4.0
331,2024-04-04,Seller 331,Faisalabad,3.6
332,2023-05-24,Seller 332,Islamabad,4.1
333,2024-05-10,Seller 333,Islamabad,4.6
334,2024-12-10,Seller 334,Lahore,3.8
335,2025-07-30,Seller 335,Multan,3.6
336,2024-06-07,Seller 336,Multan,3.9
337,2023-03-18,Seller 337,Lahore,4.1
338,2025-10-10,Seller 338,Lahore,4.0
339,2024-12-07,Seller 339,Islamabad,3.8
340,2025-10-20,Seller 340,Faisalabad,4.8
341,2023-03-13,Seller 341,Multan,4.6
342,2024-05-11,Seller 342,Multan,4.7
343,2025-07-07,Seller 343,Islamabad,3.5
344,2023-10-15,Seller 344,Faisalabad,3.8
345,2024-04-10,Seller 345,Lahore,4.4
346,2024-10-21,Seller 346,Multan,4.7
347,2025-04-20,Seller 347,Lahore,3.3
348,2025-03-24,Seller 348,Multan,4.7
349,2023-03-29,Seller 349,Islamabad,3.2
350,2024-12-09,Seller 350,Karachi,4.5
351,2025-11-04,Seller 351,Karachi,3.2
352,2023-06-04,Seller 352,Lahore,3.4
353,2023-07-13,Seller 353,Karachi,4.8
354,2023-03-31,Seller 354,Islamabad,4.3
355,2023-10-05,Seller 355,Faisalabad,3.4
356,2025-03-30,Seller 356,Karachi,4.1
357,2024-05-07,Seller 357,Faisalabad,4.7
358,2023-07-26,Seller 358,Karachi,3.5
359,2023-05-08,Seller 359,Islamabad,3.9
360,2022-12-07,Seller 360,Faisalabad,4.9
361,2024-07-05,Seller 361,Islamabad,3.5
362,2023-12-15,Seller 362,Karachi,4.1
363,2024-12-27,Seller 363,Multan,4.0
364,2025-05-25,Seller 364,Islamabad,4.6
365,2025-03-17,Seller 365,Karachi,4.5
366,2023-12-28,Seller 366,Faisalabad,3.5
367,2025-11-14,Seller 367,Faisalabad,4.7
368,2023-11-03,Seller 368,Lahore,3.8
369,2023-02-08,Seller 369,Islamabad,4.0
370,2025-09-08,Seller 370,Karachi,3.1
371,2023-12-03,Seller 371,Faisalabad,4.1
372,2024-06-17,Seller 372,Islamabad,4.0
373,2024-05-19,Seller 373,Karachi,3.7
374,2025-04-19,Seller 374,Multan,4.9
375,2024-08-07,Seller 375,Lahore,3.3
376,2024-05-29,Seller 376,Islamabad,3.5
377,2024-08-05,Seller 377,Karachi,3.5
378,2023-06-14,Seller 378,Karachi,3.1
379,2025-02-22,Seller 379,Faisalabad,3.3
380,2025-07-28,Seller 380,Lahore,3.7
381,2023-02-22,Seller 381,Karachi,4.2
382,2024-05-30,Seller 382,Faisalabad,4.8
383,2023-01-13,Seller 383,Multan,4.8
384,2025-04-06,Seller 384,Faisalabad,5.0
385,2023-08-05,Seller 385,Karachi,4.0
386,2025-03-31,Seller 386,Islamabad,4.1
387,2025-02-28,Seller 387,Islamabad,4.5
388,2025-06-13,Seller 388,Multan,4.7
389,2025-07-02,Seller 389,Karachi,3.1
390,2023-10-08,Seller 390,Islamabad,4.3
391,2023-04-13,Seller 391,Multan,4.9
392,2025-11-17,Seller 392,Islamabad,4.0
393,2023-03-10,Seller 393,Lahore,3.5
394,2023-09-30,Seller 394,Multan,3.7
395,2024-04-12,Seller 395,Faisalabad,3.4
396,2024-06-27,Seller 396,Karachi,5.0
397,2025-09-04,Seller 397,Karachi,3.1
398,2023-04-11,Seller 398,Multan,3.4
399,2023-02-12,Seller 399,Faisalabad,4.0
400,2025-04-14,Seller 400,Lahore,3.4
401,2025-04-24,Seller 401,Islamabad,4.2
402,2023-07-17,Seller 402,Islamabad,4.1
403,2025-09-07,Seller 403,Lahore,3.9
404,2024-03-17,Seller 404,Lahore,3.3
405,2024-06-23,Seller 405,Karachi,4.2
406,2024-09-25,Seller 406,Multan,4.3
407,2023-08-22,Seller 407,Multan,3.3
408,2024-12-02,Seller 408,Lahore,3.8
409,2023-01-13,Seller 409,Lahore,4.1
410,2024-10-25,Seller 410,Karachi,4.3
411,2023-03-10,Seller 411,Lahore,4.5
412,2023-08-06,Seller 412,Faisalabad,3.8
413,2024-04-29,Seller 413,Lahore,3.7
414,2023-04-12,Seller 414,Lahore,3.4
415,2025-06-03,Seller 415,Lahore,4.8
416,2025-03-05,Seller 416,Lahore,4.0
417,2025-08-23,Seller 417,Karachi,4.8
418,2023-10-05,Seller 418,Lahore,3.1
419,2024-01-13,Seller 419,Islamabad,4.0
420,2023-05-04,Seller 420,Faisalabad,3.5
421,2024-04-24,Seller 421,Lahore,4.0
422,2023-07-14,Seller 422,Multan,3.1
423,2024-03-03,Seller 423,Lahore,4.4
424,2024-04-07,Seller 424,Karachi,3.3
425,2024-09-24,Seller 425,Islamabad,3.7
426,2025-03-23,Seller 426,Faisalabad,4.8
427,2025-10-07,Seller 427,Faisalabad,4.9
428,2023-08-04,Seller 428,Lahore,4.7
429,2024-12-20,Seller 429,Multan,3.9
430,2024-06-10,Seller 430,Islamabad,4.4
431,2023-03-25,Seller 431,Lahore,3.8
432,2024-10-20,Seller 432,Islamabad,3.2
433,2024-11-13,Seller 433,Karachi,3.5
434,2023-10-16,Seller 434,Faisalabad,4.6
435,2025-10-19,Seller 435,Multan,4.2
436,2024-04-14,Seller 436,Lahore,3.8
437,2023-02-21,Seller 437,Multan,3.4
438,2025-04-13,Seller 438,Multan,4.9
439,2023-02-18,Seller 439,Karachi,3.6
440,2023-10-03,Seller 440,Lahore,3.5
441,2025-07-09,Seller 441,Faisalabad,4.1
442,2023-04-11,Seller 442,Karachi,3.4
443,2023-07-21,Seller 443,Karachi,3.1
444,2024-02-13,Seller 444,Multan,3.4
445,2024-12-29,Seller 445,Karachi,3.1
446,2024-02-09,Seller 446,Lahore,4.8
447,2024-11-24,Seller 447,Islamabad,3.4
448,2023-11-09,Seller 448,Faisalabad,3.6
449,2024-03-27,Seller 449,Multan,3.9
450,2023-10-18,Seller 450,Karachi,3.8
451,2024-11-16,Seller 451,Islamabad,3.5
452,2024-09-29,Seller 452,Islamabad,3.5
453,2023-04-24,Seller 453,Karachi,4.6
454,2024-05-23,Seller 454,Lahore,3.2
455,2025-09-11,Seller 455,Lahore,4.9
456,2024-01-05,Seller 456,Multan,3.6
457,2023-07-15,Seller 457,Multan,4.3
458,2023-09-17,Seller 458,Lahore,3.9
459,2024-02-23,Seller 459,Lahore,4.6
460,2023-08-12,Seller 460,Lahore,4.2
461,2023-03-13,Seller 461,Faisalabad,4.2
462,2025-10-14,Seller 462,Faisalabad,3.3
463,2024-12-30,Seller 463,Lahore,4.5
464,2023-10-04,Seller 464,Multan,3.9
465,2024-01-29,Seller 465,Multan,3.3
466,2023-05-21,Seller 466,Lahore,4.0
467,2024-09-25,Seller 467,Lahore,4.1
468,2024-02-25,Seller 468,Karachi,3.8
469,2025-09-21,Seller 469,Islamabad,4.1
470,2023-02-02,Seller 470,Multan,4.2
471,2024-03-02,Seller 471,Faisalabad,3.7
472,2023-05-31,Seller 472,Islamabad,5.0
473,2025-01-04,Seller 473,Multan,4.6
474,2024-04-08,Seller 474,Multan,3.7
475,2023-03-04,Seller 475,Faisalabad,3.8
476,2025-07-19,Seller 476,Faisalabad,3.8
477,2024-09-14,Seller 477,Lahore,3.6
478,2025-04-13,Seller 478,Karachi,4.8
479,2025-10-18,Seller 479,Faisalabad,4.2
480,2023-08-12,Seller 480,Faisalabad,3.1
481,2025-01-13,Seller 481,Islamabad,4.5
482,2023-01-29,Seller 482,Multan,4.1
483,2023-03-21,Seller 483,Karachi,3.9
484,2024-11-22,Seller 484,Faisalabad,4.2
485,2023-02-14,Seller 485,Islamabad,4.3
486,2025-01-20,Seller 486,Karachi,3.8
487,2024-08-21,Seller 487,Lahore,3.1
488,2023-07-24,Seller 488,Faisalabad,4.9
489,2024-02-01,Seller 489,Karachi,3.8
490,2024-02-10,Seller 490,Islamabad,3.4
491,2023-03-12,Seller 491,Islamabad,4.5
492,2023-09-17,Seller 492,Islamabad,4.7
493,2025-10-10,Seller 493,Multan,4.9
494,2023-08-03,Seller 494,Multan,4.8
495,2024-05-07,Seller 495,Faisalabad,3.1
496,2023-08-20,Seller 496,Karachi,3.9
497,2025-02-12,Seller 497,Karachi,3.9
498,2023-12-02,Seller 498,Karachi,3.9
499,2023-09-24,Seller 499,Faisalabad,4.9
500,2024-03-02,Seller 500,Islamabad,3.3
501,2025-07-13,Seller 501,Karachi,4.4
502,2023-06-30,Seller 502,Multan,4.7
503,2024-10-17,Seller 503,Multan,3.2
504,2025-06-13,Seller 504,Multan,4.4
505,2024-12-09,Seller 505,Karachi,3.7
506,2025-11-01,Seller 506,Lahore,4.3
507,2023-05-02,Seller 507,Multan,3.7
508,2024-06-18,Seller 508,Karachi,5.0
509,2024-06-20,Seller 509,Multan,3.1
510,2025-03-26,Seller 510,Multan,3.1
511,2023-09-18,Seller 511,Multan,3.6
512,2025-05-28,Seller 512,Faisalabad,4.5
513,2025-05-27,Seller 513,Lahore,3.0
514,2024-06-17,Seller 514,Faisalabad,4.7
515,2025-06-02,Seller 515,Faisalabad,3.1
516,2023-08-19,Seller 516,Islamabad,4.1
517,2024-08-15,Seller 517,Faisalabad,4.2
518,2025-02-05,Seller 518,Karachi,3.0
519,2025-05-02,Seller 519,Karachi,4.1
520,2025-10-11,Seller 520,Karachi,3.1
521,2024-07-31,Seller 521,Karachi,3.1
522,2024-04-27,Seller 522,Multan,3.1
523,2024-01-28,Seller 523,Multan,3.1
524,2023-06-30,Seller 524,Karachi,4.2
525,2023-12-31,Seller 525,Lahore,4.2
526,2024-08-04,Seller 526,Faisalabad,4.7
527,2024-08-17,Seller 527,Islamabad,3.8
528,2023-08-05,Seller 528,Islamabad,4.6
529,2024-10-25,Seller 529,Faisalabad,4.9
530,2024-09-04,Seller 530,Faisalabad,3.8
531,2025-07-05,Seller 531,Lahore,4.7
532,2024-03-03,Seller 532,Multan,4.7
533,2023-07-15,Seller 533,Multan,3.9
534,2025-02-08,Seller 534,Lahore,5.0
535,2024-02-14,Seller 535,Faisalabad,4.9
536,2025-06-19,Seller 536,Islamabad,3.8
537,2024-09-10,Seller 537,Lahore,4.8
538,2025-05-16,Seller 538,Multan,5.0
539,2023-06-21,Seller 539,Karachi,3.1
540,2024-08-06,Seller 540,Faisalabad,4.6
541,2023-05-21,Seller 541,Islamabad,3.4
542,2025-10-21,Seller 542,Faisalabad,4.4
543,2023-09-04,Seller 543,Multan,4.4
544,2025-04-20,Seller 544,Lahore,4.4
545,2023-02-14,Seller 545,Lahore,3.9
546,2025-04-24,Seller 546,Lahore,5.0
547,2023-09-07,Seller 547,Faisalabad,3.0
548,2024-03-22,Seller 548,Lahore,3.4
549,2025-04-28,Seller 549,Lahore,4.6
550,2024-09-05,Seller 550,Karachi,3.5
551,2024-08-23,Seller 551,Islamabad,4.4
552,2023-07-10,Seller 552,Islamabad,4.5
553,2024-11-12,Seller 553,Karachi,3.6
554,2023-09-09,Seller 554,Multan,4.9
555,2022-12-17,Seller 555,Islamabad,3.9
556,2025-06-19,Seller 556,Multan,4.9
557,2023-04-07,Seller 557,Multan,4.4
558,2025-07-02,Seller 558,Faisalabad,4.4
559,2023-09-30,Seller 559,Faisalabad,3.7
560,2025-03-23,Seller 560,Islamabad,4.7
561,2024-12-21,Seller 561,Lahore,3.6
562,2023-01-02,Seller 562,Islamabad,4.6
563,2024-10-15,Seller 563,Multan,3.2
564,2023-06-09,Seller 564,Multan,4.5
565,2025-10-30,Seller 565,Islamabad,4.6
566,2024-04-02,Seller 566,Multan,3.1
567,2024-12-14,Seller 567,Multan,3.5
568,2023-08-02,Seller 568,Multan,3.2
569,2025-08-06,Seller 569,Karachi,3.6
570,2025-06-14,Seller 570,Lahore,4.8
571,2023-08-28,Seller 571,Faisalabad,3.1
572,2024-04-30,Seller 572,Karachi,5.0
573,2023-06-26,Seller 573,Lahore,4.9
574,2025-01-02,Seller 574,Multan,4.6
575,2025-09-25,Seller 575,Lahore,4.0
576,2025-11-15,Seller 576,Multan,4.0
577,2024-04-13,Seller 577,Islamabad,4.6
578,2024-08-12,Seller 578,Multan,4.3
579,2024-08-17,Seller 579,Lahore,4.1
580,2025-05-15,Seller 580,Multan,4.5
581,2025-02-01,Seller 581,Islamabad,4.1
582,2023-01-08,Seller 582,Multan,4.0
583,2023-02-10,Seller 583,Multan,3.9
584,2025-04-30,Seller 584,Multan,3.2
585,2024-09-26,Seller 585,Faisalabad,4.2
586,2023-01-09,Seller 586,Islamabad,3.6
587,2024-11-16,Seller 587,Islamabad,3.8
588,2024-04-13,Seller 588,Faisalabad,3.8
589,2025-09-29,Seller 589,Karachi,3.9
590,2025-09-23,Seller 590,Faisalabad,3.9
591,2024-06-06,Seller 591,Faisalabad,4.5
592,2024-02-06,Seller 592,Islamabad,4.2
593,2025-05-16,Seller 593,Karachi,4.1
594,2024-05-09,Seller 594,Faisalabad,4.9
595,2025-11-10,Seller 595,Karachi,4.8
596,2024-11-12,Seller 596,Karachi,3.9
597,2025-11-27,Seller 597,Lahore,4.2
598,2023-09-12,Seller 598,Multan,4.7
599,2025-07-14,Seller 599,Islamabad,4.3
600,2024-04-16,Seller 600,Multan,3.3
601,2024-11-11,Seller 601,Lahore,3.8
602,2024-06-03,Seller 602,Lahore,3.9
603,2023-04-20,Seller 603,Faisalabad,4.1
604,2023-02-16,Seller 604,Karachi,4.2
605,2023-10-14,Seller 605,Karachi,4.6
606,2023-05-12,Seller 606,Karachi,4.1
607,2025-03-18,Seller 607,Karachi,4.1
608,2025-06-24,Seller 608,Lahore,4.9
609,2025-09-20,Seller 609,Faisalabad,3.3
610,2023-05-29,Seller 610,Faisalabad,4.3
611,2024-09-18,Seller 611,Multan,4.8
612,2023-09-19,Seller 612,Multan,4.9
613,2025-09-23,Seller 613,Islamabad,4.8
614,2025-06-03,Seller 614,Karachi,4.2
615,2025-07-07,Seller 615,Karachi,4.3
616,2023-10-14,Seller 616,Islamabad,3.7
617,2024-01-13,Seller 617,Islamabad,4.1
618,2023-06-14,Seller 618,Karachi,4.9
619,2025-08-19,Seller 619,Multan,3.9
620,2025-08-07,Seller 620,Karachi,4.6
621,2024-10-04,Seller 621,Lahore,3.6
622,2025-09-21,Seller 622,Faisalabad,4.2
623,2024-04-15,Seller 623,Karachi,3.7
624,2023-05-29,Seller 624,Lahore,3.9
625,2023-11-12,Seller 625,Faisalabad,3.1
626,2025-06-10,Seller 626,Faisalabad,4.0
627,2024-06-21,Seller 627,Faisalabad,4.4
628,2024-10-10,Seller 628,Faisalabad,3.6
629,2024-12-20,Seller 629,Multan,4.8
630,2023-09-22,Seller 630,Lahore,4.5
631,2025-03-03,Seller 631,Karachi,3.5
632,2024-11-12,Seller 632,Lahore,4.9
633,2022-12-22,Seller 633,Lahore,3.1
634,2023-02-10,Seller 634,Faisalabad,3.3
635,2023-04-14,Seller 635,Lahore,3.8
636,2024-09-06,Seller 636,Karachi,4.1
637,2025-07-28,Seller 637,Karachi,3.7
638,2024-06-24,Seller 638,Multan,3.5
639,2024-02-13,Seller 639,Faisalabad,4.9
640,2024-04-10,Seller 640,Islamabad,4.7
641,2025-11-06,Seller 641,Faisalabad,3.6
642,2023-06-15,Seller 642,Karachi,3.4
643,2023-08-04,Seller 643,Islamabad,3.6
644,2024-03-23,Seller 644,Karachi,4.5
645,2025-07-16,Seller 645,Multan,3.1
646,2024-12-19,Seller 646,Faisalabad,4.4
647,2024-11-13,Seller 647,Lahore,4.4
648,2025-10-07,Seller 648,Lahore,3.7
649,2023-11-29,Seller 649,Karachi,4.9
650,2023-04-09,Seller 650,Karachi,3.0
651,2023-08-10,Seller 651,Multan,4.4
652,2023-11-02,Seller 652,Lahore,3.4
653,2024-11-29,Seller 653,Faisalabad,4.5
654,2023-09-13,Seller 654,Karachi,4.0
655,2025-05-22,Seller 655,Islamabad,4.1
656,2023-04-06,Seller 656,Multan,4.5
657,2025-10-03,Seller 657,Faisalabad,4.1
658,2023-02-07,Seller 658,Islamabad,5.0
659,2024-05-10,Seller 659,Faisalabad,4.9
660,2024-05-29,Seller 660,Multan,4.2
661,2025-11-19,Seller 661,Islamabad,4.7
662,2025-01-14,Seller 662,Multan,4.7
663,2024-04-27,Seller 663,Karachi,3.9
664,2023-01-11,Seller 664,Karachi,3.7
665,2025-11-29,Seller 665,Islamabad,4.6
666,2025-05-24,Seller 666,Multan,4.9
667,2024-07-10,Seller 667,Islamabad,4.2
668,2025-09-30,Seller 668,Karachi,3.5
669,2025-08-04,Seller 669,Faisalabad,3.2
670,2023-02-09,Seller 670,Lahore,4.5
671,2025-08-04,Seller 671,Karachi,4.7
672,2025-10-15,Seller 672,Karachi,4.7
673,2023-11-06,Seller 673,Multan,4.7
674,2024-07-29,Seller 674,Multan,3.6
675,2024-09-24,Seller 675,Karachi,4.6
676,2025-05-04,Seller 676,Karachi,3.6
677,2023-11-19,Seller 677,Faisalabad,4.3
678,2024-02-24,Seller 678,Lahore,3.4
679,2025-03-22,Seller 679,Karachi,4.7
680,2023-03-31,Seller 680,Islamabad,4.5
681,2024-03-24,Seller 681,Lahore,4.0
682,2023-03-20,Seller 682,Multan,4.7
683,2024-12-19,Seller 683,Karachi,4.8
684,2023-11-08,Seller 684,Karachi,4.1
685,2025-02-02,Seller 685,Lahore,3.3
686,2025-09-23,Seller 686,Karachi,3.6
687,2023-03-23,Seller 687,Islamabad,4.4
688,2025-02-12,Seller 688,Lahore,5.0
689,2024-06-01,Seller 689,Multan,3.6
690,2023-04-13,Seller 690,Karachi,4.9
691,2025-05-21,Seller 691,Faisalabad,4.3
692,2024-03-28,Seller 692,Islamabad,4.9
693,2024-12-22,Seller 693,Islamabad,4.9
694,2025-01-05,Seller 694,Faisalabad,4.1
695,2025-03-19,Seller 695,Faisalabad,3.9
696,2024-05-26,Seller 696,Faisalabad,3.8
697,2024-08-22,Seller 697,Lahore,3.7
698,2025-02-23,Seller 698,Karachi,4.4
699,2025-05-11,Seller 699,Karachi,4.1
700,2024-04-09,Seller 700,Islamabad,4.7
701,2023-05-24,Seller 701,Lahore,4.7
702,2024-12-06,Seller 702,Multan,3.6
703,2024-01-24,Seller 703,Islamabad,3.5
704,2025-01-12,Seller 704,Lahore,3.5
705,2023-04-16,Seller 705,Lahore,3.5
706,2025-08-14,Seller 706,Faisalabad,3.3
707,2025-11-15,Seller 707,Multan,4.3
708,2025-06-09,Seller 708,Multan,3.5
709,2023-10-07,Seller 709,Faisalabad,5.0
710,2025-04-05,Seller 710,Islamabad,4.4
711,2024-01-31,Seller 711,Islamabad,3.7
712,2023-12-20,Seller 712,Lahore,3.0
713,2025-07-30,Seller 713,Multan,3.1
714,2024-05-18,Seller 714,Islamabad,4.8
715,2023-03-02,Seller 715,Multan,4.5
716,2023-03-07,Seller 716,Islamabad,3.0
717,2023-06-24,Seller 717,Lahore,3.1
718,2023-12-22,Seller 718,Lahore,3.3
719,2023-05-17,Seller 719,Multan,4.2
720,2024-03-03,Seller 720,Faisalabad,3.9
721,2023-01-23,Seller 721,Lahore,4.6
722,2024-02-20,Seller 722,Lahore,4.1
723,2023-09-29,Seller 723,Islamabad,4.5
724,2025-05-15,Seller 724,Faisalabad,3.9
725,2025-07-19,Seller 725,Multan,4.7
726,2023-09-04,Seller 726,Lahore,4.7
727,2023-03-14,Seller 727,Lahore,4.1
728,2023-10-12,Seller 728,Lahore,4.5
729,2025-11-15,Seller 729,Multan,3.5
730,2025-11-23,Seller 730,Lahore,3.9
731,2022-12-13,Seller 731,Islamabad,3.7
732,2025-10-02,Seller 732,Faisalabad,4.1
733,2022-12-28,Seller 733,Islamabad,4.8
734,2023-09-03,Seller 734,Multan,4.7
735,2025-09-09,Seller 735,Lahore,4.6
736,2025-04-16,Seller 736,Faisalabad,3.4
737,2024-10-23,Seller 737,Multan,4.9
738,2023-05-29,Seller 738,Multan,3.1
739,2023-04-23,Seller 739,Lahore,4.3
740,2025-05-20,Seller 740,Faisalabad,4.6
741,2025-02-04,Seller 741,Lahore,3.5
742,2024-12-11,Seller 742,Faisalabad,3.2
743,2023-09-10,Seller 743,Faisalabad,3.1
744,2024-07-11,Seller 744,Lahore,4.4
745,2025-03-19,Seller 745,Faisalabad,4.2
746,2025-04-16,Seller 746,Multan,3.5
747,2023-05-04,Seller 747,Islamabad,3.3
748,2025-10-07,Seller 748,Multan,3.2
749,2024-11-25,Seller 749,Islamabad,3.2
750,2025-01-01,Seller 750,Faisalabad,4.3
751,2023-08-29,Seller 751,Faisalabad,3.8
752,2025-07-23,Seller 752,Multan,3.3
753,2024-06-15,Seller 753,Karachi,4.3
754,2023-03-04,Seller 754,Islamabad,3.8
755,2022-12-27,Seller 755,Karachi,4.2
756,2025-02-12,Seller 756,Islamabad,4.6
757,2023-01-06,Seller 757,Karachi,3.1
758,2025-08-03,Seller 758,Multan,3.1
759,2024-05-04,Seller 759,Multan,4.3
760,2023-09-24,Seller 760,Karachi,3.1
761,2024-02-16,Seller 761,Islamabad,4.5
762,2023-09-24,Seller 762,Faisalabad,4.7
763,2023-04-08,Seller 763,Faisalabad,3.6
764,2023-06-21,Seller 764,Lahore,4.5
765,2023-06-19,Seller 765,Faisalabad,3.0
766,2024-07-29,Seller 766,Islamabad,3.5
767,2024-06-19,Seller 767,Karachi,3.7
768,2023-10-15,Seller 768,Karachi,3.7
769,2024-12-12,Seller 769,Multan,3.8
770,2023-05-17,Seller 770,Lahore,4.3
771,2024-12-28,Seller 771,Faisalabad,4.3
772,2023-02-20,Seller 772,Faisalabad,4.4
773,2023-10-07,Seller 773,Faisalabad,3.8
774,2025-01-09,Seller 774,Islamabad,3.4
775,2023-12-11,Seller 775,Multan,3.1
776,2023-09-01,Seller 776,Karachi,4.1
777,2025-06-15,Seller 777,Faisalabad,3.3
778,2025-02-02,Seller 778,Lahore,3.0
779,2024-07-08,Seller 779,Karachi,3.2
780,2023-12-29,Seller 780,Islamabad,4.6
781,2025-06-12,Seller 781,Lahore,4.9
782,2025-04-26,Seller 782,Karachi,3.6
783,2025-08-03,Seller 783,Karachi,3.6
784,2022-12-22,Seller 784,Lahore,4.0
785,2025-10-24,Seller 785,Lahore,3.0
786,2023-05-05,Seller 786,Multan,3.6
787,2024-06-18,Seller 787,Islamabad,4.1
788,2025-04-25,Seller 788,Faisalabad,4.4
789,2025-03-16,Seller 789,Multan,3.4
790,2025-07-18,Seller 790,Lahore,3.1
791,2024-10-28,Seller 791,Faisalabad,3.7
792,2023-12-18,Seller 792,Karachi,5.0
793,2024-01-04,Seller 793,Lahore,4.5
794,2024-01-01,Seller 794,Islamabad,4.7
795,2023-10-27,Seller 795,Faisalabad,4.4
796,2025-11-25,Seller 796,Karachi,4.7
797,2023-12-15,Seller 797,Faisalabad,3.8
798,2023-12-17,Seller 798,Multan,4.5
799,2025-11-01,Seller 799,Faisalabad,3.1
800,2025-03-09,Seller 800,Multan,4.5
801,2025-10-13,Seller 801,Faisalabad,3.2
802,2023-07-23,Seller 802,Multan,4.6
803,2024-08-30,Seller 803,Faisalabad,4.4
804,2025-07-14,Seller 804,Multan,3.5
805,2025-04-18,Seller 805,Lahore,4.5
806,2025-08-30,Seller 806,Multan,4.9
807,2023-02-25,Seller 807,Multan,3.7
808,2023-09-28,Seller 808,Islamabad,3.3
809,2023-11-13,Seller 809,Lahore,4.0
810,2023-08-30,Seller 810,Faisalabad,4.9
811,2024-12-03,Seller 811,Multan,3.4
812,2025-05-28,Seller 812,Faisalabad,3.6
813,2024-01-08,Seller 813,Faisalabad,3.4
814,2023-09-03,Seller 814,Multan,3.6
815,2023-09-29,Seller 815,Lahore,4.0
816,2025-06-14,Seller 816,Lahore,3.4
817,2025-07-03,Seller 817,Faisalabad,4.2
818,2024-03-14,Seller 818,Lahore,3.3
819,2025-04-20,Seller 819,Faisalabad,3.1
820,2023-12-25,Seller 820,Faisalabad,4.0
821,2025-04-17,Seller 821,Multan,4.3
822,2024-06-28,Seller 822,Islamabad,4.2
823,2025-05-19,Seller 823,Faisalabad,3.9
824,2025-11-27,Seller 824,Faisalabad,4.6
825,2025-06-06,Seller 825,Faisalabad,4.8
826,2024-06-12,Seller 826,Multan,4.6
827,2024-10-26,Seller 827,Multan,3.0
828,2024-12-17,Seller 828,Multan,4.8
829,2024-11-10,Seller 829,Lahore,4.5
830,2025-02-08,Seller 830,Karachi,3.9
831,2025-10-21,Seller 831,Islamabad,3.1
832,2024-04-05,Seller 832,Multan,4.8
833,2023-01-13,Seller 833,Multan,4.1
834,2025-09-26,Seller 834,Faisalabad,3.4
835,2025-05-02,Seller 835,Lahore,3.4
836,2025-09-29,Seller 836,Islamabad,4.1
837,2024-12-06,Seller 837,Islamabad,3.9
838,2024-05-02,Seller 838,Multan,3.4
839,2024-05-30,Seller 839,Lahore,3.3
840,2023-11-13,Seller 840,Multan,4.1
841,2025-08-04,Seller 841,Faisalabad,5.0
842,2023-04-07,Seller 842,Islamabad,3.8
843,2025-11-13,Seller 843,Multan,4.0
844,2025-04-09,Seller 844,Islamabad,4.9
845,2024-05-08,Seller 845,Faisalabad,3.2
846,2025-05-17,Seller 846,Lahore,4.9
847,2023-01-25,Seller 847,Faisalabad,3.4
848,2023-06-12,Seller 848,Karachi,4.5
849,2023-11-22,Seller 849,Karachi,3.5
850,2024-08-03,Seller 850,Lahore,3.5
851,2025-02-18,Seller 851,Faisalabad,5.0
852,2025-06-18,Seller 852,Multan,3.3
853,2024-10-15,Seller 853,Lahore,3.8
854,2025-04-15,Seller 854,Lahore,4.1
855,2025-03-13,Seller 855,Islamabad,4.9
856,2024-09-21,Seller 856,Karachi,3.2
857,2023-02-27,Seller 857,Islamabad,4.5
858,2024-07-18,Seller 858,Karachi,3.6
859,2024-10-19,Seller 859,Islamabad,4.8
860,2025-06-15,Seller 860,Faisalabad,4.2
861,2023-02-20,Seller 861,Lahore,4.5
862,2024-12-17,Seller 862,Lahore,3.2
863,2023-08-26,Seller 863,Islamabad,3.8
864,2023-08-18,Seller 864,Multan,3.7
865,2025-06-14,Seller 865,Faisalabad,3.9
866,2024-01-07,Seller 866,Karachi,4.1
867,2025-02-06,Seller 867,Karachi,3.5
868,2024-03-29,Seller 868,Faisalabad,3.2
869,2025-06-11,Seller 869,Faisalabad,4.8
870,2025-01-01,Seller 870,Lahore,4.3
871,2024-05-11,Seller 871,Faisalabad,5.0
872,2023-12-12,Seller 872,Karachi,3.7
873,2025-04-25,Seller 873,Islamabad,3.2
874,2025-03-26,Seller 874,Karachi,3.0
875,2025-05-09,Seller 875,Islamabad,4.8
876,2024-05-21,Seller 876,Islamabad,5.0
877,2023-06-03,Seller 877,Multan,3.2
878,2024-04-17,Seller 878,Islamabad,4.6
879,2024-12-27,Seller 879,Islamabad,4.8
880,2022-12-31,Seller 880,Lahore,3.5
881,2024-07-21,Seller 881,Islamabad,4.5
882,2023-01-24,Seller 882,Karachi,5.0
883,2024-04-15,Seller 883,Islamabad,4.1
884,2025-03-22,Seller 884,Karachi,3.7
885,2025-10-28,Seller 885,Faisalabad,4.1
886,2024-01-05,Seller 886,Multan,4.8
887,2023-02-03,Seller 887,Lahore,4.0
888,2023-11-01,Seller 888,Lahore,4.4
889,2025-11-27,Seller 889,Multan,4.5
890,2025-08-16,Seller 890,Karachi,3.0
891,2024-01-16,Seller 891,Lahore,3.4
892,2024-11-28,Seller 892,Karachi,4.1
893,2023-09-22,Seller 893,Karachi,3.9
894,2023-04-09,Seller 894,Faisalabad,3.3
895,2024-11-26,Seller 895,Faisalabad,3.4
896,2023-09-04,Seller 896,Multan,3.6
897,2025-07-22,Seller 897,Multan,3.2
898,2024-11-25,Seller 898,Islamabad,3.7
899,2024-11-04,Seller 899,Lahore,4.1
900,2025-09-23,Seller 900,Multan,3.8
901,2025-05-25,Seller 901,Islamabad,3.9
902,2025-04-25,Seller 902,Faisalabad,5.0
903,2024-08-14,Seller 903,Faisalabad,3.7
904,2025-06-18,Seller 904,Karachi,3.5
905,2025-05-28,Seller 905,Karachi,4.0
906,2023-07-01,Seller 906,Faisalabad,3.1
907,2024-08-10,Seller 907,Faisalabad,4.9
908,2023-09-15,Seller 908,Islamabad,3.4
909,2025-04-01,Seller 909,Multan,3.9
910,2023-02-18,Seller 910,Islamabad,3.2
911,2024-08-18,Seller 911,Islamabad,3.3
912,2024-04-22,Seller 912,Lahore,4.8
913,2025-03-12,Seller 913,Karachi,4.1
914,2025-03-14,Seller 914,Lahore,4.2
915,2023-06-27,Seller 915,Karachi,4.4
916,2023-08-06,Seller 916,Multan,4.0
917,2022-12-09,Seller 917,Multan,4.4
918,2024-10-19,Seller 918,Multan,4.0
919,2025-10-07,Seller 919,Karachi,4.7
920,2024-04-10,Seller 920,Multan,4.3
921,2025-10-13,Seller 921,Faisalabad,3.5
922,2023-10-06,Seller 922,Karachi,3.3
923,2024-06-16,Seller 923,Faisalabad,4.6
924,2024-04-20,Seller 924,Multan,4.4
925,2023-07-25,Seller 925,Multan,3.8
926,2024-11-13,Seller 926,Islamabad,3.6
927,2025-05-11,Seller 927,Faisalabad,3.2
928,2023-12-13,Seller 928,Multan,3.5
929,2024-09-06,Seller 929,Lahore,4.1
930,2025-01-09,Seller 930,Faisalabad,3.9
931,2024-11-08,Seller 931,Lahore,3.1
932,2025-09-29,Seller 932,Karachi,3.2
933,2025-09-27,Seller 933,Islamabad,3.1
934,2023-08-15,Seller 934,Faisalabad,3.9
935,2024-08-31,Seller 935,Lahore,3.7
936,2023-02-22,Seller 936,Islamabad,3.8
937,2023-03-07,Seller 937,Faisalabad,4.8
938,2025-07-05,Seller 938,Karachi,4.2
939,2023-11-02,Seller 939,Lahore,4.7
940,2025-10-07,Seller 940,Multan,4.1
941,2024-06-07,Seller 941,Multan,3.7
942,2023-03-08,Seller 942,Faisalabad,4.0
943,2025-08-10,Seller 943,Faisalabad,3.1
944,2025-03-30,Seller 944,Karachi,4.9
945,2024-07-26,Seller 945,Faisalabad,3.4
946,2025-05-03,Seller 946,Islamabad,4.3
947,2022-12-28,Seller 947,Multan,3.4
948,2025-08-26,Seller 948,Multan,4.0
949,2025-03-13,Seller 949,Islamabad,4.0
950,2022-12-07,Seller 950,Multan,3.8
951,2025-05-01,Seller 951,Multan,3.4
952,2025-02-27,Seller 952,Karachi,3.7
953,2024-12-12,Seller 953,Islamabad,3.3
954,2024-03-15,Seller 954,Islamabad,4.0
955,2022-12-11,Seller 955,Faisalabad,3.9
956,2023-03-29,Seller 956,Lahore,3.4
957,2023-03-05,Seller 957,Multan,4.7
958,2025-03-16,Seller 958,Multan,4.8
959,2025-06-08,Seller 959,Islamabad,3.6
960,2025-08-28,Seller 960,Karachi,3.3
961,2024-04-23,Seller 961,Multan,4.5
962,2025-04-06,Seller 962,Islamabad,3.4
963,2023-04-28,Seller 963,Faisalabad,3.4
964,2023-08-08,Seller 964,Islamabad,3.8
965,2023-05-31,Seller 965,Multan,4.4
966,2025-10-31,Seller 966,Islamabad,3.1
967,2025-10-03,Seller 967,Lahore,4.2
968,2022-12-14,Seller 968,Islamabad,3.3
969,2023-07-10,Seller 969,Karachi,3.8
970,2023-02-08,Seller 970,Multan,4.3
971,2024-05-13,Seller 971,Faisalabad,4.4
972,2024-03-08,Seller 972,Lahore,5.0
973,2024-05-19,Seller 973,Karachi,3.1
974,2024-06-20,Seller 974,Islamabad,4.3
975,2023-06-26,Seller 975,Multan,3.8
976,2025-09-16,Seller 976,Faisalabad,3.8
977,2024-12-28,Seller 977,Karachi,4.5
978,2024-11-15,Seller 978,Lahore,3.8
979,2023-10-31,Seller 979,Lahore,3.0
980,2025-04-12,Seller 980,Islamabad,3.1
981,2023-02-20,Seller 981,Karachi,3.4
982,2024-05-09,Seller 982,Multan,4.8
983,2025-07-07,Seller 983,Faisalabad,3.4
984,2024-09-19,Seller 984,Islamabad,3.5
985,2023-10-28,Seller 985,Karachi,4.4
986,2025-07-13,Seller 986,Faisalabad,4.5
987,2024-09-16,Seller 987,Multan,3.6
988,2025-06-14,Seller 988,Karachi,3.1
989,2024-09-25,Seller 989,Karachi,3.5
990,2024-01-10,Seller 990,Islamabad,4.2
991,2024-12-22,Seller 991,Islamabad,4.1
992,2024-05-21,Seller 992,Lahore,4.6
993,2022-12-30,Seller 993,Lahore,4.7
994,2023-01-10,Seller 994,Karachi,3.8
995,2024-03-04,Seller 995,Lahore,4.1
996,2023-03-16,Seller 996,Islamabad,4.1
997,2023-11-28,Seller 997,Karachi,4.4
998,2025-08-03,Seller 998,Islamabad,4.2
999,2024-10-18,Seller 999,Multan,3.4
1000,2025-05-25,Seller 1000,Faisalabad,3.5
1001,2024-09-19,Seller 1001,Lahore,4.1
1002,2023-04-25,Seller 1002,Lahore,4.6
1003,2024-11-05,Seller 1003,Islamabad,3.7
1004,2025-09-22,Seller 1004,Faisalabad,4.5
1005,2023-09-27,Seller 1005,Islamabad,3.2
1006,2025-07-15,Seller 1006,Lahore,4.4
1007,2024-06-07,Seller 1007,Faisalabad,4.1
1008,2023-06-02,Seller 1008,Islamabad,4.1
1009,2025-11-28,Seller 1009,Lahore,3.7
1010,2025-03-14,Seller 1010,Lahore,4.7
1011,2024-10-22,Seller 1011,Multan,4.9
1012,2025-04-03,Seller 1012,Islamabad,4.5
1013,2024-02-26,Seller 1013,Faisalabad,4.3
1014,2025-06-04,Seller 1014,Lahore,4.0
1015,2025-01-19,Seller 1015,Karachi,3.2
1016,2024-06-06,Seller 1016,Multan,4.4
1017,2024-10-05,Seller 1017,Faisalabad,3.3
1018,2024-02-19,Seller 1018,Multan,4.4
1019,2023-09-04,Seller 1019,Multan,3.8
1020,2024-06-01,Seller 1020,Karachi,4.6
1021,2023-11-17,Seller 1021,Faisalabad,4.5
1022,2025-06-21,Seller 1022,Islamabad,3.6
1023,2023-10-11,Seller 1023,Lahore,4.5
1024,2025-06-13,Seller 1024,Faisalabad,3.9
1025,2025-09-09,Seller 1025,Faisalabad,4.6
1026,2023-11-10,Seller 1026,Lahore,3.9
1027,2025-11-23,Seller 1027,Faisalabad,4.5
1028,2025-04-21,Seller 1028,Karachi,3.4
1029,2024-09-25,Seller 1029,Karachi,3.9
1030,2024-07-18,Seller 1030,Karachi,4.6
1031,2024-03-31,Seller 1031,Lahore,4.1
1032,2023-04-23,Seller 1032,Karachi,4.9
1033,2025-10-06,Seller 1033,Lahore,3.4
1034,2025-08-18,Seller 1034,Multan,3.2
1035,2023-12-14,Seller 1035,Karachi,3.6
1036,2024-05-19,Seller 1036,Karachi,3.1
1037,2023-09-28,Seller 1037,Lahore,4.0
1038,2025-02-26,Seller 1038,Karachi,3.7
1039,2023-03-18,Seller 1039,Faisalabad,4.8
1040,2025-05-27,Seller 1040,Lahore,4.0
1041,2024-05-30,Seller 1041,Faisalabad,4.3
1042,2023-04-06,Seller 1042,Faisalabad,4.6
1043,2025-09-22,Seller 1043,Lahore,3.7
1044,2025-10-21,Seller 1044,Multan,3.9
1045,2023-11-03,Seller 1045,Islamabad,4.8
1046,2023-07-20,Seller 1046,Lahore,4.1
1047,2024-06-30,Seller 1047,Lahore,3.9
1048,2025-08-22,Seller 1048,Lahore,3.2
1049,2023-04-05,Seller 1049,Islamabad,4.8
1050,2025-05-29,Seller 1050,Karachi,3.8
1051,2025-03-03,Seller 1051,Faisalabad,4.1
1052,2025-08-24,Seller 1052,Multan,3.1
1053,2024-03-15,Seller 1053,Lahore,4.5
1054,2024-04-19,Seller 1054,Lahore,3.2
1055,2024-01-07,Seller 1055,Karachi,3.3
1056,2025-01-05,Seller 1056,Lahore,4.8
1057,2023-04-10,Seller 1057,Karachi,3.0
1058,2024-06-27,Seller 1058,Islamabad,3.6
1059,2023-01-01,Seller 1059,Islamabad,4.3
1060,2025-03-29,Seller 1060,Multan,3.0
1061,2024-07-07,Seller 1061,Islamabad,3.3
1062,2024-01-15,Seller 1062,Karachi,3.2
1063,2022-12-15,Seller 1063,Karachi,3.3
1064,2023-01-23,Seller 1064,Multan,4.0
1065,2025-02-17,Seller 1065,Multan,4.4
1066,2025-11-12,Seller 1066,Karachi,3.7
1067,2023-04-29,Seller 1067,Lahore,3.1
1068,2025-11-07,Seller 1068,Multan,3.1
1069,2024-01-18,Seller 1069,Faisalabad,3.2
1070,2023-09-02,Seller 1070,Lahore,4.3
1071,2024-08-04,Seller 1071,Faisalabad,3.6
1072,2025-01-07,Seller 1072,Lahore,3.8
1073,2025-04-22,Seller 1073,Lahore,3.1
1074,2025-06-24,Seller 1074,Lahore,3.3
1075,2025-10-01,Seller 1075,Karachi,4.5
1076,2023-10-09,Seller 1076,Karachi,3.3
1077,2022-12-18,Seller 1077,Faisalabad,3.7
1078,2023-02-04,Seller 1078,Karachi,4.6
1079,2025-12-02,Seller 1079,Faisalabad,4.9
1080,2023-10-16,Seller 1080,Multan,4.6
1081,2025-07-15,Seller 1081,Multan,3.2
1082,2023-02-12,Seller 1082,Faisalabad,3.2
1083,2024-05-21,Seller 1083,Faisalabad,3.4
1084,2024-08-22,Seller 1084,Multan,4.1
1085,2025-10-24,Seller 1085,Lahore,4.3
1086,2023-11-22,Seller 1086,Faisalabad,4.9
1087,2024-09-09,Seller 1087,Islamabad,4.2
1088,2024-11-18,Seller 1088,Karachi,4.9
1089,2023-09-21,Seller 1089,Faisalabad,4.5
1090,2023-05-05,Seller 1090,Multan,4.6
1091,2023-12-22,Seller 1091,Faisalabad,3.9
1092,2024-12-04,Seller 1092,Multan,4.4
1093,2023-01-12,Seller 1093,Islamabad,4.9
1094,2023-01-20,Seller 1094,Faisalabad,3.6
1095,2025-10-11,Seller 1095,Multan,3.7
1096,2025-05-05,Seller 1096,Islamabad,4.5
1097,2024-08-24,Seller 1097,Karachi,3.1
1098,2024-07-30,Seller 1098,Islamabad,4.3
1099,2023-08-15,Seller 1099,Karachi,3.4
1100,2024-07-27,Seller 1100,Lahore,4.1
1101,2023-10-09,Seller 1101,Multan,4.3
1102,2023-03-23,Seller 1102,Islamabad,4.2
1103,2022-12-31,Seller 1103,Faisalabad,4.0
1104,2025-09-28,Seller 1104,Faisalabad,5.0
1105,2025-09-14,Seller 1105,Islamabad,3.5
1106,2024-09-27,Seller 1106,Faisalabad,4.1
1107,2024-08-28,Seller 1107,Islamabad,4.1
1108,2024-08-08,Seller 1108,Lahore,3.2
1109,2023-10-02,Seller 1109,Islamabad,4.2
1110,2025-11-10,Seller 1110,Karachi,4.2
1111,2025-03-16,Seller 1111,Islamabad,3.8
1112,2025-10-12,Seller 1112,Islamabad,4.0
1113,2025-03-31,Seller 1113,Islamabad,3.8
1114,2024-01-12,Seller 1114,Multan,4.7
1115,2024-11-20,Seller 1115,Lahore,4.5
1116,2024-10-27,Seller 1116,Multan,3.0
1117,2023-04-04,Seller 1117,Karachi,3.8
1118,2024-12-05,Seller 1118,Multan,3.5
1119,2025-10-20,Seller 1119,Karachi,3.6
1120,2024-12-05,Seller 1120,Multan,4.6
1121,2024-10-15,Seller 1121,Karachi,4.2
1122,2023-09-26,Seller 1122,Faisalabad,3.8
1123,2024-09-15,Seller 1123,Lahore,5.0
1124,2025-06-15,Seller 1124,Islamabad,3.9
1125,2025-05-22,Seller 1125,Multan,4.4
1126,2025-05-15,Seller 1126,Karachi,3.4
1127,2024-04-23,Seller 1127,Faisalabad,3.9
1128,2025-05-23,Seller 1128,Islamabad,3.1
1129,2024-07-30,Seller 1129,Karachi,4.7
1130,2025-10-13,Seller 1130,Multan,4.6
1131,2025-09-28,Seller 1131,Faisalabad,4.6
1132,2025-03-13,Seller 1132,Multan,3.8
1133,2025-03-05,Seller 1133,Faisalabad,4.2
1134,2024-04-15,Seller 1134,Karachi,4.4
1135,2024-01-14,Seller 1135,Faisalabad,4.6
1136,2025-01-22,Seller 1136,Islamabad,3.7
1137,2024-03-09,Seller 1137,Islamabad,4.7
1138,2025-06-09,Seller 1138,Karachi,4.8
1139,2023-11-11,Seller 1139,Multan,3.1
1140,2024-04-13,Seller 1140,Karachi,3.7
1141,2025-10-06,Seller 1141,Lahore,3.8
1142,2023-02-24,Seller 1142,Faisalabad,3.4
1143,2024-11-28,Seller 1143,Multan,4.2
1144,2023-07-05,Seller 1144,Multan,4.4
1145,2025-01-05,Seller 1145,Lahore,3.9
1146,2023-03-13,Seller 1146,Lahore,4.6
1147,2022-12-15,Seller 1147,Multan,4.4
1148,2024-08-11,Seller 1148,Multan,3.0
1149,2023-06-05,Seller 1149,Islamabad,4.0
1150,2024-10-17,Seller 1150,Multan,3.1
1151,2025-03-16,Seller 1151,Lahore,3.3
1152,2024-12-20,Seller 1152,Karachi,3.0
1153,2025-03-10,Seller 1153,Multan,3.5
1154,2023-04-18,Seller 1154,Karachi,4.9
1155,2025-01-28,Seller 1155,Karachi,3.8
1156,2023-04-12,Seller 1156,Islamabad,3.3
1157,2025-04-23,Seller 1157,Islamabad,3.2
1158,2025-06-15,Seller 1158,Islamabad,4.2
1159,2024-10-22,Seller 1159,Islamabad,4.9
1160,2024-03-05,Seller 1160,Multan,3.3
1161,2024-05-18,Seller 1161,Faisalabad,4.2
1162,2024-08-14,Seller 1162,Karachi,4.7
1163,2025-09-25,Seller 1163,Multan,3.7
1164,2024-02-26,Seller 1164,Karachi,3.6
1165,2024-08-28,Seller 1165,Multan,3.4
1166,2023-11-26,Seller 1166,Islamabad,3.2
1167,2025-08-27,Seller 1167,Karachi,4.1
1168,2023-11-03,Seller 1168,Islamabad,4.2
1169,2024-04-07,Seller 1169,Faisalabad,3.5
1170,2023-07-14,Seller 1170,Multan,3.3
1171,2023-12-01,Seller 1171,Multan,3.7
1172,2023-08-26,Seller 1172,Multan,4.5
1173,2022-12-23,Seller 1173,Karachi,4.0
1174,2023-12-04,Seller 1174,Islamabad,3.4
1175,2025-11-29,Seller 1175,Karachi,4.6
1176,2025-06-29,Seller 1176,Karachi,3.1
1177,2025-07-28,Seller 1177,Lahore,4.3
1178,2025-09-05,Seller 1178,Karachi,4.1
1179,2024-08-01,Seller 1179,Faisalabad,3.5
1180,2025-09-09,Seller 1180,Faisalabad,3.1
1181,2025-03-05,Seller 1181,Multan,4.4
1182,2025-09-28,Seller 1182,Faisalabad,4.9
1183,2024-12-01,Seller 1183,Lahore,3.1
1184,2023-04-18,Seller 1184,Multan,4.9
1185,2023-09-03,Seller 1185,Faisalabad,3.2
1186,2025-04-16,Seller 1186,Lahore,3.7
1187,2023-10-13,Seller 1187,Lahore,4.1
1188,2023-04-05,Seller 1188,Karachi,4.9
1189,2024-02-29,Seller 1189,Islamabad,4.8
1190,2024-06-15,Seller 1190,Islamabad,3.8
1191,2023-03-15,Seller 1191,Faisalabad,3.8
1192,2023-03-16,Seller 1192,Karachi,3.8
1193,2024-05-12,Seller 1193,Faisalabad,4.7
1194,2024-10-24,Seller 1194,Islamabad,3.9
1195,2024-06-10,Seller 1195,Islamabad,3.1
1196,2024-03-14,Seller 1196,Islamabad,4.0
1197,2023-03-04,Seller 1197,Islamabad,4.3
1198,2023-09-08,Seller 1198,Islamabad,4.4
1199,2023-02-20,Seller 1199,Multan,3.5
1200,2025-07-14,Seller 1200,Karachi,3.5
1201,2023-09-14,Seller 1201,Multan,4.0
1202,2024-01-23,Seller 1202,Lahore,4.0
1203,2024-02-10,Seller 1203,Karachi,3.3
1204,2025-11-28,Seller 1204,Karachi,4.7
1205,2024-11-29,Seller 1205,Islamabad,3.2
1206,2023-10-20,Seller 1206,Karachi,4.4
1207,2024-09-20,Seller 1207,Faisalabad,3.4
1208,2025-11-16,Seller 1208,Islamabad,4.1
1209,2023-01-23,Seller 1209,Islamabad,4.4
1210,2023-06-17,Seller 1210,Multan,3.9
1211,2025-07-26,Seller 1211,Lahore,4.9
1212,2025-08-09,Seller 1212,Karachi,4.6
1213,2023-01-22,Seller 1213,Faisalabad,3.5
1214,2023-07-31,Seller 1214,Karachi,4.6
1215,2024-02-19,Seller 1215,Islamabad,4.2
1216,2025-05-11,Seller 1216,Multan,4.0
1217,2023-08-27,Seller 1217,Islamabad,4.2
1218,2025-08-01,Seller 1218,Karachi,3.5
1219,2025-11-30,Seller 1219,Multan,4.8
1220,2023-11-16,Seller 1220,Lahore,4.6
1221,2023-08-07,Seller 1221,Islamabad,4.9
1222,2025-11-18,Seller 1222,Faisalabad,3.8
1223,2023-11-27,Seller 1223,Islamabad,4.0
1224,2024-04-24,Seller 1224,Islamabad,3.4
1225,2025-10-11,Seller 1225,Multan,4.8
1226,2024-12-24,Seller 1226,Faisalabad,3.6
1227,2024-04-14,Seller 1227,Islamabad,4.7
1228,2023-08-10,Seller 1228,Lahore,4.2
1229,2025-07-22,Seller 1229,Multan,3.8
1230,2023-10-19,Seller 1230,Faisalabad,3.2
1231,2024-04-24,Seller 1231,Multan,3.2
1232,2025-08-29,Seller 1232,Lahore,3.3
1233,2023-03-16,Seller 1233,Faisalabad,3.3
1234,2024-10-20,Seller 1234,Multan,4.7
1235,2024-02-08,Seller 1235,Multan,3.7
1236,2023-05-01,Seller 1236,Karachi,3.7
1237,2023-04-22,Seller 1237,Karachi,3.7
1238,2024-10-03,Seller 1238,Multan,4.9
1239,2024-08-24,Seller 1239,Faisalabad,5.0
1240,2024-05-21,Seller 1240,Faisalabad,4.6
1241,2023-10-06,Seller 1241,Islamabad,3.6
1242,2023-03-13,Seller 1242,Karachi,3.6
1243,2025-06-28,Seller 1243,Multan,3.1
1244,2024-08-05,Seller 1244,Multan,3.6
1245,2024-06-17,Seller 1245,Karachi,3.4
1246,2023-06-27,Seller 1246,Islamabad,4.4
1247,2023-10-31,Seller 1247,Karachi,3.9
1248,2023-04-22,Seller 1248,Multan,4.9
1249,2023-05-06,Seller 1249,Multan,4.6
1250,2023-10-27,Seller 1250,Karachi,3.3
1251,2024-11-10,Seller 1251,Islamabad,3.1
1252,2025-02-06,Seller 1252,Karachi,3.7
1253,2023-09-23,Seller 1253,Karachi,4.9
1254,2024-07-24,Seller 1254,Karachi,4.6
1255,2024-06-14,Seller 1255,Islamabad,3.9
1256,2025-09-04,Seller 1256,Multan,3.1
1257,2023-12-26,Seller 1257,Islamabad,4.2
1258,2023-07-01,Seller 1258,Karachi,4.8
1259,2024-07-20,Seller 1259,Multan,3.8
1260,2023-03-28,Seller 1260,Multan,3.6
1261,2023-06-20,Seller 1261,Karachi,3.7
1262,2024-05-30,Seller 1262,Faisalabad,3.4
1263,2023-10-17,Seller 1263,Islamabad,4.9
1264,2023-09-20,Seller 1264,Karachi,4.3
1265,2024-03-16,Seller 1265,Islamabad,3.2
1266,2024-09-27,Seller 1266,Lahore,4.7
1267,2024-11-20,Seller 1267,Faisalabad,4.0
1268,2025-03-27,Seller 1268,Islamabad,3.6
1269,2024-11-12,Seller 1269,Lahore,4.6
1270,2024-08-22,Seller 1270,Lahore,4.3
1271,2024-03-10,Seller 1271,Faisalabad,4.1
1272,2023-01-19,Seller 1272,Islamabad,3.7
1273,2023-07-14,Seller 1273,Lahore,4.4
1274,2023-11-27,Seller 1274,Karachi,3.4
1275,2023-08-10,Seller 1275,Karachi,3.3
1276,2024-04-05,Seller 1276,Multan,4.7
1277,2024-10-26,Seller 1277,Lahore,4.8
1278,2025-10-05,Seller 1278,Islamabad,3.2
1279,2025-10-23,Seller 1279,Karachi,3.4
1280,2024-03-11,Seller 1280,Faisalabad,4.9
1281,2023-02-15,Seller 1281,Lahore,4.9
1282,2024-04-30,Seller 1282,Islamabad,4.4
1283,2023-04-07,Seller 1283,Multan,4.7
1284,2023-04-08,Seller 1284,Multan,4.8
1285,2025-03-10,Seller 1285,Lahore,4.4
1286,2025-09-21,Seller 1286,Faisalabad,3.9
1287,2023-09-10,Seller 1287,Multan,3.4
1288,2023-12-20,Seller 1288,Islamabad,4.3
1289,2025-11-23,Seller 1289,Islamabad,4.5
1290,2025-11-28,Seller 1290,Faisalabad,4.5
1291,2023-04-08,Seller 1291,Multan,4.2
1292,2023-07-17,Seller 1292,Lahore,3.7
1293,2023-05-08,Seller 1293,Islamabad,4.0
1294,2024-04-15,Seller 1294,Lahore,3.9
1295,2024-03-17,Seller 1295,Islamabad,4.5
1296,2023-01-18,Seller 1296,Islamabad,4.7
1297,2025-04-21,Seller 1297,Lahore,5.0
1298,2024-04-19,Seller 1298,Lahore,3.2
1299,2023-12-12,Seller 1299,Karachi,3.2
1300,2025-02-03,Seller 1300,Karachi,4.9
1301,2024-12-24,Seller 1301,Multan,3.2
1302,2025-11-21,Seller 1302,Faisalabad,4.4
1303,2023-08-17,Seller 1303,Lahore,3.5
1304,2023-06-05,Seller 1304,Faisalabad,4.9
1305,2023-07-26,Seller 1305,Multan,4.5
1306,2025-06-24,Seller 1306,Faisalabad,4.6
1307,2025-03-13,Seller 1307,Faisalabad,4.2
1308,2023-03-29,Seller 1308,Islamabad,4.4
1309,2024-03-18,Seller 1309,Karachi,3.6
1310,2025-06-17,Seller 1310,Lahore,4.8
1311,2024-02-27,Seller 1311,Faisalabad,3.0
1312,2022-12-08,Seller 1312,Faisalabad,4.8
1313,2023-10-17,Seller 1313,Faisalabad,4.2
1314,2025-09-18,Seller 1314,Multan,3.9
1315,2024-02-27,Seller 1315,Faisalabad,3.7
1316,2024-06-26,Seller 1316,Multan,4.2
1317,2025-04-01,Seller 1317,Multan,4.0
1318,2025-04-01,Seller 1318,Islamabad,4.2
1319,2025-10-20,Seller 1319,Faisalabad,3.7
1320,2025-08-16,Seller 1320,Multan,3.3
1321,2023-08-19,Seller 1321,Multan,5.0
1322,2024-04-25,Seller 1322,Islamabad,4.6
1323,2025-01-23,Seller 1323,Multan,4.8
1324,2023-06-17,Seller 1324,Multan,3.2
1325,2024-03-18,Seller 1325,Islamabad,3.8
1326,2025-03-12,Seller 1326,Karachi,3.3
1327,2024-07-24,Seller 1327,Karachi,4.6
1328,2023-03-08,Seller 1328,Faisalabad,4.9
1329,2025-08-24,Seller 1329,Lahore,5.0
1330,2025-01-20,Seller 1330,Islamabad,3.3
1331,2024-11-21,Seller 1331,Islamabad,4.1
1332,2024-05-12,Seller 1332,Karachi,3.8
1333,2025-11-15,Seller 1333,Karachi,4.8
1334,2024-10-15,Seller 1334,Faisalabad,3.6
1335,2023-06-22,Seller 1335,Lahore,4.4
1336,2023-01-19,Seller 1336,Karachi,3.0
1337,2025-03-09,Seller 1337,Faisalabad,3.8
1338,2024-10-24,Seller 1338,Lahore,3.5
1339,2025-06-14,Seller 1339,Multan,4.0
1340,2024-06-11,Seller 1340,Faisalabad,3.1
1341,2025-10-04,Seller 1341,Karachi,3.2
1342,2023-03-31,Seller 1342,Islamabad,3.4
1343,2023-03-23,Seller 1343,Lahore,4.2
1344,2025-10-29,Seller 1344,Faisalabad,4.7
1345,2025-07-07,Seller 1345,Lahore,4.4
1346,2025-08-04,Seller 1346,Karachi,3.7
1347,2023-05-01,Seller 1347,Karachi,3.3
1348,2023-10-28,Seller 1348,Faisalabad,4.4
1349,2024-12-27,Seller 1349,Lahore,3.6
1350,2023-09-05,Seller 1350,Multan,3.9
1351,2025-02-27,Seller 1351,Faisalabad,3.6
1352,2023-04-21,Seller 1352,Multan,3.8
1353,2023-03-14,Seller 1353,Karachi,4.4
1354,2023-10-10,Seller 1354,Faisalabad,3.6
1355,2025-11-01,Seller 1355,Multan,4.7
1356,2024-01-06,Seller 1356,Karachi,4.6
1357,2023-08-09,Seller 1357,Islamabad,4.2
1358,2023-02-09,Seller 1358,Multan,3.2
1359,2023-02-18,Seller 1359,Multan,4.5
1360,2025-05-11,Seller 1360,Lahore,4.2
1361,2025-09-14,Seller 1361,Karachi,4.4
1362,2024-02-23,Seller 1362,Karachi,3.5
1363,2024-07-07,Seller 1363,Faisalabad,4.2
1364,2025-08-08,Seller 1364,Lahore,3.8
1365,2025-06-11,Seller 1365,Faisalabad,3.1
1366,2023-08-31,Seller 1366,Multan,3.8
1367,2025-10-03,Seller 1367,Lahore,4.3
1368,2025-01-02,Seller 1368,Multan,3.4
1369,2023-05-30,Seller 1369,Multan,3.7
1370,2025-08-03,Seller 1370,Faisalabad,3.3
1371,2024-03-20,Seller 1371,Islamabad,4.0
1372,2025-02-26,Seller 1372,Lahore,3.0
1373,2025-04-11,Seller 1373,Islamabad,3.5
1374,2023-12-17,Seller 1374,Islamabad,3.4
1375,2024-07-28,Seller 1375,Multan,3.2
1376,2024-02-26,Seller 1376,Multan,4.1
1377,2024-08-03,Seller 1377,Karachi,4.3
1378,2024-05-21,Seller 1378,Karachi,4.8
1379,2023-06-26,Seller 1379,Multan,3.8
1380,2023-02-15,Seller 1380,Lahore,4.8
1381,2025-02-19,Seller 1381,Faisalabad,3.0
1382,2025-05-23,Seller 1382,Islamabad,3.1
1383,2023-08-10,Seller 1383,Multan,4.1
1384,2022-12-12,Seller 1384,Faisalabad,4.0
1385,2023-08-01,Seller 1385,Lahore,3.2
1386,2024-11-06,Seller 1386,Faisalabad,3.2
1387,2025-02-22,Seller 1387,Islamabad,4.2
1388,2025-11-08,Seller 1388,Islamabad,3.3
1389,2024-03-05,Seller 1389,Karachi,4.2
1390,2023-06-24,Seller 1390,Faisalabad,3.2
1391,2024-06-09,Seller 1391,Faisalabad,3.9
1392,2024-08-16,Seller 1392,Faisalabad,3.4
1393,2023-09-10,Seller 1393,Islamabad,4.1
1394,2024-12-22,Seller 1394,Multan,3.0
1395,2025-01-28,Seller 1395,Karachi,3.9
1396,2023-05-04,Seller 1396,Islamabad,5.0
1397,2024-03-29,Seller 1397,Islamabad,4.3
1398,2024-03-25,Seller 1398,Karachi,4.0
1399,2023-11-25,Seller 1399,Faisalabad,3.1
1400,2024-09-09,Seller 1400,Islamabad,4.1
1401,2025-05-05,Seller 1401,Multan,4.8
1402,2025-03-03,Seller 1402,Multan,3.4
1403,2023-08-22,Seller 1403,Karachi,4.3
1404,2024-10-21,Seller 1404,Islamabad,3.5
1405,2024-10-26,Seller 1405,Faisalabad,4.1
1406,2024-10-28,Seller 1406,Karachi,3.5
1407,2023-08-03,Seller 1407,Multan,3.5
1408,2025-06-12,Seller 1408,Faisalabad,4.8
1409,2023-11-08,Seller 1409,Lahore,3.3
1410,2023-03-11,Seller 1410,Lahore,4.4
1411,2023-12-30,Seller 1411,Faisalabad,3.8
1412,2023-12-24,Seller 1412,Karachi,3.2
1413,2025-03-16,Seller 1413,Lahore,4.7
1414,2023-05-21,Seller 1414,Faisalabad,3.5
1415,2024-11-21,Seller 1415,Lahore,4.7
1416,2023-01-12,Seller 1416,Karachi,4.7
1417,2025-05-19,Seller 1417,Lahore,4.5
1418,2023-12-31,Seller 1418,Faisalabad,4.0
1419,2024-05-20,Seller 1419,Karachi,4.7
1420,2025-08-17,Seller 1420,Karachi,3.7
1421,2024-10-18,Seller 1421,Faisalabad,3.8
1422,2025-07-06,Seller 1422,Islamabad,4.0
1423,2025-08-08,Seller 1423,Multan,4.1
1424,2023-07-24,Seller 1424,Faisalabad,4.8
1425,2023-06-16,Seller 1425,Faisalabad,5.0
1426,2023-06-03,Seller 1426,Faisalabad,3.7
1427,2025-07-18,Seller 1427,Faisalabad,4.9
1428,2023-12-23,Seller 1428,Multan,4.1
1429,2024-05-22,Seller 1429,Multan,3.9
1430,2023-10-27,Seller 1430,Islamabad,3.6
1431,2024-11-11,Seller 1431,Lahore,3.1
1432,2024-03-28,Seller 1432,Lahore,3.1
1433,2024-07-08,Seller 1433,Faisalabad,4.2
1434,2025-06-04,Seller 1434,Karachi,3.9
1435,2023-03-16,Seller 1435,Islamabad,3.6
1436,2025-10-17,Seller 1436,Multan,4.5
1437,2025-09-26,Seller 1437,Multan,4.1
1438,2024-12-15,Seller 1438,Faisalabad,4.1
1439,2022-12-06,Seller 1439,Lahore,3.9
1440,2024-08-15,Seller 1440,Islamabad,3.1
1441,2024-08-04,Seller 1441,Lahore,4.8
1442,2025-10-22,Seller 1442,Faisalabad,3.5
1443,2023-09-02,Seller 1443,Islamabad,4.0
1444,2023-05-29,Seller 1444,Faisalabad,4.5
1445,2023-09-24,Seller 1445,Lahore,4.1
1446,2024-03-29,Seller 1446,Karachi,4.3
1447,2024-09-11,Seller 1447,Lahore,3.3
1448,2023-12-09,Seller 1448,Lahore,4.6
1449,2024-10-17,Seller 1449,Islamabad,4.3
1450,2025-07-26,Seller 1450,Karachi,3.6
1451,2024-04-10,Seller 1451,Lahore,3.4
1452,2025-07-18,Seller 1452,Karachi,4.7
1453,2025-07-17,Seller 1453,Islamabad,4.3
1454,2023-03-20,Seller 1454,Faisalabad,4.3
1455,2025-01-01,Seller 1455,Karachi,3.6
1456,2025-05-16,Seller 1456,Multan,3.9
1457,2023-09-26,Seller 1457,Faisalabad,3.7
1458,2024-11-24,Seller 1458,Karachi,3.7
1459,2024-10-11,Seller 1459,Lahore,4.8
1460,2023-01-14,Seller 1460,Karachi,4.2
1461,2023-01-25,Seller 1461,Karachi,3.6
1462,2023-02-07,Seller 1462,Lahore,4.5
1463,2025-11-10,Seller 1463,Lahore,4.6
1464,2023-09-30,Seller 1464,Karachi,3.3
1465,2025-06-07,Seller 1465,Multan,3.2
1466,2023-07-16,Seller 1466,Faisalabad,3.7
1467,2024-01-23,Seller 1467,Islamabad,3.7
1468,2024-06-05,Seller 1468,Faisalabad,3.4
1469,2023-08-01,Seller 1469,Karachi,4.6
1470,2023-12-14,Seller 1470,Islamabad,3.1
1471,2025-10-22,Seller 1471,Faisalabad,3.2
1472,2023-06-02,Seller 1472,Faisalabad,3.7
1473,2023-04-01,Seller 1473,Islamabad,3.7
1474,2024-07-28,Seller 1474,Islamabad,3.8
1475,2025-09-16,Seller 1475,Karachi,3.1
1476,2023-04-01,Seller 1476,Islamabad,3.6
1477,2025-07-12,Seller 1477,Multan,4.3
1478,2025-01-03,Seller 1478,Lahore,3.2
1479,2025-09-17,Seller 1479,Multan,4.7
1480,2023-04-12,Seller 1480,Islamabad,4.1
1481,2024-09-24,Seller 1481,Multan,3.9
1482,2024-02-07,Seller 1482,Multan,4.6
1483,2024-05-26,Seller 1483,Multan,4.2
1484,2022-12-07,Seller 1484,Multan,4.0
1485,2024-11-13,Seller 1485,Karachi,3.9
1486,2023-08-03,Seller 1486,Lahore,3.2
1487,2025-09-29,Seller 1487,Faisalabad,3.8
1488,2022-12-23,Seller 1488,Faisalabad,4.5
1489,2025-05-07,Seller 1489,Islamabad,3.5
1490,2023-02-25,Seller 1490,Faisalabad,4.1
1491,2023-11-03,Seller 1491,Karachi,3.2
1492,2025-07-27,Seller 1492,Islamabad,4.1
1493,2023-09-26,Seller 1493,Lahore,3.2
1494,2025-10-09,Seller 1494,Lahore,3.0
1495,2025-02-01,Seller 1495,Faisalabad,4.8
1496,2024-11-13,Seller 1496,Karachi,4.9
1497,2025-04-29,Seller 1497,Multan,3.6
1498,2023-06-09,Seller 1498,Faisalabad,4.7
1499,2024-05-30,Seller 1499,Karachi,4.0
1500,2023-07-18,Seller 1500,Karachi,4.1
1501,2024-12-22,Seller 1501,Faisalabad,3.4
1502,2023-03-02,Seller 1502,Multan,4.6
1503,2025-11-26,Seller 1503,Multan,4.3
1504,2023-09-29,Seller 1504,Karachi,5.0
1505,2022-12-14,Seller 1505,Karachi,3.7
1506,2023-11-20,Seller 1506,Karachi,4.7
1507,2025-02-14,Seller 1507,Karachi,4.3
1508,2023-05-16,Seller 1508,Multan,4.1
1509,2024-11-13,Seller 1509,Multan,4.0
1510,2024-04-24,Seller 1510,Karachi,3.5
1511,2023-03-22,Seller 1511,Faisalabad,4.9
1512,2023-11-24,Seller 1512,Islamabad,4.1
1513,2025-05-25,Seller 1513,Multan,3.5
1514,2023-06-13,Seller 1514,Faisalabad,3.4
1515,2023-06-17,Seller 1515,Multan,3.5
1516,2025-02-05,Seller 1516,Lahore,3.6
1517,2025-01-13,Seller 1517,Lahore,3.8
1518,2025-01-12,Seller 1518,Multan,3.7
1519,2025-05-16,Seller 1519,Multan,3.5
1520,2025-06-14,Seller 1520,Multan,3.8
1521,2024-07-30,Seller 1521,Multan,3.8
1522,2023-04-04,Seller 1522,Multan,3.5
1523,2023-11-12,Seller 1523,Lahore,4.9
1524,2023-01-17,Seller 1524,Faisalabad,3.9
1525,2024-03-29,Seller 1525,Islamabad,4.7
1526,2025-08-04,Seller 1526,Karachi,3.1
1527,2023-04-25,Seller 1527,Islamabad,3.6
1528,2025-01-30,Seller 1528,Multan,3.5
1529,2024-03-17,Seller 1529,Lahore,3.6
1530,2025-08-05,Seller 1530,Multan,3.8
1531,2024-06-17,Seller 1531,Multan,3.5
1532,2024-01-13,Seller 1532,Multan,3.8
1533,2023-09-06,Seller 1533,Faisalabad,4.1
1534,2024-05-19,Seller 1534,Faisalabad,4.7
1535,2024-07-07,Seller 1535,Multan,3.7
1536,2024-03-05,Seller 1536,Lahore,4.4
1537,2024-02-15,Seller 1537,Islamabad,4.8
1538,2023-06-11,Seller 1538,Multan,4.7
1539,2023-10-14,Seller 1539,Islamabad,3.9
1540,2023-01-19,Seller 1540,Faisalabad,3.6
1541,2025-03-22,Seller 1541,Islamabad,4.2
1542,2023-08-23,Seller 1542,Faisalabad,4.2
1543,2025-12-05,Seller 1543,Karachi,3.1
1544,2023-04-03,Seller 1544,Faisalabad,3.3
1545,2025-02-23,Seller 1545,Islamabad,4.7
1546,2023-11-22,Seller 1546,Lahore,3.1
1547,2023-08-07,Seller 1547,Lahore,4.0
1548,2024-03-09,Seller 1548,Multan,4.4
1549,2024-07-04,Seller 1549,Multan,3.7
1550,2025-04-12,Seller 1550,Lahore,3.1
1551,2023-09-06,Seller 1551,Multan,3.7
1552,2024-05-28,Seller 1552,Lahore,4.3
1553,2024-05-01,Seller 1553,Islamabad,3.4
1554,2024-12-05,Seller 1554,Islamabad,3.1
1555,2025-01-13,Seller 1555,Karachi,3.7
1556,2024-10-30,Seller 1556,Lahore,4.9
1557,2025-08-10,Seller 1557,Faisalabad,3.2
1558,2023-04-23,Seller 1558,Multan,3.4
1559,2023-02-01,Seller 1559,Islamabad,3.6
1560,2024-04-02,Seller 1560,Lahore,4.3
1561,2025-09-04,Seller 1561,Karachi,3.6
1562,2024-04-01,Seller 1562,Karachi,3.1
1563,2025-03-31,Seller 1563,Karachi,4.2
1564,2023-07-17,Seller 1564,Karachi,3.2
1565,2024-06-08,Seller 1565,Lahore,3.0
1566,2025-01-31,Seller 1566,Karachi,4.2
1567,2023-10-29,Seller 1567,Multan,4.1
1568,2024-10-30,Seller 1568,Karachi,4.3
1569,2024-07-12,Seller 1569,Islamabad,4.7
1570,2024-08-25,Seller 1570,Islamabad,4.8
1571,2025-05-04,Seller 1571,Islamabad,5.0
1572,2025-01-10,Seller 1572,Faisalabad,3.8
1573,2025-10-06,Seller 1573,Multan,4.1
1574,2023-09-04,Seller 1574,Faisalabad,4.0
1575,2023-06-19,Seller 1575,Multan,3.6
1576,2024-06-08,Seller 1576,Multan,3.7
1577,2023-04-16,Seller 1577,Faisalabad,3.9
1578,2025-11-16,Seller 1578,Islamabad,4.2
1579,2024-10-09,Seller 1579,Faisalabad,3.0
1580,2025-05-17,Seller 1580,Islamabad,3.1
1581,2024-07-13,Seller 1581,Lahore,3.5
1582,2024-07-02,Seller 1582,Faisalabad,4.0
1583,2024-03-27,Seller 1583,Islamabad,4.3
1584,2025-07-09,Seller 1584,Lahore,4.5
1585,2024-01-24,Seller 1585,Lahore,4.2
1586,2025-08-04,Seller 1586,Karachi,3.6
1587,2023-12-19,Seller 1587,Islamabad,3.2
1588,2025-09-28,Seller 1588,Islamabad,4.2
1589,2025-09-24,Seller 1589,Karachi,5.0
1590,2023-05-22,Seller 1590,Multan,4.8
1591,2023-11-21,Seller 1591,Multan,5.0
1592,2024-11-07,Seller 1592,Multan,3.9
1593,2023-02-04,Seller 1593,Faisalabad,4.5
1594,2023-08-10,Seller 1594,Islamabad,3.0
1595,2024-05-15,Seller 1595,Karachi,4.6
1596,2023-11-04,Seller 1596,Faisalabad,4.1
1597,2022-12-08,Seller 1597,Faisalabad,5.0
1598,2024-01-06,Seller 1598,Faisalabad,3.2
1599,2023-02-26,Seller 1599,Islamabad,3.2
1600,2024-03-17,Seller 1600,Faisalabad,4.8
1601,2024-02-26,Seller 1601,Islamabad,3.3
1602,2024-10-08,Seller 1602,Multan,3.9
1603,2025-09-28,Seller 1603,Lahore,5.0
1604,2025-04-12,Seller 1604,Karachi,4.1
1605,2024-01-12,Seller 1605,Multan,4.9
1606,2024-01-15,Seller 1606,Karachi,4.2
1607,2025-03-14,Seller 1607,Karachi,4.0
1608,2023-03-09,Seller 1608,Islamabad,4.2
1609,2025-04-12,Seller 1609,Islamabad,3.4
1610,2025-08-15,Seller 1610,Islamabad,4.0
1611,2023-05-24,Seller 1611,Karachi,3.6
1612,2024-08-23,Seller 1612,Islamabad,4.4
1613,2023-06-05,Seller 1613,Lahore,4.9
1614,2025-11-24,Seller 1614,Faisalabad,4.7
1615,2023-09-13,Seller 1615,Faisalabad,4.4
1616,2023-08-18,Seller 1616,Islamabad,3.8
1617,2025-04-10,Seller 1617,Karachi,5.0
1618,2024-03-20,Seller 1618,Karachi,4.3
1619,2023-05-13,Seller 1619,Multan,3.2
1620,2023-05-26,Seller 1620,Islamabad,4.7
1621,2025-09-08,Seller 1621,Karachi,3.1
1622,2024-12-11,Seller 1622,Karachi,4.8
1623,2023-09-05,Seller 1623,Lahore,4.7
1624,2023-10-16,Seller 1624,Multan,3.8
1625,2025-01-24,Seller 1625,Karachi,4.2
1626,2025-01-31,Seller 1626,Lahore,3.5
1627,2024-09-23,Seller 1627,Multan,3.8
1628,2024-08-02,Seller 1628,Karachi,3.0
1629,2023-05-02,Seller 1629,Multan,3.3
1630,2025-11-05,Seller 1630,Islamabad,4.4
1631,2024-02-29,Seller 1631,Karachi,4.4
1632,2024-07-06,Seller 1632,Islamabad,4.7
1633,2022-12-06,Seller 1633,Karachi,3.6
1634,2023-05-19,Seller 1634,Faisalabad,4.4
1635,2025-08-03,Seller 1635,Islamabad,4.6
1636,2023-01-24,Seller 1636,Karachi,5.0
1637,2024-10-18,Seller 1637,Karachi,4.7
1638,2024-08-05,Seller 1638,Multan,3.9
1639,2023-05-15,Seller 1639,Lahore,4.2
1640,2023-07-12,Seller 1640,Multan,4.9
1641,2024-12-31,Seller 1641,Multan,3.5
1642,2023-09-03,Seller 1642,Karachi,4.2
1643,2024-10-03,Seller 1643,Karachi,3.9
1644,2024-05-06,Seller 1644,Islamabad,4.6
1645,2024-08-10,Seller 1645,Islamabad,3.7
1646,2025-01-07,Seller 1646,Islamabad,3.5
1647,2025-02-27,Seller 1647,Islamabad,4.7
1648,2024-05-17,Seller 1648,Karachi,3.7
1649,2025-08-07,Seller 1649,Faisalabad,4.3
1650,2025-11-07,Seller 1650,Karachi,4.1
1651,2025-04-21,Seller 1651,Karachi,3.4
1652,2023-08-16,Seller 1652,Islamabad,3.4
1653,2023-07-08,Seller 1653,Islamabad,3.5
1654,2025-05-14,Seller 1654,Faisalabad,4.1
1655,2023-04-15,Seller 1655,Faisalabad,3.6
1656,2023-05-05,Seller 1656,Lahore,4.4
1657,2025-08-22,Seller 1657,Multan,4.9
1658,2024-01-03,Seller 1658,Karachi,3.5
1659,2024-07-18,Seller 1659,Faisalabad,3.7
1660,2024-12-31,Seller 1660,Karachi,3.9
1661,2023-10-22,Seller 1661,Faisalabad,3.5
1662,2024-10-14,Seller 1662,Faisalabad,4.0
1663,2023-01-14,Seller 1663,Multan,4.8
1664,2024-01-26,Seller 1664,Islamabad,4.8
1665,2023-05-22,Seller 1665,Islamabad,4.5
1666,2023-08-27,Seller 1666,Islamabad,3.8
1667,2025-08-12,Seller 1667,Multan,4.1
1668,2023-10-22,Seller 1668,Karachi,4.4
1669,2024-11-30,Seller 1669,Faisalabad,3.0
1670,2025-10-18,Seller 1670,Faisalabad,4.9
1671,2024-03-03,Seller 1671,Islamabad,3.2
1672,2025-01-20,Seller 1672,Karachi,4.5
1673,2023-03-04,Seller 1673,Karachi,4.0
1674,2025-11-18,Seller 1674,Lahore,4.8
1675,2025-11-19,Seller 1675,Lahore,3.9
1676,2024-04-10,Seller 1676,Karachi,3.5
1677,2023-03-21,Seller 1677,Lahore,4.3
1678,2024-11-27,Seller 1678,Faisalabad,3.7
1679,2025-06-02,Seller 1679,Lahore,3.8
1680,2024-06-10,Seller 1680,Karachi,3.2
1681,2024-04-21,Seller 1681,Faisalabad,3.3
1682,2025-02-15,Seller 1682,Multan,4.7
1683,2023-01-26,Seller 1683,Karachi,3.7
1684,2025-12-01,Seller 1684,Karachi,3.4
1685,2025-01-10,Seller 1685,Lahore,4.0
1686,2024-07-26,Seller 1686,Islamabad,3.7
1687,2025-01-28,Seller 1687,Multan,3.3
1688,2023-04-03,Seller 1688,Faisalabad,4.1
1689,2024-09-16,Seller 1689,Multan,4.0
1690,2023-01-01,Seller 1690,Faisalabad,3.9
1691,2024-04-26,Seller 1691,Lahore,3.9
1692,2025-03-03,Seller 1692,Lahore,4.4
1693,2023-01-29,Seller 1693,Islamabad,3.6
1694,2023-11-02,Seller 1694,Faisalabad,4.9
1695,2025-11-19,Seller 1695,Multan,4.9
1696,2024-02-20,Seller 1696,Multan,3.0
1697,2023-05-19,Seller 1697,Karachi,3.1
1698,2025-08-22,Seller 1698,Lahore,3.7
1699,2025-11-09,Seller 1699,Multan,3.1
1700,2024-11-13,Seller 1700,Faisalabad,4.3
1701,2023-03-18,Seller 1701,Islamabad,4.0
1702,2023-02-14,Seller 1702,Multan,3.9
1703,2023-05-25,Seller 1703,Lahore,4.5
1704,2023-03-04,Seller 1704,Islamabad,4.0
1705,2023-01-09,Seller 1705,Karachi,3.5
1706,2025-11-10,Seller 1706,Faisalabad,3.8
1707,2025-03-25,Seller 1707,Karachi,3.1
1708,2023-07-21,Seller 1708,Multan,3.6
1709,2023-03-07,Seller 1709,Faisalabad,4.6
1710,2023-11-14,Seller 1710,Faisalabad,3.7
1711,2025-11-25,Seller 1711,Lahore,4.0
1712,2024-09-11,Seller 1712,Islamabad,3.3
1713,2024-08-30,Seller 1713,Multan,3.5
1714,2023-01-23,Seller 1714,Lahore,3.1
1715,2024-04-16,Seller 1715,Multan,3.4
1716,2024-08-01,Seller 1716,Lahore,3.7
1717,2022-12-20,Seller 1717,Islamabad,3.7
1718,2024-04-02,Seller 1718,Faisalabad,3.4
1719,2024-11-30,Seller 1719,Faisalabad,4.8
1720,2024-03-16,Seller 1720,Karachi,3.8
1721,2025-04-09,Seller 1721,Faisalabad,4.6
1722,2024-01-06,Seller 1722,Multan,4.6
1723,2023-01-15,Seller 1723,Multan,3.2
1724,2023-03-15,Seller 1724,Islamabad,4.8
1725,2023-05-22,Seller 1725,Lahore,3.3
1726,2024-09-02,Seller 1726,Multan,3.2
1727,2024-03-12,Seller 1727,Karachi,3.0
1728,2023-08-22,Seller 1728,Lahore,4.8
1729,2023-01-06,Seller 1729,Islamabad,4.7
1730,2024-09-05,Seller 1730,Lahore,4.7
1731,2023-04-24,Seller 1731,Multan,3.2
1732,2025-09-30,Seller 1732,Lahore,4.1
1733,2024-03-05,Seller 1733,Karachi,3.6
1734,2025-06-17,Seller 1734,Karachi,5.0
1735,2025-06-02,Seller 1735,Lahore,3.3
1736,2023-02-28,Seller 1736,Lahore,3.9
1737,2023-11-24,Seller 1737,Karachi,4.0
1738,2023-09-28,Seller 1738,Multan,4.8
1739,2025-09-20,Seller 1739,Karachi,4.3
1740,2025-04-27,Seller 1740,Islamabad,3.4
1741,2025-06-05,Seller 1741,Multan,3.1
1742,2025-11-16,Seller 1742,Karachi,4.3
1743,2023-09-11,Seller 1743,Multan,4.3
1744,2025-02-03,Seller 1744,Islamabad,3.0
1745,2024-07-29,Seller 1745,Islamabad,3.1
1746,2023-02-11,Seller 1746,Lahore,3.3
1747,2023-03-24,Seller 1747,Lahore,4.3
1748,2025-06-12,Seller 1748,Multan,4.8
1749,2024-06-22,Seller 1749,Islamabad,4.0
1750,2023-10-30,Seller 1750,Islamabad,4.1
1751,2024-02-15,Seller 1751,Islamabad,3.3
1752,2023-04-07,Seller 1752,Karachi,3.8
1753,2023-07-15,Seller 1753,Faisalabad,4.3
1754,2024-04-29,Seller 1754,Karachi,3.4
1755,2025-03-09,Seller 1755,Lahore,4.4
1756,2024-09-19,Seller 1756,Lahore,4.8
1757,2023-06-21,Seller 1757,Karachi,3.1
1758,2024-04-02,Seller 1758,Karachi,3.9
1759,2023-11-06,Seller 1759,Multan,3.5
1760,2025-05-28,Seller 1760,Islamabad,4.3
1761,2023-08-30,Seller 1761,Faisalabad,4.9
1762,2025-03-22,Seller 1762,Multan,3.1
1763,2024-08-10,Seller 1763,Karachi,4.4
1764,2023-12-29,Seller 1764,Karachi,4.7
1765,2025-11-16,Seller 1765,Islamabad,3.9
1766,2024-09-04,Seller 1766,Karachi,3.3
1767,2025-09-19,Seller 1767,Islamabad,4.8
1768,2025-01-05,Seller 1768,Lahore,3.7
1769,2023-06-06,Seller 1769,Faisalabad,3.0
1770,2023-08-13,Seller 1770,Islamabad,4.9
1771,2024-07-11,Seller 1771,Faisalabad,3.0
1772,2024-08-10,Seller 1772,Faisalabad,3.3
1773,2023-05-09,Seller 1773,Islamabad,5.0
1774,2025-08-14,Seller 1774,Faisalabad,3.0
1775,2023-11-24,Seller 1775,Karachi,4.3
1776,2022-12-24,Seller 1776,Lahore,3.4
1777,2023-03-09,Seller 1777,Islamabad,3.1
1778,2024-03-26,Seller 1778,Multan,4.2
1779,2024-06-05,Seller 1779,Karachi,3.2
1780,2024-09-06,Seller 1780,Faisalabad,3.3
1781,2024-08-14,Seller 1781,Multan,3.9
1782,2025-09-18,Seller 1782,Faisalabad,3.7
1783,2023-10-14,Seller 1783,Karachi,3.5
1784,2025-04-22,Seller 1784,Karachi,4.2
1785,2023-08-15,Seller 1785,Karachi,3.4
1786,2024-03-01,Seller 1786,Lahore,4.5
1787,2025-09-27,Seller 1787,Islamabad,3.5
1788,2022-12-23,Seller 1788,Karachi,4.3
1789,2025-07-27,Seller 1789,Multan,4.4
1790,2024-05-29,Seller 1790,Islamabad,4.1
1791,2024-02-01,Seller 1791,Faisalabad,4.3
1792,2025-06-08,Seller 1792,Multan,4.4
1793,2025-02-26,Seller 1793,Karachi,3.6
1794,2023-07-17,Seller 1794,Islamabad,4.7
1795,2023-11-30,Seller 1795,Karachi,3.5
1796,2023-08-13,Seller 1796,Islamabad,4.2
1797,2024-09-21,Seller 1797,Multan,5.0
1798,2023-03-01,Seller 1798,Islamabad,3.6
1799,2023-05-15,Seller 1799,Faisalabad,3.5
1800,2025-09-23,Seller 1800,Lahore,3.4
1801,2025-11-18,Seller 1801,Multan,4.5
1802,2025-08-22,Seller 1802,Islamabad,3.9
1803,2025-07-17,Seller 1803,Islamabad,3.5
1804,2025-06-27,Seller 1804,Faisalabad,4.1
1805,2024-06-27,Seller 1805,Karachi,4.7
1806,2025-06-22,Seller 1806,Islamabad,3.2
1807,2024-10-20,Seller 1807,Lahore,3.5
1808,2025-07-01,Seller 1808,Karachi,4.2
1809,2024-03-19,Seller 1809,Karachi,3.6
1810,2025-04-18,Seller 1810,Faisalabad,4.6
1811,2023-07-11,Seller 1811,Faisalabad,3.4
1812,2023-10-11,Seller 1812,Islamabad,4.9
1813,2024-11-30,Seller 1813,Faisalabad,4.1
1814,2023-07-07,Seller 1814,Islamabad,4.1
1815,2024-10-01,Seller 1815,Lahore,4.2
1816,2025-03-28,Seller 1816,Islamabad,3.2
1817,2025-07-22,Seller 1817,Islamabad,4.5
1818,2025-03-02,Seller 1818,Faisalabad,4.7
1819,2024-06-10,Seller 1819,Faisalabad,3.7
1820,2022-12-22,Seller 1820,Islamabad,3.0
1821,2024-08-08,Seller 1821,Faisalabad,4.8
1822,2025-06-06,Seller 1822,Multan,4.2
1823,2024-10-14,Seller 1823,Islamabad,3.4
1824,2024-09-15,Seller 1824,Islamabad,4.3
1825,2024-09-29,Seller 1825,Karachi,3.0
1826,2025-07-21,Seller 1826,Multan,4.3
1827,2023-11-19,Seller 1827,Lahore,3.5
1828,2023-09-08,Seller 1828,Lahore,3.8
1829,2024-09-28,Seller 1829,Faisalabad,4.3
1830,2025-11-30,Seller 1830,Multan,3.4
1831,2024-01-09,Seller 1831,Lahore,4.9
1832,2023-11-29,Seller 1832,Lahore,4.9
1833,2024-03-21,Seller 1833,Karachi,4.2
1834,2024-10-04,Seller 1834,Multan,3.9
1835,2025-09-25,Seller 1835,Lahore,3.3
1836,2023-11-15,Seller 1836,Multan,3.7
1837,2025-05-05,Seller 1837,Multan,4.3
1838,2023-01-15,Seller 1838,Multan,4.9
1839,2023-08-26,Seller 1839,Lahore,3.2
1840,2024-06-27,Seller 1840,Lahore,3.7
1841,2025-10-04,Seller 1841,Karachi,4.5
1842,2024-02-27,Seller 1842,Islamabad,3.8
1843,2023-10-20,Seller 1843,Multan,3.3
1844,2025-04-15,Seller 1844,Multan,3.9
1845,2023-10-03,Seller 1845,Islamabad,4.9
1846,2024-01-06,Seller 1846,Faisalabad,3.1
1847,2025-03-08,Seller 1847,Multan,3.9
1848,2023-01-18,Seller 1848,Karachi,3.9
1849,2025-09-03,Seller 1849,Lahore,3.2
1850,2023-04-29,Seller 1850,Faisalabad,4.2
1851,2024-04-11,Seller 1851,Lahore,3.9
1852,2023-08-16,Seller 1852,Islamabad,5.0
1853,2023-06-09,Seller 1853,Faisalabad,4.5
1854,2024-11-02,Seller 1854,Islamabad,3.5
1855,2024-02-26,Seller 1855,Faisalabad,4.0
1856,2025-01-25,Seller 1856,Lahore,4.6
1857,2025-01-10,Seller 1857,Lahore,3.3
1858,2024-01-30,Seller 1858,Multan,4.3
1859,2025-11-05,Seller 1859,Faisalabad,3.1
1860,2025-06-09,Seller 1860,Karachi,4.7
1861,2023-10-13,Seller 1861,Islamabad,3.4
1862,2023-12-17,Seller 1862,Karachi,4.4
1863,2024-07-07,Seller 1863,Faisalabad,4.2
1864,2024-12-19,Seller 1864,Karachi,3.6
1865,2024-05-18,Seller 1865,Islamabad,3.9
1866,2024-08-22,Seller 1866,Islamabad,4.5
1867,2025-07-01,Seller 1867,Islamabad,3.1
1868,2023-05-18,Seller 1868,Faisalabad,4.8
1869,2024-07-05,Seller 1869,Faisalabad,4.6
1870,2024-09-09,Seller 1870,Karachi,4.0
1871,2024-09-08,Seller 1871,Faisalabad,3.7
1872,2024-06-18,Seller 1872,Islamabad,3.7
1873,2023-07-26,Seller 1873,Islamabad,4.0
1874,2025-06-21,Seller 1874,Lahore,3.7
1875,2023-05-31,Seller 1875,Multan,4.8
1876,2023-12-08,Seller 1876,Multan,4.8
1877,2024-04-24,Seller 1877,Faisalabad,3.8
1878,2025-01-17,Seller 1878,Multan,3.7
1879,2023-02-11,Seller 1879,Multan,4.9
1880,2023-06-25,Seller 1880,Karachi,4.2
1881,2022-12-12,Seller 1881,Multan,3.2
1882,2024-06-28,Seller 1882,Islamabad,4.6
1883,2023-01-31,Seller 1883,Multan,4.9
1884,2024-12-18,Seller 1884,Karachi,3.3
1885,2024-10-09,Seller 1885,Multan,3.3
1886,2025-08-10,Seller 1886,Multan,5.0
1887,2023-08-27,Seller 1887,Karachi,3.4
1888,2024-04-03,Seller 1888,Faisalabad,3.5
1889,2024-08-09,Seller 1889,Karachi,4.9
1890,2023-11-09,Seller 1890,Karachi,3.7
1891,2023-04-08,Seller 1891,Multan,4.1
1892,2023-03-20,Seller 1892,Lahore,4.7
1893,2024-02-13,Seller 1893,Karachi,4.8
1894,2024-10-04,Seller 1894,Faisalabad,4.4
1895,2023-04-09,Seller 1895,Faisalabad,3.6
1896,2025-10-18,Seller 1896,Faisalabad,3.6
1897,2024-10-08,Seller 1897,Islamabad,4.4
1898,2024-03-25,Seller 1898,Faisalabad,3.5
1899,2024-07-16,Seller 1899,Multan,4.6
1900,2025-11-06,Seller 1900,Multan,3.2
1901,2024-08-11,Seller 1901,Karachi,3.4
1902,2023-02-23,Seller 1902,Faisalabad,3.6
1903,2024-01-07,Seller 1903,Karachi,4.1
1904,2025-07-28,Seller 1904,Lahore,4.5
1905,2023-05-22,Seller 1905,Lahore,4.2
1906,2023-01-19,Seller 1906,Multan,4.8
1907,2023-11-16,Seller 1907,Multan,3.0
1908,2024-01-22,Seller 1908,Islamabad,5.0
1909,2025-02-17,Seller 1909,Islamabad,4.1
1910,2023-01-26,Seller 1910,Karachi,3.0
1911,2024-10-20,Seller 1911,Islamabad,4.0
1912,2025-09-02,Seller 1912,Lahore,3.1
1913,2022-12-27,Seller 1913,Karachi,3.6
1914,2022-12-11,Seller 1914,Karachi,3.7
1915,2024-02-08,Seller 1915,Islamabad,4.4
1916,2024-03-17,Seller 1916,Faisalabad,4.1
1917,2025-09-10,Seller 1917,Islamabad,3.7
1918,2023-10-05,Seller 1918,Karachi,4.7
1919,2023-11-27,Seller 1919,Islamabad,4.6
1920,2025-04-18,Seller 1920,Lahore,4.5
1921,2023-11-06,Seller 1921,Multan,4.6
1922,2024-08-05,Seller 1922,Multan,3.0
1923,2025-02-11,Seller 1923,Faisalabad,4.8
1924,2025-06-15,Seller 1924,Lahore,4.7
1925,2024-06-05,Seller 1925,Lahore,3.6
1926,2024-03-19,Seller 1926,Karachi,4.4
1927,2024-01-25,Seller 1927,Lahore,4.2
1928,2023-05-03,Seller 1928,Karachi,4.4
1929,2025-01-29,Seller 1929,Karachi,4.6
1930,2023-05-14,Seller 1930,Faisalabad,3.9
1931,2024-08-21,Seller 1931,Islamabad,3.2
1932,2023-07-26,Seller 1932,Lahore,3.9
1933,2024-02-27,Seller 1933,Multan,4.1
1934,2024-06-04,Seller 1934,Multan,3.2
1935,2025-10-25,Seller 1935,Faisalabad,4.3
1936,2024-12-28,Seller 1936,Lahore,4.0
1937,2024-05-30,Seller 1937,Lahore,4.8
1938,2025-07-19,Seller 1938,Karachi,3.4
1939,2024-07-12,Seller 1939,Karachi,4.8
1940,2024-09-16,Seller 1940,Faisalabad,3.4
1941,2023-04-02,Seller 1941,Islamabad,4.5
1942,2023-03-10,Seller 1942,Lahore,4.3
1943,2025-03-31,Seller 1943,Lahore,4.7
1944,2025-06-20,Seller 1944,Faisalabad,3.4
1945,2023-09-10,Seller 1945,Multan,3.2
1946,2023-12-17,Seller 1946,Multan,4.1
1947,2025-06-20,Seller 1947,Islamabad,4.6
1948,2023-05-04,Seller 1948,Multan,3.1
1949,2025-10-11,Seller 1949,Karachi,4.8
1950,2025-10-09,Seller 1950,Karachi,3.7
1951,2024-01-28,Seller 1951,Islamabad,4.4
1952,2025-09-20,Seller 1952,Karachi,3.5
1953,2023-05-23,Seller 1953,Lahore,4.8
1954,2024-09-06,Seller 1954,Lahore,3.0
1955,2024-12-06,Seller 1955,Multan,4.6
1956,2023-09-18,Seller 1956,Lahore,4.5
1957,2023-01-03,Seller 1957,Islamabad,4.0
1958,2023-02-22,Seller 1958,Karachi,4.2
1959,2023-12-13,Seller 1959,Karachi,3.8
1960,2024-04-16,Seller 1960,Karachi,3.4
1961,2023-09-26,Seller 1961,Lahore,4.4
1962,2024-06-03,Seller 1962,Lahore,4.5
1963,2024-04-26,Seller 1963,Karachi,3.4
1964,2025-05-19,Seller 1964,Karachi,3.7
1965,2023-07-29,Seller 1965,Multan,4.7
1966,2025-11-23,Seller 1966,Lahore,4.0
1967,2024-08-03,Seller 1967,Multan,3.8
1968,2024-01-24,Seller 1968,Karachi,3.9
1969,2023-06-17,Seller 1969,Faisalabad,4.6
1970,2025-09-25,Seller 1970,Faisalabad,4.4
1971,2024-01-05,Seller 1971,Lahore,4.9
1972,2023-11-05,Seller 1972,Islamabad,3.3
1973,2025-10-11,Seller 1973,Karachi,3.7
1974,2025-10-28,Seller 1974,Karachi,4.2
1975,2024-06-06,Seller 1975,Islamabad,3.6
1976,2024-12-28,Seller 1976,Islamabad,3.3
1977,2025-02-25,Seller 1977,Lahore,3.4
1978,2025-05-04,Seller 1978,Multan,3.1
1979,2025-01-05,Seller 1979,Faisalabad,3.2
1980,2023-06-04,Seller 1980,Karachi,4.5
1981,2025-06-02,Seller 1981,Faisalabad,3.9
1982,2024-11-17,Seller 1982,Faisalabad,4.7
1983,2023-10-23,Seller 1983,Faisalabad,4.1
1984,2025-11-20,Seller 1984,Karachi,4.4
1985,2025-02-05,Seller 1985,Faisalabad,3.3
1986,2023-12-23,Seller 1986,Faisalabad,3.5
1987,2025-09-14,Seller 1987,Multan,3.7
1988,2023-05-25,Seller 1988,Karachi,4.4
1989,2022-12-30,Seller 1989,Islamabad,3.5
1990,2024-08-29,Seller 1990,Islamabad,4.6
1991,2024-09-28,Seller 1991,Multan,4.2
1992,2024-06-24,Seller 1992,Lahore,3.2
1993,2025-04-20,Seller 1993,Karachi,3.3
1994,2025-07-21,Seller 1994,Karachi,3.8
1995,2023-01-04,Seller 1995,Islamabad,4.7
1996,2023-01-16,Seller 1996,Lahore,4.0
1997,2024-01-21,Seller 1997,Karachi,4.1
1998,2024-03-06,Seller 1998,Lahore,5.0
1999,2023-01-12,Seller 1999,Islamabad,3.7
2000,2024-03-13,Seller 2000,Karachi,3.8
2001,2023-04-02,Seller 2001,Lahore,4.8
2002,2023-12-17,Seller 2002,Multan,3.7
2003,2025-02-19,Seller 2003,Multan,4.3
2004,2024-01-26,Seller 2004,Karachi,3.8
2005,2023-05-02,Seller 2005,Lahore,4.7
2006,2023-09-29,Seller 2006,Multan,3.4
2007,2024-05-02,Seller 2007,Multan,4.6
2008,2025-05-10,Seller 2008,Lahore,3.9
2009,2024-10-11,Seller 2009,Faisalabad,4.8
2010,2023-04-27,Seller 2010,Faisalabad,4.0
2011,2024-09-27,Seller 2011,Karachi,4.0
2012,2024-11-02,Seller 2012,Faisalabad,4.5
2013,2025-10-15,Seller 2013,Karachi,4.2
2014,2025-03-10,Seller 2014,Lahore,3.5
2015,2023-07-02,Seller 2015,Lahore,4.9
2016,2024-03-11,Seller 2016,Islamabad,4.1
2017,2024-08-05,Seller 2017,Lahore,3.1
2018,2025-03-23,Seller 2018,Lahore,3.9
2019,2024-01-09,Seller 2019,Multan,3.8
2020,2025-05-18,Seller 2020,Multan,4.9
2021,2024-05-25,Seller 2021,Faisalabad,3.0
2022,2025-04-08,Seller 2022,Multan,4.2
2023,2024-05-14,Seller 2023,Multan,3.4
2024,2023-04-27,Seller 2024,Faisalabad,3.9
2025,2023-06-11,Seller 2025,Multan,4.5
2026,2023-04-03,Seller 2026,Karachi,4.1
2027,2025-01-31,Seller 2027,Lahore,3.1
2028,2024-12-27,Seller 2028,Karachi,3.4
2029,2023-06-21,Seller 2029,Islamabad,3.3
2030,2024-09-11,Seller 2030,Faisalabad,3.4
2031,2023-10-12,Seller 2031,Islamabad,3.3
2032,2025-06-28,Seller 2032,Lahore,4.7
2033,2023-09-17,Seller 2033,Islamabad,4.1
2034,2025-02-13,Seller 2034,Lahore,3.8
2035,2024-11-27,Seller 2035,Faisalabad,3.8
2036,2023-06-20,Seller 2036,Lahore,3.5
2037,2025-10-19,Seller 2037,Karachi,4.8
2038,2024-02-20,Seller 2038,Faisalabad,3.8
2039,2023-01-18,Seller 2039,Multan,4.5
2040,2023-07-22,Seller 2040,Karachi,4.4
2041,2023-06-27,Seller 2041,Islamabad,3.2
2042,2025-11-07,Seller 2042,Islamabad,3.6
2043,2025-09-17,Seller 2043,Faisalabad,4.2
2044,2023-07-13,Seller 2044,Islamabad,4.8
2045,2023-06-08,Seller 2045,Islamabad,3.9
2046,2022-12-21,Seller 2046,Karachi,3.3
2047,2024-09-14,Seller 2047,Lahore,3.8
2048,2023-09-23,Seller 2048,Lahore,3.0
2049,2024-02-25,Seller 2049,Multan,3.4
2050,2022-12-20,Seller 2050,Karachi,3.3
2051,2022-12-21,Seller 2051,Lahore,3.4
2052,2025-05-01,Seller 2052,Multan,3.3
2053,2024-02-02,Seller 2053,Multan,4.9
2054,2023-04-04,Seller 2054,Islamabad,3.0
2055,2025-01-13,Seller 2055,Karachi,4.9
2056,2023-04-05,Seller 2056,Islamabad,3.7
2057,2023-11-18,Seller 2057,Karachi,4.2
2058,2023-05-27,Seller 2058,Lahore,4.4
2059,2025-09-24,Seller 2059,Islamabad,4.5
2060,2023-09-01,Seller 2060,Multan,5.0
2061,2024-11-03,Seller 2061,Faisalabad,3.7
2062,2025-04-24,Seller 2062,Lahore,3.7
2063,2022-12-21,Seller 2063,Faisalabad,3.3
2064,2023-05-25,Seller 2064,Multan,3.6
2065,2023-09-09,Seller 2065,Islamabad,3.5
2066,2025-03-06,Seller 2066,Karachi,3.5
2067,2023-07-02,Seller 2067,Islamabad,4.0
2068,2024-02-16,Seller 2068,Multan,3.3
2069,2024-02-04,Seller 2069,Faisalabad,4.6
2070,2024-03-09,Seller 2070,Faisalabad,4.7
2071,2024-05-11,Seller 2071,Lahore,4.2
2072,2023-12-12,Seller 2072,Karachi,3.3
2073,2024-12-08,Seller 2073,Islamabad,3.8
2074,2024-05-29,Seller 2074,Karachi,3.3
2075,2024-05-24,Seller 2075,Faisalabad,3.7
2076,2024-11-09,Seller 2076,Faisalabad,3.3
2077,2023-11-04,Seller 2077,Islamabad,3.3
2078,2024-05-12,Seller 2078,Faisalabad,4.5
2079,2024-04-15,Seller 2079,Karachi,3.7
2080,2025-01-12,Seller 2080,Lahore,3.4
2081,2024-05-03,Seller 2081,Karachi,3.3
2082,2023-01-06,Seller 2082,Lahore,3.9
2083,2024-01-27,Seller 2083,Multan,3.2
2084,2023-07-23,Seller 2084,Faisalabad,4.3
2085,2024-12-06,Seller 2085,Multan,4.1
2086,2025-05-20,Seller 2086,Faisalabad,3.3
2087,2024-08-07,Seller 2087,Karachi,4.9
2088,2024-12-04,Seller 2088,Lahore,4.5
2089,2024-09-18,Seller 2089,Multan,4.0
2090,2023-11-16,Seller 2090,Lahore,4.2
2091,2023-03-06,Seller 2091,Islamabad,3.7
2092,2024-09-25,Seller 2092,Lahore,4.4
2093,2024-10-13,Seller 2093,Karachi,4.9
2094,2023-01-19,Seller 2094,Karachi,3.4
2095,2025-08-21,Seller 2095,Multan,4.8
2096,2023-10-01,Seller 2096,Multan,4.4
2097,2024-11-30,Seller 2097,Islamabad,4.8
2098,2023-03-09,Seller 2098,Multan,3.7
2099,2025-09-07,Seller 2099,Lahore,4.6
2100,2023-04-07,Seller 2100,Lahore,3.6
2101,2023-02-21,Seller 2101,Karachi,3.5
2102,2024-11-21,Seller 2102,Karachi,4.4
2103,2025-05-05,Seller 2103,Karachi,4.0
2104,2024-07-12,Seller 2104,Karachi,3.1
2105,2024-05-07,Seller 2105,Islamabad,3.3
2106,2024-02-19,Seller 2106,Faisalabad,3.9
2107,2023-11-08,Seller 2107,Karachi,3.2
2108,2024-06-18,Seller 2108,Faisalabad,4.7
2109,2023-10-09,Seller 2109,Karachi,3.7
2110,2025-04-27,Seller 2110,Multan,3.6
2111,2024-08-27,Seller 2111,Karachi,4.1
2112,2023-05-06,Seller 2112,Faisalabad,3.7
2113,2025-07-14,Seller 2113,Lahore,3.5
2114,2023-05-14,Seller 2114,Faisalabad,3.8
2115,2023-03-12,Seller 2115,Faisalabad,4.4
2116,2024-04-25,Seller 2116,Lahore,4.0
2117,2024-04-24,Seller 2117,Islamabad,5.0
2118,2023-03-21,Seller 2118,Islamabad,4.6
2119,2023-02-22,Seller 2119,Karachi,3.2
2120,2024-02-13,Seller 2120,Islamabad,4.9
2121,2025-05-11,Seller 2121,Multan,4.2
2122,2023-12-06,Seller 2122,Multan,4.3
2123,2023-01-15,Seller 2123,Karachi,4.9
2124,2024-03-21,Seller 2124,Karachi,3.9
2125,2023-08-30,Seller 2125,Multan,4.1
2126,2025-09-28,Seller 2126,Faisalabad,4.4
2127,2024-09-02,Seller 2127,Lahore,3.3
2128,2024-03-24,Seller 2128,Multan,5.0
2129,2024-03-05,Seller 2129,Lahore,4.7
2130,2024-12-17,Seller 2130,Islamabad,3.7
2131,2024-01-21,Seller 2131,Multan,4.3
2132,2023-06-24,Seller 2132,Islamabad,3.3
2133,2025-03-10,Seller 2133,Lahore,4.1
2134,2023-04-05,Seller 2134,Lahore,3.5
2135,2024-11-14,Seller 2135,Islamabad,3.4
2136,2023-02-13,Seller 2136,Islamabad,4.0
2137,2024-11-17,Seller 2137,Multan,3.8
2138,2023-12-02,Seller 2138,Islamabad,4.5
2139,2023-11-06,Seller 2139,Lahore,4.6
2140,2024-05-01,Seller 2140,Lahore,4.7
2141,2023-09-04,Seller 2141,Multan,3.9
2142,2025-08-26,Seller 2142,Karachi,3.1
2143,2025-11-28,Seller 2143,Karachi,3.5
2144,2024-03-17,Seller 2144,Islamabad,4.7
2145,2023-03-21,Seller 2145,Lahore,4.4
2146,2023-06-25,Seller 2146,Lahore,4.0
2147,2025-01-30,Seller 2147,Multan,3.9
2148,2023-09-06,Seller 2148,Islamabad,4.7
2149,2024-08-27,Seller 2149,Multan,4.8
2150,2024-08-31,Seller 2150,Karachi,4.2
2151,2023-07-18,Seller 2151,Multan,3.4
2152,2024-08-29,Seller 2152,Multan,3.8
2153,2023-06-01,Seller 2153,Islamabad,3.9
2154,2024-03-31,Seller 2154,Islamabad,4.6
2155,2023-11-09,Seller 2155,Multan,3.9
2156,2023-09-22,Seller 2156,Multan,4.6
2157,2024-02-10,Seller 2157,Faisalabad,4.1
2158,2024-08-03,Seller 2158,Karachi,3.4
2159,2025-08-22,Seller 2159,Karachi,3.5
2160,2024-06-15,Seller 2160,Multan,3.8
2161,2025-05-14,Seller 2161,Multan,4.0
2162,2023-05-01,Seller 2162,Faisalabad,4.3
2163,2024-09-04,Seller 2163,Faisalabad,3.2
2164,2025-08-22,Seller 2164,Lahore,4.0
2165,2025-07-31,Seller 2165,Lahore,4.5
2166,2024-03-05,Seller 2166,Faisalabad,4.2
2167,2024-08-18,Seller 2167,Islamabad,3.6
2168,2024-11-18,Seller 2168,Karachi,4.7
2169,2024-06-01,Seller 2169,Karachi,3.4
2170,2023-01-24,Seller 2170,Lahore,4.8
2171,2023-07-22,Seller 2171,Lahore,3.6
2172,2024-09-22,Seller 2172,Lahore,3.0
2173,2025-01-09,Seller 2173,Islamabad,4.2
2174,2023-07-15,Seller 2174,Karachi,4.5
2175,2023-11-02,Seller 2175,Multan,4.8
2176,2023-10-26,Seller 2176,Islamabad,3.9
2177,2025-06-08,Seller 2177,Multan,4.3
2178,2025-09-02,Seller 2178,Lahore,3.1
2179,2024-06-15,Seller 2179,Karachi,3.4
2180,2023-05-04,Seller 2180,Karachi,4.1
2181,2023-04-14,Seller 2181,Multan,4.6
2182,2023-05-25,Seller 2182,Lahore,4.5
2183,2025-11-29,Seller 2183,Multan,5.0
2184,2025-07-14,Seller 2184,Karachi,4.0
2185,2023-04-29,Seller 2185,Faisalabad,4.6
2186,2023-01-20,Seller 2186,Lahore,3.6
2187,2023-11-21,Seller 2187,Faisalabad,3.2
2188,2025-11-03,Seller 2188,Karachi,4.5
2189,2025-04-04,Seller 2189,Faisalabad,4.5
2190,2024-02-02,Seller 2190,Multan,3.9
2191,2024-07-07,Seller 2191,Lahore,4.7
2192,2022-12-12,Seller 2192,Lahore,4.2
2193,2023-01-05,Seller 2193,Multan,3.3
2194,2023-09-03,Seller 2194,Islamabad,4.9
2195,2025-04-24,Seller 2195,Karachi,4.1
2196,2025-08-09,Seller 2196,Karachi,3.6
2197,2023-02-20,Seller 2197,Multan,3.6
2198,2024-12-18,Seller 2198,Lahore,4.1
2199,2025-06-29,Seller 2199,Karachi,4.3
2200,2023-01-15,Seller 2200,Lahore,4.6
2201,2023-06-17,Seller 2201,Islamabad,4.8
2202,2024-09-17,Seller 2202,Lahore,4.1
2203,2025-11-03,Seller 2203,Islamabad,3.7
2204,2023-04-13,Seller 2204,Islamabad,3.4
2205,2025-03-02,Seller 2205,Lahore,3.6
2206,2023-05-19,Seller 2206,Karachi,3.9
2207,2023-07-18,Seller 2207,Faisalabad,3.1
2208,2025-09-27,Seller 2208,Lahore,4.6
2209,2024-05-23,Seller 2209,Multan,3.6
2210,2024-08-15,Seller 2210,Faisalabad,4.5
2211,2024-07-15,Seller 2211,Karachi,3.1
2212,2025-01-04,Seller 2212,Islamabad,3.7
2213,2024-06-10,Seller 2213,Islamabad,4.1
2214,2022-12-16,Seller 2214,Multan,3.3
2215,2024-05-19,Seller 2215,Karachi,3.5
2216,2025-09-21,Seller 2216,Karachi,3.7
2217,2023-07-06,Seller 2217,Lahore,3.6
2218,2023-05-12,Seller 2218,Karachi,4.4
2219,2025-08-23,Seller 2219,Multan,4.3
2220,2024-11-21,Seller 2220,Multan,4.2
2221,2023-03-05,Seller 2221,Faisalabad,4.2
2222,2024-10-14,Seller 2222,Faisalabad,4.8
2223,2023-05-07,Seller 2223,Karachi,4.0
2224,2024-12-26,Seller 2224,Multan,3.1
2225,2025-07-16,Seller 2225,Karachi,3.2
2226,2023-02-13,Seller 2226,Karachi,3.3
2227,2023-02-15,Seller 2227,Faisalabad,3.8
2228,2024-04-14,Seller 2228,Islamabad,4.2
2229,2025-05-25,Seller 2229,Islamabad,3.0
2230,2023-05-21,Seller 2230,Islamabad,4.9
2231,2023-01-09,Seller 2231,Karachi,5.0
2232,2023-08-23,Seller 2232,Karachi,4.4
2233,2024-10-24,Seller 2233,Lahore,4.7
2234,2023-12-07,Seller 2234,Islamabad,3.1
2235,2024-07-11,Seller 2235,Lahore,3.1
2236,2025-06-18,Seller 2236,Lahore,4.4
2237,2025-07-15,Seller 2237,Karachi,3.5
2238,2024-01-20,Seller 2238,Karachi,4.7
2239,2023-11-25,Seller 2239,Multan,4.7
2240,2025-10-14,Seller 2240,Lahore,3.0
2241,2023-11-13,Seller 2241,Lahore,4.6
2242,2023-03-02,Seller 2242,Multan,3.1
2243,2024-07-19,Seller 2243,Lahore,4.7
2244,2023-08-10,Seller 2244,Multan,3.8
2245,2023-07-01,Seller 2245,Lahore,3.5
2246,2025-11-22,Seller 2246,Karachi,4.9
2247,2023-02-14,Seller 2247,Karachi,4.8
2248,2023-11-01,Seller 2248,Faisalabad,5.0
2249,2024-08-29,Seller 2249,Islamabad,4.8
2250,2024-05-07,Seller 2250,Faisalabad,3.9
2251,2024-08-20,Seller 2251,Lahore,4.9
2252,2025-03-27,Seller 2252,Karachi,4.3
2253,2025-06-17,Seller 2253,Islamabad,3.2
2254,2023-08-29,Seller 2254,Multan,4.5
2255,2024-06-20,Seller 2255,Karachi,4.9
2256,2025-07-20,Seller 2256,Karachi,4.9
2257,2024-06-17,Seller 2257,Lahore,4.9
2258,2025-03-04,Seller 2258,Islamabad,3.6
2259,2024-05-09,Seller 2259,Faisalabad,5.0
2260,2024-12-07,Seller 2260,Islamabad,3.6
2261,2025-10-06,Seller 2261,Islamabad,4.0
2262,2025-06-25,Seller 2262,Islamabad,3.6
2263,2023-05-23,Seller 2263,Karachi,4.2
2264,2024-08-12,Seller 2264,Multan,3.9
2265,2024-03-10,Seller 2265,Faisalabad,4.9
2266,2024-03-13,Seller 2266,Faisalabad,3.7
2267,2025-06-27,Seller 2267,Karachi,5.0
2268,2024-10-10,Seller 2268,Faisalabad,3.1
2269,2023-04-29,Seller 2269,Multan,4.7
2270,2025-06-04,Seller 2270,Islamabad,4.3
2271,2025-07-24,Seller 2271,Karachi,3.1
2272,2024-02-14,Seller 2272,Karachi,4.2
2273,2024-12-10,Seller 2273,Faisalabad,3.7
2274,2024-06-30,Seller 2274,Multan,4.9
2275,2025-08-02,Seller 2275,Islamabad,3.8
2276,2023-03-20,Seller 2276,Lahore,3.7
2277,2025-09-29,Seller 2277,Multan,3.6
2278,2023-01-27,Seller 2278,Lahore,4.4
2279,2023-03-20,Seller 2279,Islamabad,4.1
2280,2023-08-17,Seller 2280,Multan,3.7
2281,2024-01-29,Seller 2281,Lahore,4.6
2282,2024-07-25,Seller 2282,Faisalabad,4.6
2283,2024-05-30,Seller 2283,Islamabad,4.6
2284,2023-06-02,Seller 2284,Lahore,3.8
2285,2025-11-27,Seller 2285,Islamabad,3.2
2286,2023-10-14,Seller 2286,Islamabad,3.8
2287,2025-01-18,Seller 2287,Multan,4.2
2288,2024-12-11,Seller 2288,Karachi,4.7
2289,2023-04-26,Seller 2289,Islamabad,3.6
2290,2025-05-16,Seller 2290,Karachi,4.0
2291,2024-06-06,Seller 2291,Faisalabad,3.9
2292,2024-09-03,Seller 2292,Islamabad,4.4
2293,2025-01-27,Seller 2293,Islamabad,4.1
2294,2025-02-23,Seller 2294,Lahore,3.2
2295,2025-09-17,Seller 2295,Islamabad,3.2
2296,2024-09-07,Seller 2296,Islamabad,4.3
2297,2023-07-01,Seller 2297,Karachi,4.9
2298,2025-01-15,Seller 2298,Karachi,3.2
2299,2025-02-01,Seller 2299,Karachi,3.9
2300,2023-04-30,Seller 2300,Islamabad,3.0
2301,2025-05-02,Seller 2301,Faisalabad,3.0
2302,2023-07-04,Seller 2302,Karachi,5.0
2303,2025-08-17,Seller 2303,Lahore,3.1
2304,2025-03-10,Seller 2304,Lahore,4.4
2305,2024-05-23,Seller 2305,Multan,3.5
2306,2025-04-09,Seller 2306,Karachi,4.9
2307,2024-09-15,Seller 2307,Multan,4.9
2308,2024-04-09,Seller 2308,Karachi,4.1
2309,2023-02-17,Seller 2309,Lahore,3.6
2310,2025-06-05,Seller 2310,Multan,4.8
2311,2025-10-05,Seller 2311,Faisalabad,3.5
2312,2023-09-24,Seller 2312,Karachi,4.1
2313,2024-01-08,Seller 2313,Islamabad,3.1
2314,2024-06-02,Seller 2314,Islamabad,4.9
2315,2025-10-05,Seller 2315,Islamabad,3.0
2316,2024-03-01,Seller 2316,Lahore,3.7
2317,2023-09-29,Seller 2317,Multan,4.1
2318,2023-05-06,Seller 2318,Karachi,4.8
2319,2025-09-16,Seller 2319,Lahore,3.7
2320,2025-07-19,Seller 2320,Faisalabad,4.6
2321,2023-07-12,Seller 2321,Karachi,3.8
2322,2024-09-13,Seller 2322,Islamabad,4.9
2323,2025-01-18,Seller 2323,Karachi,4.2
2324,2023-09-06,Seller 2324,Faisalabad,4.7
2325,2025-01-29,Seller 2325,Multan,4.3
2326,2023-12-23,Seller 2326,Multan,4.9
2327,2023-05-18,Seller 2327,Faisalabad,4.5
2328,2024-05-14,Seller 2328,Islamabad,3.8
2329,2025-05-25,Seller 2329,Lahore,4.4
2330,2025-04-20,Seller 2330,Islamabad,4.7
2331,2025-02-11,Seller 2331,Lahore,3.8
2332,2024-07-27,Seller 2332,Lahore,4.5
2333,2025-04-23,Seller 2333,Multan,3.5
2334,2025-09-18,Seller 2334,Multan,3.8
2335,2023-06-27,Seller 2335,Lahore,3.5
2336,2025-07-23,Seller 2336,Faisalabad,3.6
2337,2025-06-21,Seller 2337,Faisalabad,3.7
2338,2023-04-17,Seller 2338,Islamabad,4.1
2339,2023-02-04,Seller 2339,Karachi,3.5
2340,2023-07-30,Seller 2340,Karachi,3.8
2341,2024-09-19,Seller 2341,Lahore,4.0
2342,2025-06-17,Seller 2342,Islamabad,4.1
2343,2025-05-04,Seller 2343,Faisalabad,4.7
2344,2025-02-27,Seller 2344,Lahore,4.0
2345,2025-10-17,Seller 2345,Islamabad,3.0
2346,2024-01-28,Seller 2346,Faisalabad,3.4
2347,2023-09-06,Seller 2347,Islamabad,3.1
2348,2025-07-19,Seller 2348,Islamabad,3.0
2349,2024-01-01,Seller 2349,Faisalabad,3.9
2350,2024-05-11,Seller 2350,Karachi,3.3
2351,2023-10-27,Seller 2351,Faisalabad,4.4
2352,2025-11-11,Seller 2352,Islamabad,4.6
2353,2025-01-05,Seller 2353,Lahore,4.6
2354,2023-05-02,Seller 2354,Multan,3.3
2355,2023-10-28,Seller 2355,Karachi,4.8
2356,2025-03-22,Seller 2356,Lahore,4.8
2357,2023-12-10,Seller 2357,Faisalabad,3.9
2358,2023-01-05,Seller 2358,Islamabad,3.1
2359,2022-12-09,Seller 2359,Lahore,3.9
2360,2025-03-16,Seller 2360,Lahore,4.6
2361,2025-07-17,Seller 2361,Multan,4.0
2362,2024-11-20,Seller 2362,Faisalabad,4.3
2363,2025-05-19,Seller 2363,Lahore,3.7
2364,2023-01-28,Seller 2364,Islamabad,4.3
2365,2023-02-14,Seller 2365,Lahore,3.0
2366,2025-07-14,Seller 2366,Islamabad,3.3
2367,2024-08-12,Seller 2367,Karachi,3.5
2368,2025-03-25,Seller 2368,Islamabad,4.3
2369,2024-04-20,Seller 2369,Karachi,4.8
2370,2024-11-02,Seller 2370,Multan,3.6
2371,2025-01-03,Seller 2371,Karachi,4.1
2372,2023-09-21,Seller 2372,Karachi,3.8
2373,2023-05-30,Seller 2373,Islamabad,4.3
2374,2025-03-29,Seller 2374,Islamabad,3.7
2375,2023-11-02,Seller 2375,Islamabad,4.6
2376,2024-09-22,Seller 2376,Faisalabad,3.1
2377,2025-11-14,Seller 2377,Lahore,5.0
2378,2025-11-02,Seller 2378,Islamabad,4.4
2379,2025-06-16,Seller 2379,Karachi,3.9
2380,2025-04-13,Seller 2380,Karachi,4.0
2381,2024-02-19,Seller 2381,Lahore,4.4
2382,2024-07-23,Seller 2382,Islamabad,4.3
2383,2025-06-07,Seller 2383,Multan,4.5
2384,2023-04-06,Seller 2384,Lahore,3.7
2385,2024-10-07,Seller 2385,Lahore,4.8
2386,2023-04-01,Seller 2386,Faisalabad,4.9
2387,2023-06-29,Seller 2387,Multan,3.0
2388,2024-04-28,Seller 2388,Multan,3.8
2389,2025-11-04,Seller 2389,Multan,4.0
2390,2023-04-01,Seller 2390,Lahore,3.2
2391,2023-04-06,Seller 2391,Islamabad,3.3
2392,2024-02-06,Seller 2392,Islamabad,3.7
2393,2024-12-23,Seller 2393,Karachi,3.7
2394,2025-04-16,Seller 2394,Karachi,4.4
2395,2024-11-08,Seller 2395,Faisalabad,4.5
2396,2024-04-21,Seller 2396,Islamabad,3.5
2397,2025-05-22,Seller 2397,Faisalabad,3.2
2398,2023-02-22,Seller 2398,Faisalabad,3.2
2399,2025-10-15,Seller 2399,Lahore,3.1
2400,2025-03-19,Seller 2400,Multan,5.0
2401,2024-09-14,Seller 2401,Karachi,3.1
2402,2024-01-24,Seller 2402,Multan,4.6
2403,2024-10-18,Seller 2403,Faisalabad,3.5
2404,2023-06-08,Seller 2404,Faisalabad,5.0
2405,2022-12-16,Seller 2405,Karachi,3.5
2406,2025-04-26,Seller 2406,Multan,4.2
2407,2025-03-30,Seller 2407,Lahore,3.3
2408,2024-07-15,Seller 2408,Lahore,3.8
2409,2025-02-21,Seller 2409,Islamabad,3.1
2410,2024-04-16,Seller 2410,Islamabad,4.0
2411,2025-01-28,Seller 2411,Faisalabad,4.6
2412,2024-05-10,Seller 2412,Multan,4.2
2413,2023-06-02,Seller 2413,Karachi,4.7
2414,2025-10-19,Seller 2414,Lahore,3.7
2415,2023-12-21,Seller 2415,Lahore,3.6
2416,2025-02-13,Seller 2416,Lahore,3.2
2417,2025-06-25,Seller 2417,Lahore,4.1
2418,2023-02-12,Seller 2418,Lahore,3.3
2419,2023-03-07,Seller 2419,Faisalabad,3.9
2420,2024-06-06,Seller 2420,Lahore,4.8
2421,2023-10-01,Seller 2421,Faisalabad,3.0
2422,2024-06-21,Seller 2422,Lahore,3.1
2423,2025-01-12,Seller 2423,Karachi,4.5
2424,2024-09-11,Seller 2424,Faisalabad,3.8
2425,2025-06-29,Seller 2425,Multan,4.7
2426,2024-05-14,Seller 2426,Multan,3.7
2427,2024-02-26,Seller 2427,Islamabad,3.9
2428,2024-11-03,Seller 2428,Multan,3.7
2429,2025-06-21,Seller 2429,Islamabad,3.0
2430,2023-07-03,Seller 2430,Lahore,3.7
2431,2024-02-05,Seller 2431,Islamabad,3.3
2432,2023-03-01,Seller 2432,Karachi,4.5
2433,2024-07-07,Seller 2433,Lahore,3.2
2434,2023-04-26,Seller 2434,Faisalabad,3.5
2435,2025-10-17,Seller 2435,Multan,4.4
2436,2024-11-12,Seller 2436,Islamabad,4.0
2437,2023-01-26,Seller 2437,Karachi,3.3
2438,2023-12-30,Seller 2438,Faisalabad,3.0
2439,2024-06-04,Seller 2439,Islamabad,3.4
2440,2023-09-01,Seller 2440,Islamabad,3.5
2441,2025-03-21,Seller 2441,Multan,3.8
2442,2023-02-03,Seller 2442,Islamabad,3.3
2443,2023-07-16,Seller 2443,Islamabad,3.3
2444,2025-10-28,Seller 2444,Lahore,4.7
2445,2025-05-16,Seller 2445,Faisalabad,3.3
2446,2023-07-25,Seller 2446,Lahore,3.0
2447,2025-07-03,Seller 2447,Multan,3.1
2448,2025-09-03,Seller 2448,Faisalabad,3.1
2449,2025-05-28,Seller 2449,Islamabad,3.9
2450,2025-06-06,Seller 2450,Islamabad,3.2
2451,2024-07-05,Seller 2451,Faisalabad,3.5
2452,2024-09-01,Seller 2452,Islamabad,3.3
2453,2025-08-21,Seller 2453,Islamabad,3.3
2454,2023-03-23,Seller 2454,Faisalabad,3.1
2455,2023-07-28,Seller 2455,Multan,4.9
2456,2023-01-17,Seller 2456,Faisalabad,4.1
2457,2025-01-23,Seller 2457,Lahore,3.6
2458,2024-07-21,Seller 2458,Lahore,4.6
2459,2022-12-19,Seller 2459,Lahore,4.0
2460,2024-05-31,Seller 2460,Lahore,3.1
2461,2023-04-08,Seller 2461,Multan,4.6
2462,2025-08-25,Seller 2462,Lahore,4.6
2463,2023-04-03,Seller 2463,Faisalabad,3.6
2464,2025-05-05,Seller 2464,Karachi,3.7
2465,2025-08-07,Seller 2465,Karachi,3.5
2466,2025-04-27,Seller 2466,Faisalabad,4.8
2467,2024-09-24,Seller 2467,Multan,3.9
2468,2025-07-17,Seller 2468,Lahore,4.0
2469,2024-03-21,Seller 2469,Lahore,4.2
2470,2025-08-02,Seller 2470,Lahore,4.1
2471,2024-09-15,Seller 2471,Multan,3.9
2472,2023-02-01,Seller 2472,Karachi,3.3
2473,2025-02-20,Seller 2473,Faisalabad,4.1
2474,2025-06-23,Seller 2474,Multan,4.4
2475,2024-05-30,Seller 2475,Karachi,4.4
2476,2024-08-10,Seller 2476,Islamabad,4.9
2477,2024-04-08,Seller 2477,Karachi,3.1
2478,2023-11-06,Seller 2478,Multan,4.5
2479,2023-01-26,Seller 2479,Lahore,3.7
2480,2023-09-30,Seller 2480,Lahore,3.1
2481,2023-07-18,Seller 2481,Faisalabad,4.8
2482,2025-06-01,Seller 2482,Lahore,3.3
2483,2023-12-12,Seller 2483,Faisalabad,4.7
2484,2024-01-27,Seller 2484,Multan,4.5
2485,2023-03-31,Seller 2485,Faisalabad,3.1
2486,2025-05-19,Seller 2486,Lahore,4.5
2487,2023-07-15,Seller 2487,Lahore,3.3
2488,2025-06-15,Seller 2488,Karachi,4.2
2489,2023-08-01,Seller 2489,Lahore,4.5
2490,2024-12-19,Seller 2490,Lahore,3.4
2491,2025-02-09,Seller 2491,Lahore,4.0
2492,2024-11-02,Seller 2492,Multan,3.9
2493,2024-07-19,Seller 2493,Faisalabad,4.6
2494,2024-02-12,Seller 2494,Faisalabad,3.7
2495,2023-05-11,Seller 2495,Lahore,4.9
2496,2023-07-14,Seller 2496,Faisalabad,4.9
2497,2023-10-07,Seller 2497,Karachi,4.1
2498,2024-09-14,Seller 2498,Faisalabad,4.7
2499,2023-11-11,Seller 2499,Islamabad,4.1
2500,2023-01-29,Seller 2500,Multan,4.9
2501,2023-12-03,Seller 2501,Multan,3.5
2502,2022-12-12,Seller 2502,Karachi,4.6
2503,2024-07-28,Seller 2503,Lahore,3.5
2504,2024-01-08,Seller 2504,Multan,5.0
2505,2023-05-29,Seller 2505,Faisalabad,4.5
2506,2023-11-28,Seller 2506,Lahore,3.6
2507,2025-05-08,Seller 2507,Islamabad,3.4
2508,2025-08-13,Seller 2508,Islamabad,4.8
2509,2023-12-24,Seller 2509,Karachi,4.3
2510,2024-07-04,Seller 2510,Lahore,5.0
2511,2023-04-27,Seller 2511,Islamabad,4.4
2512,2023-01-04,Seller 2512,Multan,3.8
2513,2024-11-13,Seller 2513,Lahore,4.1
2514,2023-06-14,Seller 2514,Faisalabad,3.6
2515,2023-07-12,Seller 2515,Faisalabad,4.5
2516,2023-10-21,Seller 2516,Lahore,3.8
2517,2024-07-17,Seller 2517,Karachi,3.7
2518,2025-07-24,Seller 2518,Multan,3.2
2519,2024-01-13,Seller 2519,Lahore,3.7
2520,2023-02-02,Seller 2520,Islamabad,3.9
2521,2025-09-18,Seller 2521,Lahore,4.7
2522,2024-03-03,Seller 2522,Karachi,3.6
2523,2024-01-07,Seller 2523,Multan,3.8
2524,2023-03-06,Seller 2524,Multan,3.2
2525,2025-04-06,Seller 2525,Islamabad,4.3
2526,2024-10-17,Seller 2526,Islamabad,4.6
2527,2024-04-27,Seller 2527,Islamabad,3.9
2528,2025-01-01,Seller 2528,Lahore,3.6
2529,2024-01-22,Seller 2529,Multan,3.5
2530,2023-08-09,Seller 2530,Karachi,3.9
2531,2024-10-03,Seller 2531,Lahore,3.9
2532,2025-07-14,Seller 2532,Islamabad,3.2
2533,2023-12-04,Seller 2533,Multan,4.4
2534,2024-03-22,Seller 2534,Multan,3.0
2535,2023-11-12,Seller 2535,Islamabad,3.2
2536,2023-02-26,Seller 2536,Karachi,3.8
2537,2023-12-23,Seller 2537,Multan,4.6
2538,2024-03-25,Seller 2538,Multan,3.7
2539,2023-06-09,Seller 2539,Islamabad,4.5
2540,2025-08-09,Seller 2540,Islamabad,4.0
2541,2023-08-21,Seller 2541,Multan,4.8
2542,2025-05-29,Seller 2542,Lahore,3.9
2543,2025-07-03,Seller 2543,Islamabad,4.3
2544,2023-06-22,Seller 2544,Multan,4.3
2545,2025-08-30,Seller 2545,Karachi,4.2
2546,2025-08-03,Seller 2546,Karachi,5.0
2547,2025-10-26,Seller 2547,Faisalabad,3.9
2548,2024-11-02,Seller 2548,Karachi,3.2
2549,2024-05-07,Seller 2549,Islamabad,4.8
2550,2024-06-23,Seller 2550,Islamabad,3.8
2551,2024-05-11,Seller 2551,Islamabad,4.2
2552,2025-08-10,Seller 2552,Islamabad,4.7
2553,2025-07-31,Seller 2553,Karachi,3.4
2554,2022-12-17,Seller 2554,Karachi,3.2
2555,2025-04-18,Seller 2555,Faisalabad,3.7
2556,2024-04-22,Seller 2556,Lahore,4.8
2557,2023-09-01,Seller 2557,Faisalabad,3.6
2558,2024-03-13,Seller 2558,Islamabad,3.4
2559,2024-05-23,Seller 2559,Karachi,3.7
2560,2025-08-20,Seller 2560,Multan,3.6
2561,2024-03-20,Seller 2561,Faisalabad,3.1
2562,2023-07-05,Seller 2562,Faisalabad,4.1
2563,2025-10-26,Seller 2563,Lahore,3.5
2564,2025-09-17,Seller 2564,Karachi,4.9
2565,2024-06-07,Seller 2565,Islamabad,3.3
2566,2024-01-25,Seller 2566,Islamabad,3.7
2567,2025-05-13,Seller 2567,Islamabad,4.5
2568,2024-06-28,Seller 2568,Lahore,3.3
2569,2024-03-29,Seller 2569,Faisalabad,3.5
2570,2024-11-07,Seller 2570,Multan,4.8
2571,2025-04-02,Seller 2571,Multan,4.9
2572,2024-01-25,Seller 2572,Karachi,4.6
2573,2023-07-23,Seller 2573,Lahore,3.8
2574,2023-02-06,Seller 2574,Faisalabad,4.6
2575,2025-11-20,Seller 2575,Lahore,3.3
2576,2025-06-04,Seller 2576,Islamabad,4.4
2577,2023-12-06,Seller 2577,Islamabad,4.1
2578,2024-07-31,Seller 2578,Islamabad,3.6
2579,2025-05-09,Seller 2579,Faisalabad,3.1
2580,2025-01-10,Seller 2580,Faisalabad,4.6
2581,2024-03-26,Seller 2581,Lahore,3.0
2582,2023-12-21,Seller 2582,Multan,3.5
2583,2024-01-26,Seller 2583,Islamabad,4.8
2584,2024-04-15,Seller 2584,Lahore,4.6
2585,2025-05-21,Seller 2585,Islamabad,4.0
2586,2025-03-03,Seller 2586,Islamabad,4.1
2587,2023-03-17,Seller 2587,Lahore,4.6
2588,2023-09-10,Seller 2588,Islamabad,3.8
2589,2025-02-28,Seller 2589,Karachi,4.9
2590,2024-10-27,Seller 2590,Multan,3.4
2591,2024-08-03,Seller 2591,Islamabad,5.0
2592,2022-12-26,Seller 2592,Multan,3.8
2593,2023-08-26,Seller 2593,Multan,3.9
2594,2024-08-28,Seller 2594,Islamabad,4.5
2595,2025-11-02,Seller 2595,Faisalabad,3.2
2596,2023-11-15,Seller 2596,Karachi,3.9
2597,2025-03-30,Seller 2597,Faisalabad,3.1
2598,2024-03-02,Seller 2598,Lahore,3.9
2599,2023-10-07,Seller 2599,Lahore,3.8
2600,2025-10-29,Seller 2600,Lahore,3.3
2601,2023-12-22,Seller 2601,Multan,4.7
2602,2024-11-04,Seller 2602,Islamabad,3.7
2603,2023-04-26,Seller 2603,Multan,4.0
2604,2025-11-09,Seller 2604,Lahore,4.9
2605,2023-10-04,Seller 2605,Islamabad,3.0
2606,2025-06-30,Seller 2606,Islamabad,3.0
2607,2025-01-17,Seller 2607,Lahore,3.8
2608,2023-12-11,Seller 2608,Islamabad,4.6
2609,2025-07-30,Seller 2609,Lahore,4.3
2610,2022-12-14,Seller 2610,Faisalabad,4.8
2611,2025-03-06,Seller 2611,Islamabad,4.2
2612,2025-09-16,Seller 2612,Islamabad,4.2
2613,2023-05-26,Seller 2613,Multan,4.3
2614,2023-09-12,Seller 2614,Islamabad,4.7
2615,2024-12-21,Seller 2615,Lahore,4.0
2616,2023-05-15,Seller 2616,Lahore,4.2
2617,2024-03-27,Seller 2617,Islamabad,5.0
2618,2025-06-28,Seller 2618,Lahore,3.3
2619,2024-09-14,Seller 2619,Islamabad,4.8
2620,2024-08-27,Seller 2620,Faisalabad,3.6
2621,2025-11-22,Seller 2621,Faisalabad,4.5
2622,2024-03-26,Seller 2622,Lahore,3.5
2623,2024-10-15,Seller 2623,Lahore,3.3
2624,2024-03-14,Seller 2624,Karachi,3.1
2625,2023-06-13,Seller 2625,Faisalabad,4.4
2626,2025-08-13,Seller 2626,Multan,3.0
2627,2024-12-02,Seller 2627,Multan,4.9
2628,2025-06-16,Seller 2628,Karachi,3.4
2629,2024-02-13,Seller 2629,Multan,3.1
2630,2024-04-15,Seller 2630,Multan,4.3
2631,2023-04-14,Seller 2631,Lahore,3.6
2632,2024-04-12,Seller 2632,Faisalabad,3.8
2633,2025-02-14,Seller 2633,Lahore,4.6
2634,2024-02-29,Seller 2634,Islamabad,3.9
2635,2023-05-08,Seller 2635,Faisalabad,3.8
2636,2023-01-17,Seller 2636,Lahore,3.3
2637,2024-11-04,Seller 2637,Lahore,3.3
2638,2024-02-19,Seller 2638,Faisalabad,3.9
2639,2023-07-24,Seller 2639,Islamabad,3.6
2640,2023-11-19,Seller 2640,Lahore,4.3
2641,2025-02-04,Seller 2641,Multan,3.2
2642,2025-01-13,Seller 2642,Faisalabad,3.1
2643,2024-11-30,Seller 2643,Karachi,3.1
2644,2023-03-10,Seller 2644,Karachi,3.2
2645,2023-06-22,Seller 2645,Islamabad,4.6
2646,2024-03-12,Seller 2646,Faisalabad,3.7
2647,2023-04-22,Seller 2647,Faisalabad,3.2
2648,2025-06-13,Seller 2648,Karachi,4.6
2649,2025-02-22,Seller 2649,Karachi,3.2
2650,2025-03-03,Seller 2650,Faisalabad,3.5
2651,2025-10-31,Seller 2651,Multan,4.1
2652,2025-08-22,Seller 2652,Islamabad,4.3
2653,2023-04-06,Seller 2653,Karachi,4.4
2654,2025-02-05,Seller 2654,Faisalabad,3.5
2655,2025-03-14,Seller 2655,Multan,3.1
2656,2024-01-13,Seller 2656,Lahore,3.7
2657,2023-08-09,Seller 2657,Multan,3.1
2658,2024-09-29,Seller 2658,Faisalabad,4.6
2659,2023-11-22,Seller 2659,Islamabad,4.5
2660,2025-01-25,Seller 2660,Karachi,3.4
2661,2025-07-18,Seller 2661,Faisalabad,4.8
2662,2025-05-28,Seller 2662,Multan,3.5
2663,2023-11-10,Seller 2663,Lahore,4.8
2664,2024-01-26,Seller 2664,Lahore,3.1
2665,2024-01-20,Seller 2665,Multan,4.7
2666,2023-01-15,Seller 2666,Faisalabad,4.8
2667,2023-08-10,Seller 2667,Multan,4.2
2668,2025-06-16,Seller 2668,Multan,4.9
2669,2024-10-24,Seller 2669,Multan,5.0
2670,2023-11-02,Seller 2670,Multan,4.0
2671,2023-06-08,Seller 2671,Islamabad,4.2
2672,2025-09-15,Seller 2672,Islamabad,4.0
2673,2023-08-31,Seller 2673,Lahore,3.6
2674,2025-03-29,Seller 2674,Multan,3.7
2675,2025-07-10,Seller 2675,Islamabad,4.8
2676,2024-11-21,Seller 2676,Lahore,3.4
2677,2024-04-06,Seller 2677,Multan,3.9
2678,2023-04-07,Seller 2678,Islamabad,4.0
2679,2024-07-28,Seller 2679,Multan,4.1
2680,2023-01-27,Seller 2680,Karachi,4.0
2681,2023-10-26,Seller 2681,Karachi,3.2
2682,2025-05-18,Seller 2682,Multan,4.8
2683,2025-04-28,Seller 2683,Lahore,4.4
2684,2024-04-10,Seller 2684,Karachi,4.2
2685,2024-04-11,Seller 2685,Islamabad,3.3
2686,2024-07-08,Seller 2686,Multan,3.2
2687,2023-05-18,Seller 2687,Multan,4.8
2688,2024-02-10,Seller 2688,Multan,3.3
2689,2025-03-10,Seller 2689,Islamabad,4.1
2690,2024-01-19,Seller 2690,Faisalabad,4.6
2691,2024-12-06,Seller 2691,Faisalabad,3.9
2692,2024-10-10,Seller 2692,Lahore,4.6
2693,2024-05-14,Seller 2693,Multan,3.5
2694,2025-07-06,Seller 2694,Karachi,3.7
2695,2025-05-10,Seller 2695,Lahore,3.0
2696,2023-02-20,Seller 2696,Islamabad,4.0
2697,2023-07-20,Seller 2697,Islamabad,4.0
2698,2025-04-27,Seller 2698,Karachi,3.8
2699,2023-12-25,Seller 2699,Karachi,3.4
2700,2024-08-19,Seller 2700,Multan,3.1
2701,2024-05-05,Seller 2701,Multan,3.5
2702,2024-03-16,Seller 2702,Faisalabad,3.0
2703,2024-12-29,Seller 2703,Karachi,5.0
2704,2023-10-14,Seller 2704,Islamabad,4.9
2705,2024-05-21,Seller 2705,Multan,3.4
2706,2024-09-27,Seller 2706,Karachi,4.2
2707,2025-07-05,Seller 2707,Lahore,4.5
2708,2023-10-20,Seller 2708,Multan,3.6
2709,2024-08-29,Seller 2709,Multan,3.6
2710,2023-09-11,Seller 2710,Faisalabad,3.6
2711,2023-04-02,Seller 2711,Islamabad,3.8
2712,2025-10-19,Seller 2712,Lahore,3.4
2713,2024-09-02,Seller 2713,Multan,3.7
2714,2022-12-19,Seller 2714,Faisalabad,4.7
2715,2025-06-12,Seller 2715,Karachi,3.3
2716,2023-08-31,Seller 2716,Islamabad,4.9
2717,2023-12-07,Seller 2717,Faisalabad,4.7
2718,2025-05-15,Seller 2718,Faisalabad,3.6
2719,2025-09-07,Seller 2719,Faisalabad,4.1
2720,2025-08-01,Seller 2720,Faisalabad,4.8
2721,2023-03-01,Seller 2721,Multan,4.6
2722,2024-03-09,Seller 2722,Faisalabad,4.6
2723,2025-03-15,Seller 2723,Lahore,3.1
2724,2023-11-20,Seller 2724,Karachi,3.8
2725,2025-01-07,Seller 2725,Lahore,4.3
2726,2025-03-24,Seller 2726,Faisalabad,3.9
2727,2025-12-03,Seller 2727,Lahore,4.2
2728,2025-07-10,Seller 2728,Islamabad,4.2
2729,2023-05-10,Seller 2729,Lahore,3.2
2730,2023-06-05,Seller 2730,Lahore,4.7
2731,2024-12-15,Seller 2731,Multan,4.6
2732,2023-05-06,Seller 2732,Faisalabad,3.3
2733,2023-05-22,Seller 2733,Lahore,3.8
2734,2025-02-16,Seller 2734,Lahore,4.3
2735,2023-04-04,Seller 2735,Multan,3.7
2736,2025-10-21,Seller 2736,Karachi,3.0
2737,2023-06-15,Seller 2737,Multan,3.8
2738,2025-05-18,Seller 2738,Faisalabad,5.0
2739,2025-04-28,Seller 2739,Islamabad,4.1
2740,2023-12-02,Seller 2740,Islamabad,3.7
2741,2025-10-07,Seller 2741,Islamabad,4.0
2742,2025-08-23,Seller 2742,Lahore,3.2
2743,2024-09-28,Seller 2743,Multan,3.7
2744,2024-08-09,Seller 2744,Faisalabad,3.3
2745,2023-07-10,Seller 2745,Karachi,4.2
2746,2023-01-25,Seller 2746,Islamabad,4.9
2747,2023-06-17,Seller 2747,Faisalabad,3.1
2748,2025-07-29,Seller 2748,Faisalabad,3.8
2749,2024-02-27,Seller 2749,Karachi,4.5
2750,2025-01-03,Seller 2750,Islamabad,4.7
2751,2023-09-14,Seller 2751,Multan,3.0
2752,2024-11-16,Seller 2752,Lahore,4.4
2753,2024-12-12,Seller 2753,Lahore,4.5
2754,2024-06-19,Seller 2754,Karachi,3.2
2755,2025-11-07,Seller 2755,Karachi,4.3
2756,2024-02-23,Seller 2756,Islamabad,3.5
2757,2023-11-23,Seller 2757,Multan,3.5
2758,2025-02-10,Seller 2758,Faisalabad,4.3
2759,2025-11-27,Seller 2759,Lahore,4.8
2760,2024-02-24,Seller 2760,Faisalabad,4.3
2761,2024-11-13,Seller 2761,Faisalabad,3.7
2762,2025-03-10,Seller 2762,Lahore,3.0
2763,2024-03-17,Seller 2763,Islamabad,3.5
2764,2024-10-04,Seller 2764,Lahore,4.2
2765,2025-07-16,Seller 2765,Islamabad,3.1
2766,2025-11-09,Seller 2766,Multan,3.1
2767,2024-12-07,Seller 2767,Karachi,4.0
2768,2025-02-28,Seller 2768,Islamabad,3.5
2769,2022-12-11,Seller 2769,Lahore,3.6
2770,2024-09-12,Seller 2770,Faisalabad,4.5
2771,2024-05-04,Seller 2771,Multan,3.1
2772,2024-08-12,Seller 2772,Islamabad,3.2
2773,2025-09-14,Seller 2773,Islamabad,3.0
2774,2023-10-29,Seller 2774,Karachi,3.3
2775,2024-05-30,Seller 2775,Lahore,4.6
2776,2024-01-31,Seller 2776,Karachi,4.4
2777,2024-04-15,Seller 2777,Lahore,4.9
2778,2023-09-03,Seller 2778,Multan,3.2
2779,2025-03-06,Seller 2779,Islamabad,4.4
2780,2024-07-04,Seller 2780,Islamabad,3.2
2781,2023-06-25,Seller 2781,Islamabad,3.1
2782,2023-08-11,Seller 2782,Karachi,3.1
2783,2024-11-05,Seller 2783,Karachi,4.7
2784,2025-10-03,Seller 2784,Multan,4.0
2785,2024-05-12,Seller 2785,Karachi,3.1
2786,2025-07-13,Seller 2786,Islamabad,3.4
2787,2025-05-11,Seller 2787,Lahore,3.4
2788,2025-11-07,Seller 2788,Faisalabad,4.2
2789,2023-06-08,Seller 2789,Karachi,4.5
2790,2023-03-24,Seller 2790,Lahore,3.9
2791,2023-01-15,Seller 2791,Karachi,4.9
2792,2023-10-16,Seller 2792,Multan,4.6
2793,2025-11-26,Seller 2793,Multan,3.1
2794,2023-02-10,Seller 2794,Karachi,3.5
2795,2024-12-22,Seller 2795,Multan,3.2
2796,2023-05-14,Seller 2796,Islamabad,4.5
2797,2023-02-14,Seller 2797,Faisalabad,3.0
2798,2025-08-07,Seller 2798,Islamabad,4.8
2799,2023-08-03,Seller 2799,Lahore,4.4
2800,2023-10-10,Seller 2800,Islamabad,4.1
2801,2025-02-13,Seller 2801,Lahore,3.3
2802,2022-12-11,Seller 2802,Multan,3.3
2803,2024-10-12,Seller 2803,Lahore,3.7
2804,2023-10-14,Seller 2804,Multan,4.0
2805,2024-01-19,Seller 2805,Faisalabad,4.4
2806,2024-06-27,Seller 2806,Faisalabad,3.0
2807,2025-08-18,Seller 2807,Lahore,4.9
2808,2025-01-23,Seller 2808,Lahore,4.4
2809,2023-08-28,Seller 2809,Multan,3.3
2810,2025-09-18,Seller 2810,Karachi,4.4
2811,2024-10-12,Seller 2811,Karachi,3.2
2812,2025-08-06,Seller 2812,Lahore,3.4
2813,2025-01-09,Seller 2813,Karachi,3.9
2814,2024-02-23,Seller 2814,Lahore,3.2
2815,2025-02-09,Seller 2815,Lahore,4.0
2816,2025-10-02,Seller 2816,Karachi,4.3
2817,2024-11-15,Seller 2817,Islamabad,3.3
2818,2024-10-27,Seller 2818,Lahore,3.5
2819,2025-04-26,Seller 2819,Faisalabad,3.5
2820,2025-01-29,Seller 2820,Faisalabad,4.1
2821,2024-11-29,Seller 2821,Lahore,3.5
2822,2022-12-20,Seller 2822,Lahore,4.1
2823,2024-06-15,Seller 2823,Islamabad,4.5
2824,2023-08-01,Seller 2824,Islamabad,4.6
2825,2023-07-03,Seller 2825,Lahore,4.6
2826,2025-01-15,Seller 2826,Karachi,4.9
2827,2024-06-12,Seller 2827,Faisalabad,4.3
2828,2025-03-06,Seller 2828,Islamabad,4.5
2829,2023-06-10,Seller 2829,Lahore,4.3
2830,2024-11-06,Seller 2830,Islamabad,3.1
2831,2025-04-13,Seller 2831,Faisalabad,3.4
2832,2024-01-11,Seller 2832,Karachi,4.6
2833,2023-05-28,Seller 2833,Multan,3.6
2834,2025-08-27,Seller 2834,Faisalabad,3.3
2835,2023-09-26,Seller 2835,Karachi,3.6
2836,2023-11-14,Seller 2836,Karachi,4.1
2837,2024-08-04,Seller 2837,Karachi,4.8
2838,2025-10-15,Seller 2838,Islamabad,4.4
2839,2024-05-16,Seller 2839,Multan,4.5
2840,2025-12-04,Seller 2840,Multan,3.8
2841,2023-07-20,Seller 2841,Karachi,5.0
2842,2022-12-19,Seller 2842,Multan,4.3
2843,2025-02-04,Seller 2843,Islamabad,4.2
2844,2024-03-26,Seller 2844,Lahore,4.2
2845,2023-02-01,Seller 2845,Faisalabad,3.0
2846,2023-04-19,Seller 2846,Islamabad,4.5
2847,2025-02-22,Seller 2847,Lahore,4.1
2848,2023-04-19,Seller 2848,Multan,3.4
2849,2025-03-29,Seller 2849,Multan,4.6
2850,2025-08-07,Seller 2850,Faisalabad,3.3
2851,2023-02-15,Seller 2851,Islamabad,4.2
2852,2024-12-14,Seller 2852,Multan,3.8
2853,2022-12-21,Seller 2853,Lahore,3.9
2854,2025-06-24,Seller 2854,Faisalabad,4.9
2855,2024-05-06,Seller 2855,Faisalabad,3.3
2856,2025-08-23,Seller 2856,Islamabad,4.2
2857,2024-08-09,Seller 2857,Karachi,4.8
2858,2024-06-11,Seller 2858,Karachi,4.2
2859,2023-11-13,Seller 2859,Lahore,3.3
2860,2024-05-10,Seller 2860,Faisalabad,3.5
2861,2025-05-06,Seller 2861,Lahore,4.9
2862,2023-02-22,Seller 2862,Islamabad,4.0
2863,2025-01-16,Seller 2863,Faisalabad,4.7
2864,2023-06-02,Seller 2864,Faisalabad,3.2
2865,2023-09-09,Seller 2865,Karachi,4.2
2866,2024-12-30,Seller 2866,Faisalabad,4.8
2867,2025-11-24,Seller 2867,Multan,4.7
2868,2023-02-15,Seller 2868,Faisalabad,4.9
2869,2025-02-02,Seller 2869,Multan,4.2
2870,2023-11-10,Seller 2870,Islamabad,4.3
2871,2025-08-23,Seller 2871,Faisalabad,3.9
2872,2025-07-01,Seller 2872,Lahore,4.4
2873,2023-07-15,Seller 2873,Faisalabad,4.7
2874,2024-10-21,Seller 2874,Islamabad,4.6
2875,2023-03-29,Seller 2875,Islamabad,3.8
2876,2023-12-16,Seller 2876,Karachi,3.2
2877,2023-07-10,Seller 2877,Lahore,3.7
2878,2024-08-06,Seller 2878,Faisalabad,4.7
2879,2024-06-16,Seller 2879,Lahore,3.9
2880,2023-01-30,Seller 2880,Faisalabad,4.2
2881,2025-07-21,Seller 2881,Lahore,4.4
2882,2025-05-04,Seller 2882,Faisalabad,4.2
2883,2023-05-18,Seller 2883,Islamabad,3.4
2884,2025-09-02,Seller 2884,Lahore,3.6
2885,2024-06-18,Seller 2885,Karachi,3.5
2886,2023-07-26,Seller 2886,Multan,3.9
2887,2023-04-11,Seller 2887,Multan,4.0
2888,2024-09-17,Seller 2888,Faisalabad,4.9
2889,2025-07-08,Seller 2889,Lahore,3.3
2890,2024-02-07,Seller 2890,Multan,4.5
2891,2023-09-11,Seller 2891,Islamabad,3.7
2892,2024-01-28,Seller 2892,Multan,3.6
2893,2025-10-08,Seller 2893,Faisalabad,3.7
2894,2024-02-17,Seller 2894,Faisalabad,4.3
2895,2025-10-30,Seller 2895,Karachi,3.1
2896,2025-02-11,Seller 2896,Multan,3.4
2897,2025-08-12,Seller 2897,Multan,4.5
2898,2022-12-29,Seller 2898,Karachi,3.1
2899,2023-11-18,Seller 2899,Lahore,4.5
2900,2024-08-17,Seller 2900,Islamabad,3.2
2901,2025-01-11,Seller 2901,Faisalabad,3.9
2902,2023-04-21,Seller 2902,Lahore,3.2
2903,2023-09-05,Seller 2903,Karachi,4.7
2904,2024-04-26,Seller 2904,Faisalabad,4.5
2905,2024-05-29,Seller 2905,Multan,3.4
2906,2024-07-08,Seller 2906,Multan,3.6
2907,2022-12-28,Seller 2907,Multan,3.5
2908,2023-01-18,Seller 2908,Faisalabad,4.9
2909,2025-03-13,Seller 2909,Faisalabad,3.9
2910,2024-08-27,Seller 2910,Islamabad,4.7
2911,2023-08-28,Seller 2911,Multan,4.6
2912,2023-11-05,Seller 2912,Lahore,3.1
2913,2023-12-09,Seller 2913,Islamabad,4.5
2914,2025-05-08,Seller 2914,Faisalabad,4.4
2915,2023-07-29,Seller 2915,Multan,3.3
2916,2025-03-23,Seller 2916,Islamabad,3.6
2917,2024-11-05,Seller 2917,Karachi,3.5
2918,2024-04-21,Seller 2918,Lahore,3.9
2919,2025-04-03,Seller 2919,Karachi,3.3
2920,2022-12-08,Seller 2920,Islamabad,4.6
2921,2024-03-08,Seller 2921,Faisalabad,3.1
2922,2023-07-28,Seller 2922,Islamabad,3.9
2923,2022-12-25,Seller 2923,Lahore,4.2
2924,2024-11-17,Seller 2924,Karachi,3.0
2925,2023-06-12,Seller 2925,Lahore,4.6
2926,2023-01-28,Seller 2926,Lahore,3.7
2927,2024-02-03,Seller 2927,Karachi,4.9
2928,2025-09-07,Seller 2928,Karachi,3.6
2929,2024-01-26,Seller 2929,Multan,4.1
2930,2023-12-19,Seller 2930,Faisalabad,3.6
2931,2023-05-10,Seller 2931,Lahore,4.5
2932,2024-08-19,Seller 2932,Multan,4.6
2933,2025-02-25,Seller 2933,Faisalabad,3.2
2934,2024-10-19,Seller 2934,Lahore,4.8
2935,2023-06-14,Seller 2935,Lahore,3.7
2936,2025-09-05,Seller 2936,Lahore,4.7
2937,2023-01-05,Seller 2937,Karachi,3.3
2938,2023-10-04,Seller 2938,Faisalabad,3.0
2939,2023-06-02,Seller 2939,Multan,3.1
2940,2023-11-16,Seller 2940,Karachi,4.9
2941,2025-04-01,Seller 2941,Karachi,4.3
2942,2024-05-18,Seller 2942,Lahore,3.4
2943,2022-12-31,Seller 2943,Karachi,3.1
2944,2024-12-05,Seller 2944,Karachi,4.4
2945,2025-03-22,Seller 2945,Multan,4.9
2946,2024-05-19,Seller 2946,Lahore,4.7
2947,2024-04-25,Seller 2947,Lahore,4.3
2948,2024-09-09,Seller 2948,Lahore,4.8
2949,2025-02-27,Seller 2949,Lahore,4.4
2950,2025-08-15,Seller 2950,Multan,4.9
2951,2023-11-27,Seller 2951,Multan,3.8
2952,2024-07-08,Seller 2952,Karachi,3.3
2953,2023-02-12,Seller 2953,Lahore,3.5
2954,2025-01-06,Seller 2954,Multan,4.7
2955,2024-04-27,Seller 2955,Islamabad,4.1
2956,2025-03-08,Seller 2956,Karachi,3.3
2957,2024-01-10,Seller 2957,Faisalabad,4.2
2958,2023-04-27,Seller 2958,Lahore,3.2
2959,2023-12-30,Seller 2959,Lahore,4.6
2960,2025-09-03,Seller 2960,Islamabad,4.3
2961,2024-09-10,Seller 2961,Lahore,3.2
2962,2023-10-26,Seller 2962,Multan,3.8
2963,2024-10-06,Seller 2963,Multan,4.0
2964,2023-11-12,Seller 2964,Faisalabad,4.4
2965,2025-04-23,Seller 2965,Karachi,3.1
2966,2024-10-25,Seller 2966,Karachi,3.4
2967,2023-11-25,Seller 2967,Karachi,4.0
2968,2025-11-24,Seller 2968,Islamabad,4.0
2969,2024-03-21,Seller 2969,Faisalabad,3.4
2970,2025-01-05,Seller 2970,Faisalabad,3.3
2971,2024-03-23,Seller 2971,Faisalabad,3.7
2972,2023-05-09,Seller 2972,Karachi,3.1
2973,2023-03-05,Seller 2973,Lahore,3.2
2974,2024-03-17,Seller 2974,Multan,4.4
2975,2024-08-03,Seller 2975,Faisalabad,4.5
2976,2025-09-20,Seller 2976,Lahore,3.8
2977,2024-12-27,Seller 2977,Faisalabad,3.5
2978,2023-08-05,Seller 2978,Karachi,4.6
2979,2023-12-16,Seller 2979,Multan,3.4
2980,2024-03-30,Seller 2980,Faisalabad,3.4
2981,2024-01-17,Seller 2981,Islamabad,3.5
2982,2025-06-10,Seller 2982,Faisalabad,3.3
2983,2023-01-01,Seller 2983,Karachi,3.1
2984,2024-08-30,Seller 2984,Multan,4.3
2985,2023-05-27,Seller 2985,Faisalabad,4.4
2986,2023-08-04,Seller 2986,Islamabad,4.1
2987,2024-08-31,Seller 2987,Islamabad,4.0
2988,2025-02-19,Seller 2988,Faisalabad,3.3
2989,2025-09-14,Seller 2989,Islamabad,4.7
2990,2024-12-18,Seller 2990,Multan,4.3
2991,2024-07-19,Seller 2991,Faisalabad,4.8
2992,2025-10-26,Seller 2992,Faisalabad,3.8
2993,2025-01-20,Seller 2993,Islamabad,4.9
2994,2023-06-18,Seller 2994,Multan,3.9
2995,2025-07-15,Seller 2995,Karachi,4.9
2996,2023-05-22,Seller 2996,Islamabad,4.2
2997,2022-12-25,Seller 2997,Faisalabad,4.8
2998,2023-03-07,Seller 2998,Islamabad,3.4
2999,2025-10-24,Seller 2999,Karachi,4.5
3000,2025-03-13,Seller 3000,Karachi,3.1
3001,2024-11-24,Seller 3001,Lahore,4.0
3002,2023-04-18,Seller 3002,Faisalabad,3.4
3003,2024-10-04,Seller 3003,Multan,4.2
3004,2023-06-10,Seller 3004,Islamabad,4.6
3005,2025-05-24,Seller 3005,Faisalabad,4.8
3006,2025-08-31,Seller 3006,Islamabad,4.8
3007,2023-07-07,Seller 3007,Islamabad,5.0
3008,2025-01-14,Seller 3008,Islamabad,4.1
3009,2023-05-01,Seller 3009,Multan,3.5
3010,2024-06-19,Seller 3010,Faisalabad,4.0
3011,2025-09-16,Seller 3011,Multan,3.6
3012,2023-03-26,Seller 3012,Faisalabad,4.5
3013,2025-03-11,Seller 3013,Lahore,4.8
3014,2025-03-04,Seller 3014,Karachi,3.5
3015,2023-07-28,Seller 3015,Lahore,4.7
3016,2025-10-19,Seller 3016,Islamabad,3.0
3017,2023-06-20,Seller 3017,Multan,4.5
3018,2023-02-01,Seller 3018,Lahore,4.0
3019,2024-04-04,Seller 3019,Islamabad,4.5
3020,2023-06-11,Seller 3020,Lahore,3.2
3021,2024-03-16,Seller 3021,Islamabad,4.2
3022,2023-10-01,Seller 3022,Lahore,4.1
3023,2024-09-12,Seller 3023,Multan,3.4
3024,2024-10-13,Seller 3024,Faisalabad,3.5
3025,2023-08-16,Seller 3025,Karachi,4.7
3026,2024-03-28,Seller 3026,Islamabad,4.4
3027,2025-01-14,Seller 3027,Karachi,3.9
3028,2024-12-17,Seller 3028,Karachi,3.6
3029,2025-06-12,Seller 3029,Islamabad,4.4
3030,2024-10-17,Seller 3030,Faisalabad,4.8
3031,2025-10-18,Seller 3031,Faisalabad,4.7
3032,2024-06-10,Seller 3032,Karachi,4.2
3033,2024-08-14,Seller 3033,Multan,4.0
3034,2025-03-31,Seller 3034,Faisalabad,3.6
3035,2023-10-25,Seller 3035,Islamabad,3.6
3036,2023-10-08,Seller 3036,Multan,5.0
3037,2025-09-06,Seller 3037,Islamabad,5.0
3038,2023-08-27,Seller 3038,Islamabad,3.8
3039,2024-04-27,Seller 3039,Islamabad,3.4
3040,2022-12-25,Seller 3040,Karachi,4.2
3041,2025-05-17,Seller 3041,Islamabad,4.8
3042,2023-04-19,Seller 3042,Lahore,3.6
3043,2024-12-01,Seller 3043,Lahore,5.0
3044,2024-12-22,Seller 3044,Lahore,4.7
3045,2023-06-24,Seller 3045,Lahore,4.8
3046,2024-09-14,Seller 3046,Multan,4.7
3047,2023-03-09,Seller 3047,Lahore,4.8
3048,2024-10-22,Seller 3048,Multan,4.0
3049,2025-07-07,Seller 3049,Lahore,3.6
3050,2024-02-14,Seller 3050,Faisalabad,3.1
3051,2023-12-29,Seller 3051,Faisalabad,4.4
3052,2024-02-13,Seller 3052,Islamabad,5.0
3053,2023-09-26,Seller 3053,Islamabad,4.1
3054,2025-02-01,Seller 3054,Multan,3.4
3055,2025-10-12,Seller 3055,Lahore,3.3
3056,2023-03-13,Seller 3056,Multan,3.2
3057,2023-11-22,Seller 3057,Islamabad,4.5
3058,2024-09-16,Seller 3058,Multan,4.9
3059,2023-09-11,Seller 3059,Faisalabad,4.6
3060,2023-11-25,Seller 3060,Karachi,4.7
3061,2024-06-01,Seller 3061,Karachi,3.3
3062,2024-03-01,Seller 3062,Faisalabad,4.1
3063,2024-08-30,Seller 3063,Faisalabad,3.6
3064,2024-01-07,Seller 3064,Karachi,3.4
3065,2025-07-10,Seller 3065,Lahore,4.0
3066,2025-08-10,Seller 3066,Islamabad,3.5
3067,2024-05-18,Seller 3067,Multan,4.6
3068,2025-10-18,Seller 3068,Islamabad,4.3
3069,2025-05-15,Seller 3069,Karachi,3.3
3070,2022-12-24,Seller 3070,Multan,3.7
3071,2023-11-04,Seller 3071,Lahore,3.2
3072,2023-08-22,Seller 3072,Karachi,4.4
3073,2023-12-14,Seller 3073,Faisalabad,3.8
3074,2024-03-19,Seller 3074,Lahore,4.3
3075,2023-04-27,Seller 3075,Islamabad,4.1
3076,2023-07-05,Seller 3076,Lahore,3.9
3077,2024-06-28,Seller 3077,Lahore,3.2
3078,2025-08-17,Seller 3078,Karachi,4.0
3079,2023-02-09,Seller 3079,Faisalabad,4.5
3080,2024-04-02,Seller 3080,Karachi,4.2
3081,2022-12-25,Seller 3081,Lahore,3.4
3082,2023-07-26,Seller 3082,Islamabad,3.2
3083,2024-09-10,Seller 3083,Lahore,3.1
3084,2024-05-09,Seller 3084,Islamabad,4.8
3085,2024-10-10,Seller 3085,Multan,3.2
3086,2023-11-03,Seller 3086,Islamabad,3.7
3087,2024-08-16,Seller 3087,Faisalabad,3.3
3088,2024-08-27,Seller 3088,Faisalabad,4.7
3089,2023-02-28,Seller 3089,Karachi,3.2
3090,2024-03-25,Seller 3090,Karachi,4.6
3091,2024-11-03,Seller 3091,Multan,4.3
3092,2025-01-21,Seller 3092,Karachi,4.1
3093,2023-03-03,Seller 3093,Karachi,4.1
3094,2025-07-17,Seller 3094,Faisalabad,3.3
3095,2023-08-20,Seller 3095,Multan,5.0
3096,2025-05-07,Seller 3096,Multan,4.5
3097,2024-11-18,Seller 3097,Karachi,4.8
3098,2023-08-08,Seller 3098,Lahore,4.6
3099,2024-09-17,Seller 3099,Lahore,3.7
3100,2024-01-15,Seller 3100,Faisalabad,4.4
3101,2025-11-04,Seller 3101,Islamabad,4.3
3102,2025-10-07,Seller 3102,Lahore,4.9
3103,2024-12-27,Seller 3103,Karachi,3.8
3104,2024-01-07,Seller 3104,Multan,4.9
3105,2025-09-09,Seller 3105,Islamabad,4.0
3106,2024-11-25,Seller 3106,Multan,4.4
3107,2024-07-11,Seller 3107,Multan,4.6
3108,2024-12-18,Seller 3108,Islamabad,4.0
3109,2025-11-12,Seller 3109,Islamabad,3.6
3110,2024-06-05,Seller 3110,Islamabad,3.5
3111,2025-07-16,Seller 3111,Multan,3.8
3112,2025-09-12,Seller 3112,Multan,3.4
3113,2024-01-11,Seller 3113,Islamabad,3.6
3114,2023-05-02,Seller 3114,Karachi,4.0
3115,2025-03-25,Seller 3115,Lahore,4.2
3116,2024-02-07,Seller 3116,Karachi,4.2
3117,2023-10-05,Seller 3117,Faisalabad,4.4
3118,2023-09-06,Seller 3118,Karachi,4.0
3119,2024-04-11,Seller 3119,Islamabad,3.5
3120,2024-07-01,Seller 3120,Faisalabad,4.2
3121,2025-08-17,Seller 3121,Faisalabad,3.9
3122,2024-04-07,Seller 3122,Islamabad,4.5
3123,2024-02-16,Seller 3123,Lahore,4.2
3124,2025-04-26,Seller 3124,Islamabad,4.5
3125,2022-12-17,Seller 3125,Lahore,3.8
3126,2025-08-31,Seller 3126,Islamabad,4.4
3127,2023-06-18,Seller 3127,Lahore,3.3
3128,2025-05-27,Seller 3128,Karachi,3.6
3129,2023-02-23,Seller 3129,Faisalabad,3.2
3130,2025-05-14,Seller 3130,Lahore,4.3
3131,2023-03-29,Seller 3131,Islamabad,4.2
3132,2025-11-14,Seller 3132,Karachi,3.0
3133,2025-04-06,Seller 3133,Faisalabad,3.5
3134,2024-02-10,Seller 3134,Islamabad,3.5
3135,2025-08-15,Seller 3135,Islamabad,3.7
3136,2024-12-07,Seller 3136,Islamabad,4.1
3137,2025-06-27,Seller 3137,Karachi,4.3
3138,2023-05-12,Seller 3138,Lahore,3.2
3139,2023-07-05,Seller 3139,Lahore,4.8
3140,2024-02-09,Seller 3140,Multan,3.6
3141,2025-03-28,Seller 3141,Multan,3.0
3142,2024-07-09,Seller 3142,Islamabad,3.5
3143,2023-12-03,Seller 3143,Islamabad,3.2
3144,2023-08-12,Seller 3144,Islamabad,4.6
3145,2025-05-19,Seller 3145,Multan,3.4
3146,2024-06-03,Seller 3146,Islamabad,4.9
3147,2025-09-30,Seller 3147,Islamabad,4.8
3148,2024-06-25,Seller 3148,Multan,4.0
3149,2023-04-23,Seller 3149,Lahore,3.4
3150,2023-03-18,Seller 3150,Islamabad,4.5
3151,2024-03-01,Seller 3151,Islamabad,3.4
3152,2025-03-19,Seller 3152,Multan,5.0
3153,2025-08-12,Seller 3153,Multan,3.7
3154,2025-03-16,Seller 3154,Multan,3.1
3155,2025-04-28,Seller 3155,Multan,3.3
3156,2024-05-11,Seller 3156,Karachi,5.0
3157,2023-12-21,Seller 3157,Multan,3.8
3158,2024-07-31,Seller 3158,Karachi,3.2
3159,2025-08-16,Seller 3159,Lahore,4.9
3160,2024-06-05,Seller 3160,Lahore,4.9
3161,2025-11-08,Seller 3161,Multan,3.6
3162,2023-01-21,Seller 3162,Islamabad,4.2
3163,2023-11-10,Seller 3163,Karachi,4.1
3164,2023-04-24,Seller 3164,Lahore,3.1
3165,2025-04-30,Seller 3165,Karachi,4.8
3166,2022-12-10,Seller 3166,Lahore,3.4
3167,2024-01-11,Seller 3167,Faisalabad,3.0
3168,2023-05-08,Seller 3168,Karachi,4.6
3169,2023-08-18,Seller 3169,Lahore,3.8
3170,2024-06-18,Seller 3170,Islamabad,4.7
3171,2023-01-21,Seller 3171,Lahore,3.4
3172,2025-04-10,Seller 3172,Islamabad,3.7
3173,2025-03-17,Seller 3173,Lahore,4.0
3174,2025-08-22,Seller 3174,Islamabad,3.6
3175,2024-10-19,Seller 3175,Karachi,3.3
3176,2025-08-12,Seller 3176,Islamabad,3.9
3177,2024-05-09,Seller 3177,Faisalabad,5.0
3178,2025-05-26,Seller 3178,Faisalabad,4.5
3179,2025-01-13,Seller 3179,Islamabad,3.7
3180,2024-04-06,Seller 3180,Faisalabad,3.2
3181,2025-02-18,Seller 3181,Karachi,4.4
3182,2023-02-01,Seller 3182,Islamabad,4.0
3183,2023-12-30,Seller 3183,Lahore,4.8
3184,2023-11-14,Seller 3184,Lahore,4.4
3185,2023-03-23,Seller 3185,Faisalabad,4.0
3186,2023-10-30,Seller 3186,Karachi,3.6
3187,2022-12-28,Seller 3187,Faisalabad,4.0
3188,2024-03-28,Seller 3188,Multan,3.7
3189,2025-01-04,Seller 3189,Islamabad,3.3
3190,2024-10-09,Seller 3190,Islamabad,3.9
3191,2024-06-30,Seller 3191,Karachi,3.6
3192,2023-08-16,Seller 3192,Islamabad,4.2
3193,2024-05-29,Seller 3193,Lahore,4.2
3194,2023-12-24,Seller 3194,Faisalabad,4.3
3195,2023-08-09,Seller 3195,Karachi,3.9
3196,2023-07-25,Seller 3196,Karachi,4.9
3197,2023-05-01,Seller 3197,Lahore,4.7
3198,2024-08-03,Seller 3198,Islamabad,4.0
3199,2024-07-11,Seller 3199,Faisalabad,4.1
3200,2025-06-24,Seller 3200,Lahore,4.0
3201,2025-11-11,Seller 3201,Islamabad,4.0
3202,2025-07-31,Seller 3202,Lahore,3.7
3203,2023-05-24,Seller 3203,Faisalabad,4.8
3204,2024-11-27,Seller 3204,Lahore,4.4
3205,2024-02-13,Seller 3205,Multan,3.2
3206,2024-12-09,Seller 3206,Karachi,3.1
3207,2024-02-05,Seller 3207,Multan,3.7
3208,2023-01-25,Seller 3208,Multan,4.7
3209,2025-07-03,Seller 3209,Karachi,3.2
3210,2025-10-24,Seller 3210,Lahore,3.6
3211,2023-10-29,Seller 3211,Islamabad,3.1
3212,2024-09-21,Seller 3212,Multan,3.3
3213,2025-01-01,Seller 3213,Lahore,4.7
3214,2025-03-01,Seller 3214,Faisalabad,3.9
3215,2025-09-16,Seller 3215,Multan,3.6
3216,2024-11-08,Seller 3216,Faisalabad,3.6
3217,2023-11-03,Seller 3217,Multan,3.8
3218,2023-03-13,Seller 3218,Karachi,4.5
3219,2024-11-19,Seller 3219,Karachi,3.7
3220,2024-09-12,Seller 3220,Karachi,4.6
3221,2023-02-22,Seller 3221,Islamabad,3.3
3222,2024-11-17,Seller 3222,Faisalabad,4.9
3223,2023-01-16,Seller 3223,Multan,4.4
3224,2024-03-17,Seller 3224,Karachi,3.3
3225,2023-01-03,Seller 3225,Faisalabad,3.2
3226,2025-03-13,Seller 3226,Lahore,4.7
3227,2024-08-10,Seller 3227,Lahore,3.5
3228,2025-04-17,Seller 3228,Karachi,4.9
3229,2022-12-21,Seller 3229,Multan,4.0
3230,2023-01-06,Seller 3230,Faisalabad,4.2
3231,2023-10-20,Seller 3231,Karachi,3.2
3232,2025-04-29,Seller 3232,Karachi,4.9
3233,2024-08-31,Seller 3233,Lahore,3.7
3234,2025-11-22,Seller 3234,Multan,3.7
3235,2023-12-29,Seller 3235,Lahore,4.3
3236,2025-01-04,Seller 3236,Lahore,3.5
3237,2025-12-02,Seller 3237,Karachi,4.7
3238,2025-12-01,Seller 3238,Karachi,4.5
3239,2022-12-31,Seller 3239,Multan,3.5
3240,2024-01-09,Seller 3240,Faisalabad,4.0
3241,2025-10-18,Seller 3241,Faisalabad,3.7
3242,2025-04-10,Seller 3242,Islamabad,4.6
3243,2024-09-20,Seller 3243,Faisalabad,4.4
3244,2024-07-10,Seller 3244,Lahore,3.4
3245,2025-05-21,Seller 3245,Lahore,4.3
3246,2023-09-14,Seller 3246,Karachi,4.8
3247,2023-08-01,Seller 3247,Karachi,4.4
3248,2024-04-07,Seller 3248,Faisalabad,4.2
3249,2024-12-29,Seller 3249,Lahore,3.2
3250,2025-06-03,Seller 3250,Multan,4.8
3251,2023-09-12,Seller 3251,Karachi,3.1
3252,2025-01-04,Seller 3252,Islamabad,3.8
3253,2024-03-07,Seller 3253,Multan,3.1
3254,2024-07-01,Seller 3254,Multan,4.3
3255,2024-12-12,Seller 3255,Faisalabad,4.1
3256,2025-08-03,Seller 3256,Islamabad,3.1
3257,2023-07-07,Seller 3257,Islamabad,3.7
3258,2023-06-14,Seller 3258,Lahore,4.9
3259,2023-10-26,Seller 3259,Lahore,4.3
3260,2023-06-25,Seller 3260,Multan,4.7
3261,2025-10-15,Seller 3261,Multan,3.0
3262,2024-04-12,Seller 3262,Multan,3.3
3263,2023-09-20,Seller 3263,Islamabad,3.2
3264,2023-03-12,Seller 3264,Faisalabad,5.0
3265,2023-03-18,Seller 3265,Islamabad,3.5
3266,2023-04-19,Seller 3266,Karachi,4.6
3267,2024-07-28,Seller 3267,Islamabad,4.6
3268,2025-07-08,Seller 3268,Multan,3.1
3269,2023-07-23,Seller 3269,Faisalabad,3.8
3270,2025-09-25,Seller 3270,Multan,4.8
3271,2023-02-26,Seller 3271,Multan,4.6
3272,2024-07-06,Seller 3272,Islamabad,3.5
3273,2024-11-05,Seller 3273,Faisalabad,4.8
3274,2025-02-19,Seller 3274,Multan,3.9
3275,2023-07-20,Seller 3275,Islamabad,3.9
3276,2023-01-25,Seller 3276,Lahore,4.4
3277,2023-10-27,Seller 3277,Lahore,3.3
3278,2025-02-10,Seller 3278,Multan,4.8
3279,2024-04-08,Seller 3279,Islamabad,4.3
3280,2025-11-20,Seller 3280,Karachi,4.6
3281,2025-04-24,Seller 3281,Faisalabad,4.4
3282,2025-06-13,Seller 3282,Islamabad,4.0
3283,2023-03-01,Seller 3283,Multan,3.8
3284,2024-01-01,Seller 3284,Multan,3.3
3285,2024-08-06,Seller 3285,Islamabad,4.0
3286,2024-12-20,Seller 3286,Multan,4.3
3287,2024-10-01,Seller 3287,Multan,4.6
3288,2025-08-24,Seller 3288,Karachi,4.9
3289,2024-06-15,Seller 3289,Karachi,4.8
3290,2023-12-17,Seller 3290,Islamabad,4.0
3291,2023-04-15,Seller 3291,Faisalabad,3.4
3292,2025-11-18,Seller 3292,Multan,4.0
3293,2024-04-03,Seller 3293,Karachi,4.8
3294,2025-03-09,Seller 3294,Lahore,4.6
3295,2024-08-23,Seller 3295,Islamabad,4.5
3296,2023-12-18,Seller 3296,Multan,3.1
3297,2025-04-15,Seller 3297,Faisalabad,4.2
3298,2024-10-07,Seller 3298,Faisalabad,3.9
3299,2023-12-27,Seller 3299,Karachi,3.5
3300,2024-11-22,Seller 3300,Islamabad,4.8
3301,2024-12-13,Seller 3301,Karachi,4.8
3302,2025-07-12,Seller 3302,Islamabad,3.5
3303,2025-03-23,Seller 3303,Multan,4.5
3304,2023-06-06,Seller 3304,Multan,3.6
3305,2025-07-17,Seller 3305,Multan,3.3
3306,2025-05-30,Seller 3306,Lahore,3.3
3307,2025-07-22,Seller 3307,Multan,3.9
3308,2024-12-26,Seller 3308,Karachi,4.3
3309,2024-07-27,Seller 3309,Multan,4.2
3310,2024-12-18,Seller 3310,Islamabad,5.0
3311,2025-02-28,Seller 3311,Faisalabad,3.3
3312,2024-06-26,Seller 3312,Karachi,4.8
3313,2025-06-14,Seller 3313,Lahore,4.7
3314,2024-06-08,Seller 3314,Multan,4.3
3315,2023-09-28,Seller 3315,Islamabad,4.4
3316,2024-09-18,Seller 3316,Multan,3.0
3317,2024-07-08,Seller 3317,Lahore,4.1
3318,2025-10-09,Seller 3318,Multan,4.6
3319,2023-05-23,Seller 3319,Faisalabad,3.9
3320,2023-02-27,Seller 3320,Multan,3.4
3321,2025-09-22,Seller 3321,Multan,3.2
3322,2025-04-05,Seller 3322,Lahore,3.3
3323,2023-08-30,Seller 3323,Multan,3.7
3324,2023-04-13,Seller 3324,Karachi,4.2
3325,2024-12-19,Seller 3325,Multan,3.5
3326,2025-04-27,Seller 3326,Faisalabad,3.6
3327,2025-01-04,Seller 3327,Lahore,3.3
3328,2023-09-05,Seller 3328,Multan,3.1
3329,2023-04-10,Seller 3329,Islamabad,4.9
3330,2025-10-29,Seller 3330,Islamabad,4.3
3331,2025-03-09,Seller 3331,Islamabad,4.0
3332,2024-07-08,Seller 3332,Karachi,4.4
3333,2025-10-27,Seller 3333,Lahore,3.7
3334,2025-03-19,Seller 3334,Faisalabad,4.9
3335,2024-02-21,Seller 3335,Lahore,3.9
3336,2025-11-05,Seller 3336,Faisalabad,4.0
3337,2025-05-28,Seller 3337,Lahore,3.0
3338,2024-08-22,Seller 3338,Faisalabad,4.1
3339,2024-08-20,Seller 3339,Karachi,3.6
3340,2023-03-30,Seller 3340,Lahore,4.7
3341,2025-07-24,Seller 3341,Islamabad,3.4
3342,2023-09-14,Seller 3342,Multan,4.3
3343,2025-10-26,Seller 3343,Multan,4.3
3344,2025-10-12,Seller 3344,Islamabad,3.2
3345,2024-01-29,Seller 3345,Faisalabad,4.4
3346,2023-03-03,Seller 3346,Islamabad,3.1
3347,2023-06-07,Seller 3347,Lahore,4.6
3348,2023-08-26,Seller 3348,Islamabad,3.4
3349,2025-01-04,Seller 3349,Lahore,3.7
3350,2023-10-10,Seller 3350,Faisalabad,3.2
3351,2024-01-27,Seller 3351,Lahore,4.7
3352,2024-08-07,Seller 3352,Faisalabad,4.3
3353,2024-07-10,Seller 3353,Multan,4.9
3354,2025-10-25,Seller 3354,Islamabad,3.1
3355,2023-10-06,Seller 3355,Lahore,4.4
3356,2025-01-03,Seller 3356,Multan,3.6
3357,2024-09-19,Seller 3357,Islamabad,3.9
3358,2024-05-04,Seller 3358,Lahore,3.2
3359,2025-02-13,Seller 3359,Lahore,4.7
3360,2025-05-14,Seller 3360,Karachi,3.6
3361,2025-03-12,Seller 3361,Multan,4.9
3362,2023-08-13,Seller 3362,Faisalabad,3.6
3363,2023-02-14,Seller 3363,Faisalabad,3.6
3364,2024-11-01,Seller 3364,Islamabad,4.1
3365,2024-07-09,Seller 3365,Karachi,4.2
3366,2023-03-14,Seller 3366,Lahore,3.2
3367,2023-01-25,Seller 3367,Karachi,3.0
3368,2025-08-09,Seller 3368,Multan,4.0
3369,2025-06-23,Seller 3369,Lahore,3.1
3370,2023-04-12,Seller 3370,Islamabad,3.1
3371,2025-08-05,Seller 3371,Islamabad,3.6
3372,2024-06-09,Seller 3372,Karachi,3.5
3373,2025-01-11,Seller 3373,Lahore,3.8
3374,2025-03-22,Seller 3374,Faisalabad,3.8
3375,2023-11-07,Seller 3375,Islamabad,3.9
3376,2023-01-24,Seller 3376,Faisalabad,4.1
3377,2025-07-11,Seller 3377,Faisalabad,3.3
3378,2024-10-12,Seller 3378,Islamabad,4.2
3379,2024-01-10,Seller 3379,Karachi,3.6
3380,2023-01-19,Seller 3380,Karachi,3.4
3381,2025-07-05,Seller 3381,Multan,3.7
3382,2024-04-08,Seller 3382,Faisalabad,3.9
3383,2025-08-06,Seller 3383,Faisalabad,5.0
3384,2023-12-02,Seller 3384,Islamabad,3.0
3385,2024-07-26,Seller 3385,Multan,3.3
3386,2024-11-04,Seller 3386,Faisalabad,3.3
3387,2023-03-15,Seller 3387,Lahore,4.4
3388,2022-12-19,Seller 3388,Multan,4.1
3389,2024-08-12,Seller 3389,Multan,3.8
3390,2024-12-24,Seller 3390,Islamabad,3.4
3391,2023-12-20,Seller 3391,Karachi,3.6
3392,2025-06-08,Seller 3392,Lahore,4.2
3393,2025-04-14,Seller 3393,Multan,4.5
3394,2025-07-11,Seller 3394,Lahore,4.7
3395,2024-06-19,Seller 3395,Faisalabad,4.2
3396,2025-09-07,Seller 3396,Faisalabad,3.4
3397,2024-11-03,Seller 3397,Multan,4.8
3398,2023-12-18,Seller 3398,Islamabad,4.0
3399,2024-07-18,Seller 3399,Lahore,3.5
3400,2024-06-14,Seller 3400,Multan,4.0
3401,2025-08-24,Seller 3401,Karachi,4.8
3402,2024-10-31,Seller 3402,Lahore,4.7
3403,2024-02-16,Seller 3403,Multan,3.7
3404,2023-12-11,Seller 3404,Islamabad,4.9
3405,2024-07-23,Seller 3405,Multan,4.1
3406,2025-06-08,Seller 3406,Lahore,3.2
3407,2023-01-29,Seller 3407,Faisalabad,4.6
3408,2023-09-23,Seller 3408,Faisalabad,3.3
3409,2025-03-26,Seller 3409,Faisalabad,4.4
3410,2023-03-11,Seller 3410,Multan,4.5
3411,2025-04-18,Seller 3411,Lahore,4.5
3412,2023-02-06,Seller 3412,Karachi,4.4
3413,2025-06-02,Seller 3413,Islamabad,4.8
3414,2025-03-31,Seller 3414,Lahore,4.9
3415,2023-06-21,Seller 3415,Islamabad,4.8
3416,2024-01-31,Seller 3416,Faisalabad,4.2
3417,2023-09-04,Seller 3417,Lahore,4.4
3418,2025-02-14,Seller 3418,Lahore,3.2
3419,2022-12-22,Seller 3419,Islamabad,3.4
3420,2024-12-22,Seller 3420,Faisalabad,4.9
3421,2023-09-22,Seller 3421,Karachi,3.1
3422,2023-07-23,Seller 3422,Karachi,4.1
3423,2024-09-09,Seller 3423,Lahore,4.2
3424,2025-08-08,Seller 3424,Islamabad,4.7
3425,2023-04-23,Seller 3425,Faisalabad,4.5
3426,2025-03-07,Seller 3426,Karachi,5.0
3427,2025-08-20,Seller 3427,Multan,4.4
3428,2025-12-03,Seller 3428,Multan,3.1
3429,2023-10-04,Seller 3429,Lahore,4.0
3430,2025-08-20,Seller 3430,Islamabad,3.5
3431,2023-04-04,Seller 3431,Karachi,3.3
3432,2022-12-31,Seller 3432,Karachi,3.2
3433,2024-07-16,Seller 3433,Karachi,3.4
3434,2024-04-12,Seller 3434,Multan,3.9
3435,2024-10-29,Seller 3435,Faisalabad,3.8
3436,2025-06-23,Seller 3436,Islamabad,3.9
3437,2025-07-12,Seller 3437,Karachi,3.6
3438,2025-08-05,Seller 3438,Karachi,3.0
3439,2023-06-01,Seller 3439,Karachi,4.6
3440,2024-09-30,Seller 3440,Islamabad,4.2
3441,2025-05-16,Seller 3441,Lahore,4.3
3442,2025-02-13,Seller 3442,Islamabad,3.8
3443,2025-05-07,Seller 3443,Islamabad,3.7
3444,2025-08-04,Seller 3444,Islamabad,4.1
3445,2023-07-24,Seller 3445,Islamabad,3.9
3446,2024-07-07,Seller 3446,Faisalabad,3.1
3447,2024-09-06,Seller 3447,Karachi,4.7
3448,2023-01-09,Seller 3448,Karachi,4.1
3449,2024-06-12,Seller 3449,Multan,4.5
3450,2024-02-22,Seller 3450,Faisalabad,4.6
3451,2024-07-05,Seller 3451,Lahore,5.0
3452,2024-11-22,Seller 3452,Islamabad,3.5
3453,2025-04-16,Seller 3453,Karachi,3.4
3454,2025-08-16,Seller 3454,Faisalabad,4.5
3455,2024-10-09,Seller 3455,Faisalabad,3.9
3456,2023-01-10,Seller 3456,Karachi,3.6
3457,2024-05-20,Seller 3457,Faisalabad,4.6
3458,2024-11-27,Seller 3458,Islamabad,4.4
3459,2024-05-25,Seller 3459,Islamabad,3.7
3460,2024-01-12,Seller 3460,Faisalabad,4.9
3461,2024-07-11,Seller 3461,Lahore,3.9
3462,2025-05-24,Seller 3462,Karachi,3.8
3463,2025-11-21,Seller 3463,Islamabad,3.0
3464,2025-09-23,Seller 3464,Faisalabad,4.1
3465,2023-03-27,Seller 3465,Islamabad,3.8
3466,2025-06-12,Seller 3466,Karachi,3.8
3467,2023-08-03,Seller 3467,Lahore,4.9
3468,2024-10-19,Seller 3468,Faisalabad,3.7
3469,2025-09-27,Seller 3469,Lahore,3.9
3470,2025-05-13,Seller 3470,Multan,4.4
3471,2024-05-07,Seller 3471,Islamabad,3.3
3472,2025-03-17,Seller 3472,Multan,4.0
3473,2025-05-07,Seller 3473,Karachi,4.5
3474,2024-10-04,Seller 3474,Multan,3.9
3475,2023-02-28,Seller 3475,Islamabad,3.4
3476,2023-10-01,Seller 3476,Karachi,3.3
3477,2023-01-04,Seller 3477,Karachi,4.0
3478,2023-12-28,Seller 3478,Karachi,4.3
3479,2024-03-21,Seller 3479,Lahore,4.8
3480,2025-07-04,Seller 3480,Karachi,4.2
3481,2025-07-03,Seller 3481,Islamabad,4.2
3482,2025-06-22,Seller 3482,Multan,3.6
3483,2025-04-09,Seller 3483,Karachi,4.8
3484,2023-08-25,Seller 3484,Karachi,4.5
3485,2024-09-15,Seller 3485,Faisalabad,4.6
3486,2025-01-02,Seller 3486,Faisalabad,3.6
3487,2024-03-15,Seller 3487,Faisalabad,4.1
3488,2023-05-31,Seller 3488,Faisalabad,4.5
3489,2025-01-09,Seller 3489,Faisalabad,3.5
3490,2024-02-07,Seller 3490,Islamabad,4.6
3491,2023-07-15,Seller 3491,Lahore,3.1
3492,2024-01-29,Seller 3492,Islamabad,4.3
3493,2025-05-09,Seller 3493,Lahore,3.3
3494,2024-09-16,Seller 3494,Islamabad,4.2
3495,2024-01-23,Seller 3495,Multan,4.6
3496,2023-08-14,Seller 3496,Multan,4.9
3497,2024-10-23,Seller 3497,Lahore,4.0
3498,2025-10-01,Seller 3498,Multan,3.7
3499,2024-08-15,Seller 3499,Karachi,4.2
3500,2023-10-25,Seller 3500,Multan,4.3
3501,2025-06-29,Seller 3501,Faisalabad,4.5
3502,2023-01-16,Seller 3502,Lahore,4.8
3503,2023-11-27,Seller 3503,Islamabad,4.5
3504,2023-02-23,Seller 3504,Lahore,4.6
3505,2023-07-28,Seller 3505,Karachi,4.6
3506,2023-06-28,Seller 3506,Faisalabad,4.8
3507,2024-09-15,Seller 3507,Karachi,4.0
3508,2025-09-03,Seller 3508,Karachi,4.1
3509,2023-12-05,Seller 3509,Faisalabad,4.9
3510,2024-09-19,Seller 3510,Karachi,3.6
3511,2024-10-05,Seller 3511,Karachi,3.4
3512,2024-09-02,Seller 3512,Faisalabad,3.9
3513,2023-10-15,Seller 3513,Faisalabad,4.6
3514,2025-01-08,Seller 3514,Lahore,3.1
3515,2023-07-07,Seller 3515,Multan,3.1
3516,2023-09-18,Seller 3516,Islamabad,4.5
3517,2025-07-04,Seller 3517,Islamabad,3.3
3518,2024-03-15,Seller 3518,Islamabad,4.9
3519,2024-02-01,Seller 3519,Faisalabad,3.7
3520,2024-01-31,Seller 3520,Faisalabad,4.0
3521,2023-02-24,Seller 3521,Lahore,3.2
3522,2025-09-07,Seller 3522,Multan,4.2
3523,2025-07-10,Seller 3523,Faisalabad,4.8
3524,2025-09-22,Seller 3524,Islamabad,4.4
3525,2023-03-24,Seller 3525,Multan,3.8
3526,2024-04-15,Seller 3526,Multan,4.9
3527,2024-12-22,Seller 3527,Karachi,3.6
3528,2025-03-24,Seller 3528,Islamabad,4.4
3529,2025-10-26,Seller 3529,Faisalabad,4.3
3530,2025-09-08,Seller 3530,Lahore,4.8
3531,2024-09-19,Seller 3531,Faisalabad,4.3
3532,2025-05-17,Seller 3532,Multan,4.9
3533,2025-11-09,Seller 3533,Faisalabad,4.3
3534,2024-05-23,Seller 3534,Karachi,3.7
3535,2025-09-26,Seller 3535,Faisalabad,3.4
3536,2024-04-30,Seller 3536,Faisalabad,3.8
3537,2022-12-23,Seller 3537,Lahore,3.8
3538,2024-06-17,Seller 3538,Islamabad,4.7
3539,2023-03-28,Seller 3539,Multan,5.0
3540,2023-02-15,Seller 3540,Lahore,3.5
3541,2024-09-06,Seller 3541,Multan,3.5
3542,2022-12-09,Seller 3542,Islamabad,4.2
3543,2025-04-06,Seller 3543,Multan,4.3
3544,2024-04-02,Seller 3544,Faisalabad,4.1
3545,2025-03-14,Seller 3545,Faisalabad,3.8
3546,2025-09-12,Seller 3546,Lahore,3.8
3547,2024-09-13,Seller 3547,Islamabad,4.5
3548,2023-07-13,Seller 3548,Islamabad,3.7
3549,2024-04-26,Seller 3549,Faisalabad,4.7
3550,2025-10-24,Seller 3550,Faisalabad,3.1
3551,2023-08-09,Seller 3551,Multan,4.2
3552,2024-05-02,Seller 3552,Multan,4.5
3553,2024-04-02,Seller 3553,Multan,4.4
3554,2023-11-23,Seller 3554,Islamabad,3.6
3555,2024-03-12,Seller 3555,Lahore,3.8
3556,2023-04-30,Seller 3556,Multan,4.6
3557,2023-09-19,Seller 3557,Karachi,3.7
3558,2023-01-27,Seller 3558,Islamabad,4.7
3559,2024-03-21,Seller 3559,Lahore,3.1
3560,2024-10-24,Seller 3560,Karachi,3.3
3561,2025-02-06,Seller 3561,Karachi,4.0
3562,2023-02-03,Seller 3562,Faisalabad,3.6
3563,2025-05-22,Seller 3563,Islamabad,3.8
3564,2024-11-05,Seller 3564,Lahore,4.7
3565,2024-12-31,Seller 3565,Islamabad,4.7
3566,2024-04-27,Seller 3566,Multan,3.8
3567,2025-10-19,Seller 3567,Lahore,4.9
3568,2024-12-04,Seller 3568,Multan,3.9
3569,2024-03-07,Seller 3569,Lahore,3.3
3570,2023-06-26,Seller 3570,Karachi,5.0
3571,2023-07-04,Seller 3571,Islamabad,4.6
3572,2023-09-02,Seller 3572,Lahore,3.1
3573,2025-11-11,Seller 3573,Multan,3.5
3574,2025-07-10,Seller 3574,Karachi,4.6
3575,2024-06-10,Seller 3575,Faisalabad,3.5
3576,2023-10-31,Seller 3576,Islamabad,3.8
3577,2023-01-27,Seller 3577,Multan,3.4
3578,2024-10-07,Seller 3578,Faisalabad,4.7
3579,2023-05-04,Seller 3579,Lahore,4.6
3580,2024-08-27,Seller 3580,Multan,4.0
3581,2023-06-28,Seller 3581,Karachi,4.0
3582,2024-02-28,Seller 3582,Islamabad,3.7
3583,2024-02-07,Seller 3583,Karachi,3.7
3584,2023-03-20,Seller 3584,Faisalabad,3.8
3585,2024-06-10,Seller 3585,Islamabad,3.5
3586,2024-09-05,Seller 3586,Islamabad,4.0
3587,2023-12-12,Seller 3587,Multan,3.3
3588,2024-04-18,Seller 3588,Lahore,3.6
3589,2025-08-07,Seller 3589,Islamabad,4.3
3590,2024-07-12,Seller 3590,Karachi,4.1
3591,2025-11-01,Seller 3591,Islamabad,4.2
3592,2023-12-24,Seller 3592,Karachi,4.2
3593,2024-09-04,Seller 3593,Lahore,4.2
3594,2024-08-06,Seller 3594,Karachi,4.8
3595,2024-07-06,Seller 3595,Lahore,3.1
3596,2023-04-08,Seller 3596,Faisalabad,4.8
3597,2023-11-24,Seller 3597,Faisalabad,3.7
3598,2025-04-09,Seller 3598,Islamabad,3.6
3599,2025-06-28,Seller 3599,Lahore,4.3
3600,2024-10-19,Seller 3600,Multan,4.0
3601,2023-04-07,Seller 3601,Islamabad,3.2
3602,2025-05-17,Seller 3602,Lahore,4.9
3603,2022-12-17,Seller 3603,Multan,3.5
3604,2023-03-29,Seller 3604,Lahore,3.5
3605,2025-03-03,Seller 3605,Lahore,3.6
3606,2025-09-01,Seller 3606,Multan,4.6
3607,2025-04-03,Seller 3607,Faisalabad,4.4
3608,2024-07-04,Seller 3608,Faisalabad,4.5
3609,2024-09-03,Seller 3609,Multan,4.6
3610,2025-11-01,Seller 3610,Karachi,3.7
3611,2025-07-10,Seller 3611,Multan,3.8
3612,2024-06-02,Seller 3612,Faisalabad,4.3
3613,2023-04-10,Seller 3613,Lahore,4.1
3614,2024-10-28,Seller 3614,Karachi,3.1
3615,2024-06-24,Seller 3615,Karachi,3.0
3616,2024-08-10,Seller 3616,Lahore,4.0
3617,2025-03-06,Seller 3617,Multan,4.4
3618,2025-07-12,Seller 3618,Karachi,3.0
3619,2025-01-03,Seller 3619,Islamabad,4.6
3620,2023-04-18,Seller 3620,Faisalabad,3.6
3621,2025-10-17,Seller 3621,Lahore,3.2
3622,2025-10-18,Seller 3622,Multan,4.5
3623,2024-05-19,Seller 3623,Lahore,4.3
3624,2023-04-07,Seller 3624,Islamabad,4.2
3625,2025-10-07,Seller 3625,Multan,4.7
3626,2023-09-09,Seller 3626,Islamabad,4.0
3627,2024-10-29,Seller 3627,Karachi,4.0
3628,2023-02-26,Seller 3628,Karachi,4.4
3629,2024-01-08,Seller 3629,Lahore,3.1
3630,2023-04-28,Seller 3630,Faisalabad,4.8
3631,2024-01-09,Seller 3631,Lahore,4.0
3632,2024-09-14,Seller 3632,Islamabad,4.6
3633,2024-10-13,Seller 3633,Lahore,3.0
3634,2023-12-20,Seller 3634,Lahore,4.1
3635,2024-10-12,Seller 3635,Lahore,3.1
3636,2024-10-20,Seller 3636,Karachi,3.1
3637,2023-07-10,Seller 3637,Lahore,3.6
3638,2024-06-11,Seller 3638,Lahore,4.5
3639,2023-02-13,Seller 3639,Multan,3.6
3640,2024-05-23,Seller 3640,Lahore,3.1
3641,2025-04-11,Seller 3641,Karachi,3.4
3642,2024-03-16,Seller 3642,Karachi,4.8
3643,2023-06-15,Seller 3643,Lahore,3.5
3644,2023-07-30,Seller 3644,Multan,3.8
3645,2025-08-06,Seller 3645,Faisalabad,3.1
3646,2023-08-23,Seller 3646,Faisalabad,4.0
3647,2024-06-28,Seller 3647,Islamabad,3.4
3648,2022-12-24,Seller 3648,Islamabad,4.6
3649,2025-11-28,Seller 3649,Karachi,4.8
3650,2024-03-16,Seller 3650,Faisalabad,3.8
3651,2025-02-08,Seller 3651,Karachi,4.1
3652,2023-04-09,Seller 3652,Faisalabad,3.7
3653,2024-08-29,Seller 3653,Islamabad,4.7
3654,2024-11-22,Seller 3654,Multan,4.3
3655,2024-07-07,Seller 3655,Karachi,3.0
3656,2023-10-13,Seller 3656,Islamabad,4.2
3657,2024-04-02,Seller 3657,Multan,3.1
3658,2024-01-04,Seller 3658,Lahore,4.7
3659,2025-04-19,Seller 3659,Karachi,3.4
3660,2024-10-26,Seller 3660,Lahore,4.7
3661,2025-04-17,Seller 3661,Islamabad,4.4
3662,2023-05-09,Seller 3662,Lahore,3.4
3663,2024-11-25,Seller 3663,Faisalabad,4.0
3664,2023-05-21,Seller 3664,Lahore,5.0
3665,2024-09-14,Seller 3665,Islamabad,4.4
3666,2023-06-04,Seller 3666,Multan,4.0
3667,2023-11-10,Seller 3667,Lahore,4.3
3668,2025-10-14,Seller 3668,Faisalabad,4.2
3669,2023-08-09,Seller 3669,Multan,4.5
3670,2025-08-01,Seller 3670,Lahore,3.1
3671,2023-09-18,Seller 3671,Karachi,3.7
3672,2022-12-30,Seller 3672,Lahore,3.9
3673,2025-10-24,Seller 3673,Faisalabad,4.2
3674,2023-07-15,Seller 3674,Multan,4.5
3675,2023-10-27,Seller 3675,Faisalabad,4.0
3676,2025-01-15,Seller 3676,Multan,4.9
3677,2023-02-07,Seller 3677,Faisalabad,3.8
3678,2025-11-15,Seller 3678,Lahore,3.4
3679,2025-11-12,Seller 3679,Lahore,4.2
3680,2024-12-02,Seller 3680,Karachi,3.4
3681,2024-07-22,Seller 3681,Islamabad,4.1
3682,2025-02-24,Seller 3682,Islamabad,4.5
3683,2023-02-21,Seller 3683,Multan,4.3
3684,2023-12-01,Seller 3684,Karachi,4.8
3685,2025-09-14,Seller 3685,Islamabad,4.5
3686,2022-12-29,Seller 3686,Karachi,4.0
3687,2024-07-29,Seller 3687,Lahore,5.0
3688,2025-11-18,Seller 3688,Multan,3.1
3689,2024-10-24,Seller 3689,Faisalabad,4.1
3690,2024-06-02,Seller 3690,Lahore,3.4
3691,2023-03-21,Seller 3691,Karachi,4.4
3692,2024-04-15,Seller 3692,Karachi,3.7
3693,2025-01-24,Seller 3693,Karachi,3.3
3694,2023-09-11,Seller 3694,Lahore,4.8
3695,2025-09-01,Seller 3695,Islamabad,3.4
3696,2024-01-28,Seller 3696,Multan,3.2
3697,2023-10-25,Seller 3697,Faisalabad,3.2
3698,2025-08-19,Seller 3698,Multan,4.4
3699,2023-01-07,Seller 3699,Lahore,3.9
3700,2025-11-24,Seller 3700,Islamabad,4.8
3701,2023-07-14,Seller 3701,Islamabad,3.1
3702,2024-03-10,Seller 3702,Karachi,3.3
3703,2023-05-02,Seller 3703,Islamabad,4.9
3704,2025-03-18,Seller 3704,Lahore,4.2
3705,2023-12-04,Seller 3705,Karachi,3.1
3706,2023-06-22,Seller 3706,Karachi,3.5
3707,2023-04-11,Seller 3707,Karachi,4.9
3708,2023-11-17,Seller 3708,Islamabad,4.3
3709,2025-07-15,Seller 3709,Multan,3.3
3710,2024-08-16,Seller 3710,Lahore,4.2
3711,2024-03-17,Seller 3711,Islamabad,4.5
3712,2023-02-21,Seller 3712,Lahore,3.7
3713,2024-03-10,Seller 3713,Faisalabad,4.5
3714,2025-02-17,Seller 3714,Multan,3.7
3715,2023-11-01,Seller 3715,Lahore,4.7
3716,2024-09-01,Seller 3716,Faisalabad,3.9
3717,2025-02-25,Seller 3717,Islamabad,4.5
3718,2024-03-19,Seller 3718,Multan,3.3
3719,2024-05-09,Seller 3719,Islamabad,3.8
3720,2023-01-19,Seller 3720,Multan,3.9
3721,2023-06-06,Seller 3721,Faisalabad,4.9
3722,2025-07-03,Seller 3722,Multan,4.7
3723,2023-03-20,Seller 3723,Lahore,4.4
3724,2024-01-19,Seller 3724,Faisalabad,3.1
3725,2024-04-14,Seller 3725,Faisalabad,4.5
3726,2024-01-10,Seller 3726,Lahore,3.9
3727,2025-07-31,Seller 3727,Multan,4.1
3728,2025-07-22,Seller 3728,Islamabad,3.1
3729,2025-09-30,Seller 3729,Multan,3.2
3730,2024-06-01,Seller 3730,Faisalabad,4.4
3731,2023-02-22,Seller 3731,Faisalabad,4.0
3732,2024-12-05,Seller 3732,Lahore,4.8
3733,2024-11-12,Seller 3733,Karachi,4.0
3734,2024-10-24,Seller 3734,Lahore,4.1
3735,2025-06-17,Seller 3735,Lahore,3.2
3736,2025-08-31,Seller 3736,Islamabad,3.7
3737,2025-03-10,Seller 3737,Multan,3.9
3738,2024-05-09,Seller 3738,Multan,4.1
3739,2025-08-14,Seller 3739,Faisalabad,3.2
3740,2025-06-16,Seller 3740,Faisalabad,4.7
3741,2023-08-23,Seller 3741,Faisalabad,3.9
3742,2025-10-24,Seller 3742,Faisalabad,3.8
3743,2022-12-16,Seller 3743,Karachi,4.8
3744,2023-05-09,Seller 3744,Faisalabad,3.7
3745,2025-06-28,Seller 3745,Lahore,3.1
3746,2025-03-20,Seller 3746,Multan,4.2
3747,2024-06-02,Seller 3747,Islamabad,5.0
3748,2025-10-21,Seller 3748,Faisalabad,4.1
3749,2025-02-26,Seller 3749,Multan,3.3
3750,2024-08-14,Seller 3750,Islamabad,3.9
3751,2025-03-27,Seller 3751,Faisalabad,4.1
3752,2023-05-17,Seller 3752,Islamabad,3.3
3753,2025-05-07,Seller 3753,Islamabad,3.8
3754,2023-04-18,Seller 3754,Lahore,3.6
3755,2023-02-12,Seller 3755,Islamabad,4.7
3756,2023-07-13,Seller 3756,Lahore,3.7
3757,2024-01-10,Seller 3757,Karachi,4.9
3758,2025-08-31,Seller 3758,Lahore,4.3
3759,2023-06-20,Seller 3759,Multan,4.5
3760,2023-01-03,Seller 3760,Karachi,4.8
3761,2023-08-02,Seller 3761,Lahore,4.0
3762,2025-01-02,Seller 3762,Multan,4.8
3763,2024-04-29,Seller 3763,Faisalabad,3.3
3764,2023-11-07,Seller 3764,Islamabad,3.8
3765,2024-09-15,Seller 3765,Faisalabad,3.4
3766,2025-11-23,Seller 3766,Faisalabad,3.1
3767,2023-02-11,Seller 3767,Faisalabad,4.3
3768,2023-03-20,Seller 3768,Lahore,3.6
3769,2025-08-27,Seller 3769,Multan,3.8
3770,2024-04-04,Seller 3770,Multan,4.3
3771,2024-09-02,Seller 3771,Lahore,4.3
3772,2025-08-05,Seller 3772,Faisalabad,3.7
3773,2025-08-30,Seller 3773,Multan,4.7
3774,2025-09-26,Seller 3774,Faisalabad,3.8
3775,2025-09-20,Seller 3775,Islamabad,4.7
3776,2025-08-12,Seller 3776,Karachi,3.7
3777,2024-03-26,Seller 3777,Multan,3.8
3778,2023-11-26,Seller 3778,Karachi,3.8
3779,2025-02-21,Seller 3779,Multan,3.1
3780,2023-07-01,Seller 3780,Faisalabad,3.3
3781,2023-04-16,Seller 3781,Multan,3.7
3782,2025-09-24,Seller 3782,Karachi,4.6
3783,2023-05-07,Seller 3783,Islamabad,3.4
3784,2024-08-05,Seller 3784,Karachi,3.7
3785,2024-04-20,Seller 3785,Islamabad,3.3
3786,2024-04-12,Seller 3786,Faisalabad,4.1
3787,2023-11-03,Seller 3787,Multan,3.3
3788,2023-04-03,Seller 3788,Lahore,4.4
3789,2024-11-12,Seller 3789,Faisalabad,4.8
3790,2025-05-22,Seller 3790,Islamabad,4.0
3791,2025-02-11,Seller 3791,Islamabad,4.3
3792,2025-02-17,Seller 3792,Islamabad,3.1
3793,2023-05-30,Seller 3793,Multan,4.2
3794,2024-05-31,Seller 3794,Lahore,4.8
3795,2024-12-13,Seller 3795,Lahore,3.2
3796,2023-05-12,Seller 3796,Multan,3.7
3797,2025-01-30,Seller 3797,Multan,4.5
3798,2025-01-29,Seller 3798,Islamabad,3.7
3799,2024-11-27,Seller 3799,Islamabad,4.4
3800,2023-09-06,Seller 3800,Faisalabad,4.9
3801,2025-10-09,Seller 3801,Faisalabad,4.5
3802,2024-02-05,Seller 3802,Karachi,4.0
3803,2025-01-04,Seller 3803,Multan,4.5
3804,2025-07-23,Seller 3804,Lahore,3.8
3805,2023-07-27,Seller 3805,Karachi,3.3
3806,2024-10-22,Seller 3806,Karachi,3.3
3807,2025-07-26,Seller 3807,Lahore,3.3
3808,2025-10-05,Seller 3808,Multan,3.7
3809,2024-09-15,Seller 3809,Faisalabad,3.3
3810,2025-05-03,Seller 3810,Faisalabad,3.6
3811,2024-10-09,Seller 3811,Islamabad,4.1
3812,2022-12-16,Seller 3812,Lahore,5.0
3813,2023-11-12,Seller 3813,Lahore,3.5
3814,2025-02-28,Seller 3814,Faisalabad,4.9
3815,2023-02-06,Seller 3815,Multan,4.5
3816,2025-10-14,Seller 3816,Karachi,4.6
3817,2025-09-12,Seller 3817,Karachi,3.7
3818,2023-08-13,Seller 3818,Faisalabad,3.8
3819,2025-04-09,Seller 3819,Multan,4.1
3820,2024-03-21,Seller 3820,Lahore,3.5
3821,2024-10-19,Seller 3821,Karachi,4.7
3822,2025-03-18,Seller 3822,Faisalabad,4.4
3823,2023-08-01,Seller 3823,Islamabad,4.4
3824,2023-08-12,Seller 3824,Lahore,4.2
3825,2025-08-09,Seller 3825,Faisalabad,3.2
3826,2023-11-16,Seller 3826,Karachi,3.1
3827,2024-05-19,Seller 3827,Lahore,4.5
3828,2024-03-28,Seller 3828,Multan,4.0
3829,2023-04-16,Seller 3829,Karachi,4.4
3830,2023-09-10,Seller 3830,Islamabad,3.8
3831,2023-10-20,Seller 3831,Faisalabad,3.9
3832,2023-06-09,Seller 3832,Faisalabad,4.5
3833,2025-08-18,Seller 3833,Faisalabad,4.0
3834,2023-02-16,Seller 3834,Multan,3.2
3835,2024-10-19,Seller 3835,Faisalabad,4.9
3836,2023-03-11,Seller 3836,Karachi,3.9
3837,2024-06-20,Seller 3837,Faisalabad,4.6
3838,2025-01-19,Seller 3838,Faisalabad,4.9
3839,2024-03-25,Seller 3839,Lahore,3.0
3840,2022-12-23,Seller 3840,Faisalabad,4.1
3841,2023-06-28,Seller 3841,Lahore,3.2
3842,2023-06-17,Seller 3842,Lahore,3.4
3843,2025-06-28,Seller 3843,Karachi,4.0
3844,2023-05-15,Seller 3844,Karachi,4.5
3845,2023-09-27,Seller 3845,Faisalabad,3.3
3846,2025-09-22,Seller 3846,Faisalabad,3.4
3847,2023-10-31,Seller 3847,Islamabad,4.4
3848,2023-08-20,Seller 3848,Karachi,4.0
3849,2025-09-14,Seller 3849,Faisalabad,4.7
3850,2024-10-29,Seller 3850,Islamabad,4.2
3851,2023-07-11,Seller 3851,Multan,4.3
3852,2023-11-19,Seller 3852,Faisalabad,3.2
3853,2025-06-01,Seller 3853,Faisalabad,3.1
3854,2024-03-31,Seller 3854,Faisalabad,4.9
3855,2024-08-21,Seller 3855,Faisalabad,4.5
3856,2023-03-07,Seller 3856,Faisalabad,3.2
3857,2024-09-23,Seller 3857,Multan,3.1
3858,2025-10-13,Seller 3858,Karachi,4.6
3859,2024-08-04,Seller 3859,Faisalabad,4.4
3860,2025-11-14,Seller 3860,Karachi,3.3
3861,2023-05-16,Seller 3861,Multan,3.2
3862,2024-03-29,Seller 3862,Karachi,3.4
3863,2024-01-27,Seller 3863,Faisalabad,3.1
3864,2024-03-07,Seller 3864,Karachi,4.4
3865,2025-05-04,Seller 3865,Karachi,3.2
3866,2024-02-08,Seller 3866,Islamabad,3.7
3867,2024-01-07,Seller 3867,Karachi,4.6
3868,2024-11-06,Seller 3868,Faisalabad,3.8
3869,2024-02-19,Seller 3869,Karachi,3.2
3870,2025-07-28,Seller 3870,Faisalabad,3.5
3871,2023-09-27,Seller 3871,Multan,4.4
3872,2025-11-04,Seller 3872,Lahore,3.4
3873,2025-07-17,Seller 3873,Karachi,4.6
3874,2025-05-17,Seller 3874,Islamabad,4.4
3875,2025-04-20,Seller 3875,Multan,4.7
3876,2023-06-25,Seller 3876,Islamabad,4.7
3877,2024-12-13,Seller 3877,Islamabad,4.2
3878,2023-09-13,Seller 3878,Lahore,3.3
3879,2023-09-08,Seller 3879,Islamabad,3.6
3880,2024-07-21,Seller 3880,Karachi,3.1
3881,2024-06-09,Seller 3881,Islamabad,4.6
3882,2023-01-12,Seller 3882,Islamabad,3.7
3883,2024-12-17,Seller 3883,Faisalabad,3.5
3884,2025-11-27,Seller 3884,Multan,3.9
3885,2024-07-17,Seller 3885,Karachi,4.7
3886,2024-07-18,Seller 3886,Islamabad,4.1
3887,2024-11-06,Seller 3887,Lahore,3.2
3888,2024-09-17,Seller 3888,Karachi,4.8
3889,2023-10-04,Seller 3889,Faisalabad,3.9
3890,2025-08-16,Seller 3890,Lahore,3.2
3891,2024-04-20,Seller 3891,Faisalabad,4.0
3892,2025-07-02,Seller 3892,Islamabad,3.6
3893,2023-08-05,Seller 3893,Multan,3.9
3894,2023-01-06,Seller 3894,Multan,3.1
3895,2024-12-08,Seller 3895,Karachi,4.6
3896,2023-12-13,Seller 3896,Faisalabad,3.9
3897,2023-02-20,Seller 3897,Islamabad,4.0
3898,2025-03-31,Seller 3898,Islamabad,4.8
3899,2024-11-19,Seller 3899,Multan,4.4
3900,2022-12-20,Seller 3900,Islamabad,3.3
3901,2024-05-27,Seller 3901,Islamabad,3.1
3902,2025-04-04,Seller 3902,Lahore,4.7
3903,2025-10-12,Seller 3903,Karachi,4.2
3904,2024-10-20,Seller 3904,Multan,4.1
3905,2024-08-23,Seller 3905,Karachi,4.1
3906,2025-08-04,Seller 3906,Islamabad,4.0
3907,2024-01-25,Seller 3907,Faisalabad,4.6
3908,2023-05-06,Seller 3908,Lahore,3.1
3909,2023-01-28,Seller 3909,Lahore,3.0
3910,2025-02-27,Seller 3910,Lahore,4.1
3911,2023-02-14,Seller 3911,Karachi,3.8
3912,2023-10-29,Seller 3912,Multan,3.4
3913,2025-12-03,Seller 3913,Karachi,3.2
3914,2025-04-01,Seller 3914,Karachi,4.2
3915,2025-03-27,Seller 3915,Faisalabad,4.0
3916,2024-05-09,Seller 3916,Karachi,4.7
3917,2024-01-11,Seller 3917,Lahore,4.1
3918,2025-02-15,Seller 3918,Islamabad,4.3
3919,2024-01-31,Seller 3919,Multan,4.3
3920,2025-11-03,Seller 3920,Lahore,4.4
3921,2025-05-22,Seller 3921,Faisalabad,4.1
3922,2023-09-19,Seller 3922,Faisalabad,4.0
3923,2025-08-27,Seller 3923,Karachi,3.5
3924,2023-03-09,Seller 3924,Faisalabad,3.1
3925,2023-12-08,Seller 3925,Faisalabad,3.3
3926,2023-08-03,Seller 3926,Islamabad,4.0
3927,2024-12-20,Seller 3927,Faisalabad,4.7
3928,2024-09-05,Seller 3928,Multan,4.9
3929,2024-07-31,Seller 3929,Lahore,4.3
3930,2024-05-27,Seller 3930,Faisalabad,4.8
3931,2025-08-09,Seller 3931,Karachi,4.4
3932,2025-09-17,Seller 3932,Multan,4.5
3933,2023-01-27,Seller 3933,Lahore,4.7
3934,2025-01-01,Seller 3934,Faisalabad,4.5
3935,2025-03-08,Seller 3935,Karachi,3.3
3936,2024-07-05,Seller 3936,Lahore,4.2
3937,2025-06-01,Seller 3937,Faisalabad,5.0
3938,2023-07-28,Seller 3938,Karachi,3.1
3939,2023-08-27,Seller 3939,Islamabad,4.1
3940,2024-12-05,Seller 3940,Faisalabad,4.3
3941,2025-08-19,Seller 3941,Faisalabad,3.6
3942,2024-03-03,Seller 3942,Karachi,3.1
3943,2025-04-12,Seller 3943,Islamabad,4.0
3944,2024-01-09,Seller 3944,Faisalabad,3.1
3945,2023-01-18,Seller 3945,Karachi,4.6
3946,2024-04-12,Seller 3946,Lahore,5.0
3947,2023-11-29,Seller 3947,Islamabad,3.9
3948,2023-10-10,Seller 3948,Karachi,4.4
3949,2023-09-02,Seller 3949,Multan,3.8
3950,2024-03-28,Seller 3950,Karachi,4.8
3951,2025-06-07,Seller 3951,Islamabad,4.9
3952,2025-12-04,Seller 3952,Islamabad,4.6
3953,2024-04-19,Seller 3953,Karachi,4.0
3954,2024-02-03,Seller 3954,Karachi,4.8
3955,2023-04-23,Seller 3955,Faisalabad,3.8
3956,2023-06-08,Seller 3956,Multan,4.7
3957,2025-05-29,Seller 3957,Lahore,3.6
3958,2023-04-17,Seller 3958,Islamabad,3.7
3959,2024-04-24,Seller 3959,Faisalabad,4.8
3960,2025-08-23,Seller 3960,Islamabad,3.1
3961,2025-04-16,Seller 3961,Faisalabad,3.8
3962,2025-07-08,Seller 3962,Lahore,3.5
3963,2024-06-11,Seller 3963,Karachi,4.0
3964,2025-06-19,Seller 3964,Faisalabad,3.2
3965,2023-10-06,Seller 3965,Lahore,4.8
3966,2025-01-10,Seller 3966,Multan,4.1
3967,2025-04-15,Seller 3967,Lahore,3.8
3968,2025-03-03,Seller 3968,Multan,3.8
3969,2025-02-01,Seller 3969,Faisalabad,3.2
3970,2024-01-17,Seller 3970,Faisalabad,4.2
3971,2024-11-16,Seller 3971,Lahore,4.9
3972,2025-08-12,Seller 3972,Faisalabad,3.7
3973,2024-08-16,Seller 3973,Multan,4.4
3974,2022-12-26,Seller 3974,Faisalabad,4.9
3975,2025-08-10,Seller 3975,Lahore,4.4
3976,2025-08-02,Seller 3976,Multan,3.2
3977,2025-10-12,Seller 3977,Faisalabad,4.5
3978,2025-01-25,Seller 3978,Lahore,3.1
3979,2023-05-08,Seller 3979,Multan,4.9
3980,2023-05-05,Seller 3980,Karachi,4.7
3981,2024-12-11,Seller 3981,Islamabad,4.4
3982,2025-07-18,Seller 3982,Multan,4.6
3983,2025-05-06,Seller 3983,Karachi,3.6
3984,2025-10-31,Seller 3984,Islamabad,4.3
3985,2025-03-02,Seller 3985,Karachi,3.1
3986,2025-01-14,Seller 3986,Lahore,4.3
3987,2024-04-02,Seller 3987,Karachi,4.7
3988,2024-02-21,Seller 3988,Faisalabad,3.6
3989,2024-08-01,Seller 3989,Islamabad,4.3
3990,2024-05-14,Seller 3990,Islamabad,4.5
3991,2023-02-19,Seller 3991,Lahore,3.1
3992,2023-10-29,Seller 3992,Lahore,3.7
3993,2023-01-31,Seller 3993,Faisalabad,3.4
3994,2025-05-25,Seller 3994,Islamabad,3.7
3995,2023-11-28,Seller 3995,Multan,4.7
3996,2024-11-08,Seller 3996,Karachi,4.3
3997,2023-02-13,Seller 3997,Islamabad,4.7
3998,2024-02-27,Seller 3998,Multan,4.3
3999,2024-10-09,Seller 3999,Faisalabad,3.7
4000,2025-03-07,Seller 4000,Faisalabad,4.7
4001,2025-06-13,Seller 4001,Faisalabad,3.8
4002,2024-10-22,Seller 4002,Karachi,3.5
4003,2024-12-12,Seller 4003,Lahore,4.5
4004,2025-10-01,Seller 4004,Islamabad,3.2
4005,2024-12-22,Seller 4005,Karachi,4.1
4006,2023-12-19,Seller 4006,Faisalabad,4.6
4007,2024-03-03,Seller 4007,Lahore,3.8
4008,2023-09-02,Seller 4008,Islamabad,3.9
4009,2025-05-10,Seller 4009,Multan,5.0
4010,2023-11-01,Seller 4010,Karachi,3.4
4011,2025-06-08,Seller 4011,Islamabad,4.2
4012,2023-04-09,Seller 4012,Lahore,4.9
4013,2024-04-13,Seller 4013,Lahore,3.9
4014,2025-05-26,Seller 4014,Lahore,3.7
4015,2023-01-06,Seller 4015,Karachi,4.3
4016,2024-08-04,Seller 4016,Faisalabad,4.1
4017,2025-06-28,Seller 4017,Islamabad,3.3
4018,2025-08-18,Seller 4018,Karachi,5.0
4019,2023-12-06,Seller 4019,Multan,4.3
4020,2023-05-11,Seller 4020,Faisalabad,4.8
4021,2025-01-15,Seller 4021,Karachi,4.3
4022,2023-03-13,Seller 4022,Karachi,4.8
4023,2024-08-07,Seller 4023,Faisalabad,3.1
4024,2023-01-19,Seller 4024,Multan,3.5
4025,2024-07-03,Seller 4025,Islamabad,3.7
4026,2024-06-01,Seller 4026,Islamabad,3.6
4027,2023-07-18,Seller 4027,Lahore,3.1
4028,2025-12-03,Seller 4028,Lahore,3.2
4029,2024-04-27,Seller 4029,Multan,4.3
4030,2024-02-01,Seller 4030,Islamabad,4.4
4031,2024-07-17,Seller 4031,Islamabad,3.5
4032,2025-06-30,Seller 4032,Islamabad,4.5
4033,2024-01-06,Seller 4033,Faisalabad,4.6
4034,2025-03-09,Seller 4034,Multan,3.2
4035,2024-11-11,Seller 4035,Lahore,4.5
4036,2025-04-28,Seller 4036,Lahore,4.0
4037,2023-05-04,Seller 4037,Faisalabad,4.2
4038,2025-07-03,Seller 4038,Karachi,4.5
4039,2025-08-25,Seller 4039,Multan,3.3
4040,2024-11-18,Seller 4040,Multan,3.7
4041,2025-05-15,Seller 4041,Faisalabad,3.1
4042,2024-11-05,Seller 4042,Karachi,3.8
4043,2023-09-08,Seller 4043,Multan,3.8
4044,2023-08-08,Seller 4044,Islamabad,3.4
4045,2023-05-04,Seller 4045,Faisalabad,3.9
4046,2025-09-24,Seller 4046,Islamabad,4.6
4047,2024-12-19,Seller 4047,Lahore,3.3
4048,2025-09-15,Seller 4048,Karachi,3.5
4049,2025-04-09,Seller 4049,Faisalabad,3.6
4050,2022-12-06,Seller 4050,Islamabad,3.7
4051,2025-06-24,Seller 4051,Lahore,3.8
4052,2025-06-11,Seller 4052,Islamabad,4.1
4053,2023-10-05,Seller 4053,Karachi,4.8
4054,2023-08-20,Seller 4054,Multan,4.2
4055,2024-11-30,Seller 4055,Faisalabad,3.6
4056,2025-03-21,Seller 4056,Multan,4.6
4057,2025-11-03,Seller 4057,Multan,3.4
4058,2025-01-25,Seller 4058,Faisalabad,4.3
4059,2025-02-27,Seller 4059,Lahore,4.5
4060,2025-10-11,Seller 4060,Lahore,3.4
4061,2024-08-11,Seller 4061,Multan,4.7
4062,2023-03-21,Seller 4062,Karachi,4.0
4063,2025-06-29,Seller 4063,Islamabad,4.7
4064,2023-07-20,Seller 4064,Lahore,3.5
4065,2024-04-25,Seller 4065,Faisalabad,3.3
4066,2025-11-23,Seller 4066,Lahore,4.1
4067,2025-04-24,Seller 4067,Islamabad,4.7
4068,2023-03-13,Seller 4068,Multan,4.5
4069,2024-08-29,Seller 4069,Islamabad,4.7
4070,2024-04-22,Seller 4070,Faisalabad,4.0
4071,2023-04-05,Seller 4071,Multan,4.8
4072,2024-10-09,Seller 4072,Karachi,4.3
4073,2024-06-03,Seller 4073,Karachi,3.1
4074,2023-06-06,Seller 4074,Lahore,4.3
4075,2025-07-11,Seller 4075,Karachi,3.3
4076,2024-07-26,Seller 4076,Faisalabad,4.5
4077,2025-04-28,Seller 4077,Multan,4.7
4078,2023-11-25,Seller 4078,Lahore,3.6
4079,2025-07-13,Seller 4079,Multan,3.1
4080,2023-07-30,Seller 4080,Faisalabad,4.5
4081,2025-11-20,Seller 4081,Multan,4.6
4082,2025-11-18,Seller 4082,Islamabad,3.7
4083,2024-03-29,Seller 4083,Karachi,4.1
4084,2023-08-28,Seller 4084,Faisalabad,3.3
4085,2025-01-17,Seller 4085,Karachi,4.6
4086,2025-06-26,Seller 4086,Faisalabad,4.3
4087,2023-02-08,Seller 4087,Karachi,3.0
4088,2023-02-15,Seller 4088,Lahore,3.9
4089,2023-03-21,Seller 4089,Multan,4.4
4090,2024-05-20,Seller 4090,Faisalabad,3.4
4091,2024-04-11,Seller 4091,Faisalabad,3.9
4092,2025-06-02,Seller 4092,Islamabad,4.6
4093,2025-07-29,Seller 4093,Islamabad,4.5
4094,2025-03-13,Seller 4094,Multan,4.9
4095,2025-02-07,Seller 4095,Karachi,3.3
4096,2023-07-11,Seller 4096,Multan,5.0
4097,2024-02-05,Seller 4097,Faisalabad,3.3
4098,2025-10-23,Seller 4098,Lahore,3.9
4099,2023-06-23,Seller 4099,Multan,3.3
4100,2024-09-16,Seller 4100,Karachi,3.9
4101,2023-06-14,Seller 4101,Islamabad,3.4
4102,2024-01-21,Seller 4102,Lahore,3.6
4103,2025-08-28,Seller 4103,Islamabad,4.2
4104,2025-02-18,Seller 4104,Karachi,5.0
4105,2024-03-06,Seller 4105,Faisalabad,4.3
4106,2023-11-20,Seller 4106,Multan,3.2
4107,2024-04-19,Seller 4107,Faisalabad,3.7
4108,2024-03-28,Seller 4108,Karachi,4.7
4109,2023-11-30,Seller 4109,Karachi,4.0
4110,2024-09-30,Seller 4110,Islamabad,4.7
4111,2023-04-23,Seller 4111,Karachi,4.4
4112,2024-09-15,Seller 4112,Multan,4.2
4113,2024-08-28,Seller 4113,Lahore,4.9
4114,2024-07-25,Seller 4114,Karachi,4.5
4115,2023-09-09,Seller 4115,Faisalabad,3.1
4116,2025-10-25,Seller 4116,Islamabad,3.6
4117,2024-02-29,Seller 4117,Islamabad,4.4
4118,2024-01-24,Seller 4118,Karachi,4.8
4119,2023-08-10,Seller 4119,Faisalabad,4.1
4120,2023-11-12,Seller 4120,Islamabad,3.0
4121,2024-09-11,Seller 4121,Multan,4.3
4122,2022-12-18,Seller 4122,Karachi,4.8
4123,2025-05-18,Seller 4123,Lahore,3.3
4124,2024-07-16,Seller 4124,Karachi,4.2
4125,2024-08-02,Seller 4125,Islamabad,4.1
4126,2024-08-25,Seller 4126,Lahore,4.2
4127,2023-03-24,Seller 4127,Multan,3.1
4128,2024-09-22,Seller 4128,Multan,3.4
4129,2023-07-04,Seller 4129,Multan,3.4
4130,2023-06-03,Seller 4130,Multan,4.2
4131,2023-06-30,Seller 4131,Karachi,3.1
4132,2025-07-24,Seller 4132,Karachi,3.3
4133,2025-05-30,Seller 4133,Multan,4.9
4134,2023-08-09,Seller 4134,Islamabad,4.1
4135,2025-01-18,Seller 4135,Faisalabad,4.6
4136,2023-12-20,Seller 4136,Multan,4.7
4137,2025-10-05,Seller 4137,Lahore,4.8
4138,2023-11-01,Seller 4138,Multan,3.6
4139,2024-05-14,Seller 4139,Faisalabad,4.9
4140,2024-10-04,Seller 4140,Lahore,3.1
4141,2023-06-13,Seller 4141,Karachi,3.3
4142,2025-11-09,Seller 4142,Faisalabad,4.1
4143,2023-09-22,Seller 4143,Islamabad,3.3
4144,2023-01-10,Seller 4144,Multan,4.0
4145,2025-07-16,Seller 4145,Lahore,3.2
4146,2023-10-08,Seller 4146,Multan,4.6
4147,2024-03-03,Seller 4147,Multan,4.3
4148,2024-03-16,Seller 4148,Karachi,4.7
4149,2024-03-04,Seller 4149,Karachi,3.2
4150,2024-05-25,Seller 4150,Faisalabad,3.8
4151,2023-05-01,Seller 4151,Islamabad,3.1
4152,2024-02-21,Seller 4152,Islamabad,3.1
4153,2025-01-31,Seller 4153,Lahore,4.3
4154,2023-03-01,Seller 4154,Lahore,3.6
4155,2024-09-13,Seller 4155,Karachi,3.5
4156,2023-05-16,Seller 4156,Lahore,3.4
4157,2025-05-18,Seller 4157,Lahore,4.3
4158,2023-11-11,Seller 4158,Multan,4.9
4159,2025-08-22,Seller 4159,Lahore,3.7
4160,2024-04-05,Seller 4160,Multan,4.3
4161,2025-09-14,Seller 4161,Karachi,3.1
4162,2024-07-26,Seller 4162,Faisalabad,4.1
4163,2024-12-03,Seller 4163,Multan,3.3
4164,2023-04-23,Seller 4164,Faisalabad,4.3
4165,2025-09-18,Seller 4165,Multan,3.5
4166,2025-10-25,Seller 4166,Islamabad,4.3
4167,2023-10-19,Seller 4167,Lahore,4.1
4168,2024-03-20,Seller 4168,Islamabad,3.2
4169,2025-09-21,Seller 4169,Islamabad,4.6
4170,2023-02-14,Seller 4170,Karachi,4.5
4171,2023-07-20,Seller 4171,Lahore,3.2
4172,2023-08-27,Seller 4172,Lahore,4.1
4173,2023-12-10,Seller 4173,Multan,3.7
4174,2024-10-16,Seller 4174,Lahore,3.4
4175,2023-06-10,Seller 4175,Faisalabad,3.2
4176,2024-11-01,Seller 4176,Multan,4.4
4177,2023-07-10,Seller 4177,Islamabad,3.3
4178,2023-12-31,Seller 4178,Multan,4.4
4179,2024-07-17,Seller 4179,Karachi,3.5
4180,2025-11-05,Seller 4180,Multan,3.8
4181,2025-11-17,Seller 4181,Islamabad,3.2
4182,2025-05-30,Seller 4182,Faisalabad,4.8
4183,2025-05-17,Seller 4183,Faisalabad,4.5
4184,2024-08-01,Seller 4184,Islamabad,3.6
4185,2024-09-22,Seller 4185,Faisalabad,3.9
4186,2025-08-25,Seller 4186,Lahore,4.3
4187,2024-04-13,Seller 4187,Multan,3.1
4188,2025-04-16,Seller 4188,Karachi,3.7
4189,2024-02-26,Seller 4189,Multan,4.4
4190,2025-10-05,Seller 4190,Lahore,3.2
4191,2024-10-23,Seller 4191,Lahore,3.3
4192,2023-11-21,Seller 4192,Islamabad,4.5
4193,2024-11-15,Seller 4193,Karachi,4.6
4194,2024-11-04,Seller 4194,Lahore,3.9
4195,2023-11-26,Seller 4195,Karachi,4.7
4196,2023-04-19,Seller 4196,Islamabad,4.6
4197,2025-06-28,Seller 4197,Faisalabad,4.0
4198,2023-12-19,Seller 4198,Faisalabad,4.5
4199,2023-07-08,Seller 4199,Multan,3.5
4200,2025-08-27,Seller 4200,Lahore,5.0
4201,2023-01-13,Seller 4201,Faisalabad,3.4
4202,2023-09-08,Seller 4202,Islamabad,4.4
4203,2024-12-06,Seller 4203,Karachi,4.4
4204,2025-02-13,Seller 4204,Multan,4.9
4205,2025-11-19,Seller 4205,Multan,4.7
4206,2023-10-18,Seller 4206,Faisalabad,3.9
4207,2024-04-26,Seller 4207,Karachi,4.4
4208,2023-08-07,Seller 4208,Faisalabad,3.9
4209,2024-07-29,Seller 4209,Faisalabad,4.3
4210,2025-09-25,Seller 4210,Karachi,3.0
4211,2025-05-01,Seller 4211,Faisalabad,4.5
4212,2025-10-23,Seller 4212,Faisalabad,3.6
4213,2025-12-02,Seller 4213,Islamabad,4.7
4214,2025-10-17,Seller 4214,Faisalabad,3.8
4215,2025-04-25,Seller 4215,Karachi,3.2
4216,2025-08-09,Seller 4216,Islamabad,3.0
4217,2024-11-29,Seller 4217,Lahore,3.5
4218,2023-04-23,Seller 4218,Lahore,3.3
4219,2023-08-21,Seller 4219,Multan,4.1
4220,2024-12-28,Seller 4220,Islamabad,3.7
4221,2025-02-05,Seller 4221,Islamabad,4.3
4222,2023-12-14,Seller 4222,Islamabad,3.2
4223,2025-07-15,Seller 4223,Karachi,3.9
4224,2023-09-28,Seller 4224,Faisalabad,4.9
4225,2024-09-26,Seller 4225,Multan,3.6
4226,2023-11-10,Seller 4226,Faisalabad,4.1
4227,2025-09-14,Seller 4227,Multan,3.3
4228,2024-10-06,Seller 4228,Karachi,3.3
4229,2025-05-04,Seller 4229,Multan,4.5
4230,2023-04-01,Seller 4230,Lahore,3.9
4231,2022-12-23,Seller 4231,Lahore,3.8
4232,2025-04-25,Seller 4232,Islamabad,4.6
4233,2023-05-22,Seller 4233,Karachi,5.0
4234,2024-06-13,Seller 4234,Lahore,4.6
4235,2024-12-29,Seller 4235,Multan,4.8
4236,2023-09-20,Seller 4236,Faisalabad,3.4
4237,2025-01-18,Seller 4237,Faisalabad,4.4
4238,2024-03-21,Seller 4238,Lahore,3.1
4239,2024-02-11,Seller 4239,Multan,4.7
4240,2023-12-16,Seller 4240,Lahore,3.6
4241,2024-07-31,Seller 4241,Lahore,4.7
4242,2024-02-20,Seller 4242,Multan,4.1
4243,2025-01-21,Seller 4243,Multan,4.4
4244,2023-02-22,Seller 4244,Multan,3.9
4245,2024-09-12,Seller 4245,Karachi,3.2
4246,2024-06-28,Seller 4246,Karachi,3.4
4247,2025-07-06,Seller 4247,Karachi,3.5
4248,2024-10-26,Seller 4248,Islamabad,4.3
4249,2023-10-04,Seller 4249,Faisalabad,4.5
4250,2023-03-04,Seller 4250,Faisalabad,4.8
4251,2025-08-08,Seller 4251,Islamabad,4.9
4252,2023-06-22,Seller 4252,Lahore,4.1
4253,2023-07-06,Seller 4253,Faisalabad,4.3
4254,2025-06-24,Seller 4254,Islamabad,4.5
4255,2023-07-10,Seller 4255,Multan,3.7
4256,2024-11-28,Seller 4256,Islamabad,3.4
4257,2025-02-25,Seller 4257,Faisalabad,4.3
4258,2023-09-27,Seller 4258,Karachi,3.7
4259,2024-05-19,Seller 4259,Karachi,4.8
4260,2024-06-03,Seller 4260,Lahore,4.9
4261,2023-01-06,Seller 4261,Islamabad,4.0
4262,2024-01-30,Seller 4262,Karachi,4.1
4263,2023-10-01,Seller 4263,Islamabad,4.2
4264,2024-01-18,Seller 4264,Multan,4.8
4265,2023-05-18,Seller 4265,Faisalabad,4.6
4266,2024-04-14,Seller 4266,Karachi,4.5
4267,2025-11-22,Seller 4267,Karachi,4.5
4268,2025-08-23,Seller 4268,Karachi,4.9
4269,2022-12-24,Seller 4269,Multan,3.9
4270,2024-11-25,Seller 4270,Faisalabad,3.4
4271,2024-04-07,Seller 4271,Multan,4.1
4272,2025-09-28,Seller 4272,Islamabad,3.9
4273,2025-01-27,Seller 4273,Karachi,4.9
4274,2023-05-22,Seller 4274,Faisalabad,4.4
4275,2023-05-10,Seller 4275,Multan,3.6
4276,2025-10-05,Seller 4276,Lahore,4.3
4277,2023-03-14,Seller 4277,Lahore,3.3
4278,2025-05-21,Seller 4278,Lahore,3.5
4279,2024-09-29,Seller 4279,Karachi,4.5
4280,2025-06-15,Seller 4280,Karachi,4.9
4281,2024-03-29,Seller 4281,Multan,4.1
4282,2025-12-01,Seller 4282,Islamabad,3.3
4283,2025-03-12,Seller 4283,Karachi,3.2
4284,2023-10-23,Seller 4284,Multan,3.6
4285,2025-11-15,Seller 4285,Karachi,3.9
4286,2024-08-13,Seller 4286,Lahore,3.4
4287,2025-10-03,Seller 4287,Lahore,4.4
4288,2023-07-10,Seller 4288,Lahore,4.3
4289,2023-11-16,Seller 4289,Islamabad,4.0
4290,2025-10-12,Seller 4290,Multan,3.1
4291,2024-06-19,Seller 4291,Faisalabad,4.6
4292,2024-02-12,Seller 4292,Multan,3.3
4293,2024-07-14,Seller 4293,Multan,4.3
4294,2023-10-15,Seller 4294,Lahore,4.1
4295,2025-05-19,Seller 4295,Faisalabad,4.0
4296,2023-04-15,Seller 4296,Lahore,3.4
4297,2025-09-09,Seller 4297,Islamabad,3.3
4298,2025-03-03,Seller 4298,Lahore,4.8
4299,2023-09-07,Seller 4299,Lahore,3.5
4300,2024-05-29,Seller 4300,Multan,4.8
4301,2025-08-24,Seller 4301,Faisalabad,3.5
4302,2025-01-29,Seller 4302,Multan,3.1
4303,2024-03-19,Seller 4303,Faisalabad,4.1
4304,2024-03-01,Seller 4304,Islamabad,4.4
4305,2025-02-16,Seller 4305,Lahore,4.9
4306,2025-04-17,Seller 4306,Faisalabad,3.6
4307,2024-11-23,Seller 4307,Faisalabad,3.7
4308,2025-06-21,Seller 4308,Islamabad,4.0
4309,2023-12-10,Seller 4309,Multan,3.5
4310,2025-03-01,Seller 4310,Lahore,4.6
4311,2023-02-17,Seller 4311,Islamabad,3.1
4312,2025-03-04,Seller 4312,Multan,4.7
4313,2024-02-28,Seller 4313,Karachi,4.3
4314,2024-01-13,Seller 4314,Lahore,4.4
4315,2025-04-03,Seller 4315,Faisalabad,3.5
4316,2024-06-30,Seller 4316,Lahore,3.8
4317,2025-05-12,Seller 4317,Faisalabad,4.0
4318,2025-11-11,Seller 4318,Faisalabad,4.4
4319,2024-09-04,Seller 4319,Multan,4.5
4320,2024-04-06,Seller 4320,Islamabad,5.0
4321,2024-10-30,Seller 4321,Multan,4.8
4322,2024-12-21,Seller 4322,Multan,4.8
4323,2025-09-13,Seller 4323,Multan,4.3
4324,2025-09-12,Seller 4324,Multan,4.5
4325,2024-09-25,Seller 4325,Islamabad,3.7
4326,2023-06-02,Seller 4326,Multan,3.5
4327,2024-07-28,Seller 4327,Karachi,4.3
4328,2025-06-03,Seller 4328,Lahore,4.6
4329,2024-12-11,Seller 4329,Karachi,3.8
4330,2025-09-11,Seller 4330,Faisalabad,4.5
4331,2022-12-13,Seller 4331,Multan,4.0
4332,2024-06-30,Seller 4332,Faisalabad,4.8
4333,2025-04-21,Seller 4333,Lahore,3.5
4334,2025-05-05,Seller 4334,Karachi,3.8
4335,2024-07-28,Seller 4335,Multan,4.2
4336,2023-04-11,Seller 4336,Karachi,4.0
4337,2025-02-12,Seller 4337,Faisalabad,4.4
4338,2025-09-30,Seller 4338,Karachi,4.6
4339,2024-11-23,Seller 4339,Faisalabad,3.8
4340,2025-04-30,Seller 4340,Lahore,3.6
4341,2023-06-27,Seller 4341,Islamabad,3.3
4342,2023-09-02,Seller 4342,Karachi,3.8
4343,2023-10-13,Seller 4343,Faisalabad,4.1
4344,2023-02-16,Seller 4344,Islamabad,3.2
4345,2025-07-15,Seller 4345,Faisalabad,4.2
4346,2025-09-15,Seller 4346,Multan,3.6
4347,2023-04-03,Seller 4347,Faisalabad,3.5
4348,2023-06-29,Seller 4348,Faisalabad,3.8
4349,2023-06-09,Seller 4349,Lahore,3.2
4350,2025-12-01,Seller 4350,Islamabad,4.7
4351,2025-05-08,Seller 4351,Karachi,4.4
4352,2024-08-19,Seller 4352,Lahore,3.4
4353,2023-03-11,Seller 4353,Multan,3.4
4354,2025-03-05,Seller 4354,Multan,3.9
4355,2023-09-16,Seller 4355,Karachi,4.5
4356,2025-08-01,Seller 4356,Multan,4.2
4357,2023-02-16,Seller 4357,Faisalabad,4.6
4358,2024-08-27,Seller 4358,Lahore,4.5
4359,2024-06-14,Seller 4359,Islamabad,3.3
4360,2024-07-17,Seller 4360,Lahore,3.2
4361,2023-09-26,Seller 4361,Islamabad,3.2
4362,2025-08-21,Seller 4362,Faisalabad,4.8
4363,2023-03-09,Seller 4363,Karachi,3.7
4364,2025-01-15,Seller 4364,Islamabad,3.3
4365,2024-09-03,Seller 4365,Faisalabad,3.6
4366,2025-02-04,Seller 4366,Lahore,4.9
4367,2022-12-09,Seller 4367,Lahore,3.0
4368,2025-11-08,Seller 4368,Faisalabad,3.3
4369,2023-09-06,Seller 4369,Faisalabad,3.9
4370,2023-04-12,Seller 4370,Karachi,3.6
4371,2023-03-11,Seller 4371,Faisalabad,4.7
4372,2024-08-22,Seller 4372,Lahore,3.5
4373,2025-11-21,Seller 4373,Karachi,3.3
4374,2025-03-09,Seller 4374,Multan,3.8
4375,2025-09-09,Seller 4375,Karachi,3.7
4376,2024-07-10,Seller 4376,Karachi,4.8
4377,2025-11-19,Seller 4377,Karachi,3.7
4378,2024-05-02,Seller 4378,Faisalabad,3.7
4379,2024-03-02,Seller 4379,Multan,4.2
4380,2023-06-08,Seller 4380,Lahore,3.8
4381,2024-07-22,Seller 4381,Lahore,4.2
4382,2023-10-02,Seller 4382,Islamabad,4.6
4383,2024-03-15,Seller 4383,Lahore,4.1
4384,2022-12-15,Seller 4384,Multan,3.4
4385,2022-12-14,Seller 4385,Faisalabad,4.3
4386,2025-05-07,Seller 4386,Faisalabad,4.0
4387,2023-06-27,Seller 4387,Lahore,3.4
4388,2025-06-11,Seller 4388,Karachi,4.8
4389,2024-05-21,Seller 4389,Lahore,4.0
4390,2023-03-22,Seller 4390,Islamabad,4.6
4391,2023-11-12,Seller 4391,Faisalabad,3.8
4392,2024-01-02,Seller 4392,Lahore,4.6
4393,2023-07-04,Seller 4393,Multan,3.9
4394,2023-04-04,Seller 4394,Islamabad,3.6
4395,2023-10-02,Seller 4395,Karachi,3.3
4396,2025-05-28,Seller 4396,Multan,3.9
4397,2023-07-13,Seller 4397,Lahore,4.3
4398,2023-12-27,Seller 4398,Islamabad,4.5
4399,2023-01-28,Seller 4399,Multan,4.5
4400,2024-08-05,Seller 4400,Faisalabad,3.1
4401,2025-08-15,Seller 4401,Karachi,3.4
4402,2024-04-13,Seller 4402,Islamabad,4.0
4403,2025-11-27,Seller 4403,Lahore,4.8
4404,2023-07-01,Seller 4404,Faisalabad,4.4
4405,2024-07-12,Seller 4405,Islamabad,3.9
4406,2025-02-11,Seller 4406,Multan,3.3
4407,2025-12-02,Seller 4407,Faisalabad,4.7
4408,2023-07-26,Seller 4408,Multan,3.9
4409,2025-09-23,Seller 4409,Multan,3.6
4410,2024-04-27,Seller 4410,Multan,4.9
4411,2025-03-01,Seller 4411,Islamabad,3.1
4412,2023-12-11,Seller 4412,Faisalabad,3.2
4413,2024-09-07,Seller 4413,Multan,3.7
4414,2023-11-17,Seller 4414,Faisalabad,3.1
4415,2024-08-14,Seller 4415,Karachi,4.3
4416,2024-10-18,Seller 4416,Islamabad,3.4
4417,2025-01-15,Seller 4417,Multan,4.2
4418,2023-06-02,Seller 4418,Lahore,4.8
4419,2024-10-29,Seller 4419,Lahore,4.5
4420,2025-04-12,Seller 4420,Lahore,4.5
4421,2023-03-11,Seller 4421,Lahore,4.5
4422,2024-02-04,Seller 4422,Islamabad,4.5
4423,2025-11-24,Seller 4423,Faisalabad,3.9
4424,2024-07-31,Seller 4424,Multan,4.6
4425,2025-04-22,Seller 4425,Islamabad,4.7
4426,2025-08-04,Seller 4426,Islamabad,4.5
4427,2023-09-13,Seller 4427,Lahore,4.4
4428,2024-04-01,Seller 4428,Multan,3.8
4429,2023-12-13,Seller 4429,Karachi,4.6
4430,2024-10-30,Seller 4430,Multan,4.9
4431,2023-06-02,Seller 4431,Lahore,3.4
4432,2024-10-21,Seller 4432,Lahore,4.5
4433,2023-01-15,Seller 4433,Multan,4.8
4434,2023-03-08,Seller 4434,Multan,4.4
4435,2025-10-18,Seller 4435,Islamabad,4.6
4436,2023-09-03,Seller 4436,Lahore,3.5
4437,2024-06-23,Seller 4437,Islamabad,3.4
4438,2023-08-26,Seller 4438,Faisalabad,4.9
4439,2024-09-13,Seller 4439,Lahore,3.5
4440,2024-04-26,Seller 4440,Multan,3.2
4441,2025-06-13,Seller 4441,Karachi,3.7
4442,2023-05-30,Seller 4442,Faisalabad,4.1
4443,2023-06-09,Seller 4443,Islamabad,4.0
4444,2024-11-16,Seller 4444,Multan,3.6
4445,2023-09-30,Seller 4445,Lahore,3.2
4446,2023-07-09,Seller 4446,Faisalabad,3.8
4447,2025-04-06,Seller 4447,Multan,5.0
4448,2023-03-10,Seller 4448,Faisalabad,4.0
4449,2023-01-20,Seller 4449,Islamabad,3.5
4450,2025-06-16,Seller 4450,Karachi,4.6
4451,2025-10-11,Seller 4451,Faisalabad,3.7
4452,2023-05-22,Seller 4452,Faisalabad,4.6
4453,2023-03-08,Seller 4453,Karachi,4.5
4454,2024-09-09,Seller 4454,Faisalabad,4.8
4455,2024-04-04,Seller 4455,Multan,3.8
4456,2025-07-06,Seller 4456,Multan,4.6
4457,2023-11-30,Seller 4457,Multan,4.5
4458,2025-01-11,Seller 4458,Faisalabad,5.0
4459,2025-09-09,Seller 4459,Faisalabad,4.7
4460,2023-02-01,Seller 4460,Multan,4.7
4461,2025-05-27,Seller 4461,Karachi,4.7
4462,2023-10-25,Seller 4462,Multan,4.5
4463,2024-10-17,Seller 4463,Faisalabad,4.1
4464,2023-05-31,Seller 4464,Karachi,3.7
4465,2024-06-24,Seller 4465,Multan,4.8
4466,2024-05-08,Seller 4466,Karachi,3.8
4467,2023-06-25,Seller 4467,Karachi,4.1
4468,2025-12-02,Seller 4468,Karachi,4.4
4469,2023-09-24,Seller 4469,Karachi,4.1
4470,2023-03-22,Seller 4470,Faisalabad,4.6
4471,2023-10-20,Seller 4471,Lahore,3.6
4472,2025-10-14,Seller 4472,Lahore,4.6
4473,2023-10-05,Seller 4473,Faisalabad,3.9
4474,2025-07-10,Seller 4474,Multan,3.2
4475,2023-03-01,Seller 4475,Lahore,4.9
4476,2023-05-22,Seller 4476,Lahore,3.1
4477,2023-01-17,Seller 4477,Faisalabad,3.3
4478,2024-02-26,Seller 4478,Multan,3.4
4479,2023-03-22,Seller 4479,Multan,4.4
4480,2023-12-18,Seller 4480,Karachi,4.0
4481,2023-03-27,Seller 4481,Faisalabad,3.5
4482,2024-06-03,Seller 4482,Lahore,4.0
4483,2024-10-30,Seller 4483,Karachi,4.1
4484,2024-02-25,Seller 4484,Multan,3.5
4485,2023-06-02,Seller 4485,Islamabad,4.1
4486,2024-08-30,Seller 4486,Lahore,4.4
4487,2025-02-07,Seller 4487,Faisalabad,4.8
4488,2023-10-29,Seller 4488,Faisalabad,3.4
4489,2023-03-17,Seller 4489,Faisalabad,3.1
4490,2023-04-18,Seller 4490,Multan,4.5
4491,2023-04-18,Seller 4491,Islamabad,3.6
4492,2023-01-27,Seller 4492,Faisalabad,3.2
4493,2024-04-05,Seller 4493,Karachi,4.4
4494,2022-12-18,Seller 4494,Karachi,3.2
4495,2023-06-27,Seller 4495,Lahore,3.1
4496,2025-08-20,Seller 4496,Islamabad,4.6
4497,2024-06-12,Seller 4497,Lahore,4.5
4498,2023-04-24,Seller 4498,Karachi,3.7
4499,2024-05-25,Seller 4499,Islamabad,3.5
4500,2023-08-31,Seller 4500,Lahore,3.3
4501,2025-05-25,Seller 4501,Karachi,3.6
4502,2023-12-07,Seller 4502,Faisalabad,3.8
4503,2023-01-20,Seller 4503,Lahore,4.5
4504,2023-07-03,Seller 4504,Multan,4.5
4505,2025-08-15,Seller 4505,Karachi,4.0
4506,2023-02-03,Seller 4506,Karachi,3.2
4507,2023-03-09,Seller 4507,Islamabad,4.7
4508,2025-08-21,Seller 4508,Lahore,4.7
4509,2024-11-24,Seller 4509,Lahore,3.5
4510,2024-07-11,Seller 4510,Multan,4.7
4511,2023-09-25,Seller 4511,Multan,4.4
4512,2025-06-15,Seller 4512,Islamabad,4.8
4513,2025-10-03,Seller 4513,Karachi,3.4
4514,2023-10-23,Seller 4514,Islamabad,3.5
4515,2023-09-15,Seller 4515,Faisalabad,3.0
4516,2024-08-23,Seller 4516,Multan,4.0
4517,2025-11-30,Seller 4517,Lahore,4.3
4518,2024-05-04,Seller 4518,Karachi,4.3
4519,2024-02-21,Seller 4519,Karachi,3.6
4520,2024-12-05,Seller 4520,Faisalabad,4.0
4521,2025-05-01,Seller 4521,Multan,3.3
4522,2025-03-16,Seller 4522,Islamabad,4.5
4523,2024-04-19,Seller 4523,Karachi,4.2
4524,2025-09-21,Seller 4524,Lahore,3.2
4525,2025-02-11,Seller 4525,Multan,4.7
4526,2025-10-07,Seller 4526,Karachi,3.9
4527,2023-07-12,Seller 4527,Karachi,3.6
4528,2023-01-07,Seller 4528,Lahore,4.2
4529,2024-08-31,Seller 4529,Lahore,4.9
4530,2024-10-31,Seller 4530,Lahore,3.5
4531,2023-05-04,Seller 4531,Multan,3.3
4532,2023-01-28,Seller 4532,Faisalabad,3.2
4533,2024-12-26,Seller 4533,Karachi,3.2
4534,2023-11-20,Seller 4534,Faisalabad,3.0
4535,2024-04-24,Seller 4535,Lahore,3.9
4536,2024-11-05,Seller 4536,Faisalabad,3.2
4537,2023-05-18,Seller 4537,Multan,4.0
4538,2023-10-27,Seller 4538,Lahore,4.3
4539,2025-01-13,Seller 4539,Multan,3.1
4540,2023-10-17,Seller 4540,Lahore,4.7
4541,2024-04-07,Seller 4541,Lahore,3.7
4542,2023-03-31,Seller 4542,Islamabad,4.6
4543,2023-04-30,Seller 4543,Multan,4.1
4544,2024-11-18,Seller 4544,Multan,3.3
4545,2025-09-21,Seller 4545,Multan,4.4
4546,2025-01-03,Seller 4546,Multan,3.9
4547,2023-05-10,Seller 4547,Faisalabad,3.4
4548,2024-08-20,Seller 4548,Multan,3.8
4549,2025-03-22,Seller 4549,Islamabad,3.2
4550,2023-11-20,Seller 4550,Lahore,4.5
4551,2024-09-17,Seller 4551,Lahore,4.8
4552,2023-07-28,Seller 4552,Faisalabad,4.4
4553,2025-02-17,Seller 4553,Karachi,4.5
4554,2025-02-09,Seller 4554,Lahore,3.2
4555,2024-04-08,Seller 4555,Faisalabad,4.6
4556,2025-11-15,Seller 4556,Islamabad,3.4
4557,2025-11-19,Seller 4557,Lahore,3.0
4558,2025-07-09,Seller 4558,Islamabad,4.2
4559,2022-12-06,Seller 4559,Lahore,4.0
4560,2025-10-09,Seller 4560,Multan,4.4
4561,2024-01-18,Seller 4561,Lahore,3.4
4562,2025-07-04,Seller 4562,Karachi,4.9
4563,2024-11-02,Seller 4563,Islamabad,3.9
4564,2024-05-09,Seller 4564,Faisalabad,3.8
4565,2023-04-10,Seller 4565,Lahore,4.8
4566,2025-02-03,Seller 4566,Islamabad,4.5
4567,2025-04-21,Seller 4567,Multan,3.7
4568,2024-05-24,Seller 4568,Faisalabad,4.3
4569,2025-08-12,Seller 4569,Islamabad,4.3
4570,2023-05-19,Seller 4570,Islamabad,3.1
4571,2023-01-26,Seller 4571,Multan,4.3
4572,2024-06-21,Seller 4572,Karachi,4.3
4573,2025-10-10,Seller 4573,Islamabad,4.2
4574,2023-07-14,Seller 4574,Islamabad,3.5
4575,2024-07-20,Seller 4575,Faisalabad,3.4
4576,2024-07-27,Seller 4576,Multan,3.6
4577,2023-03-17,Seller 4577,Karachi,4.8
4578,2023-03-17,Seller 4578,Faisalabad,4.1
4579,2024-06-12,Seller 4579,Karachi,3.2
4580,2024-03-07,Seller 4580,Faisalabad,4.6
4581,2025-09-08,Seller 4581,Karachi,3.2
4582,2023-08-25,Seller 4582,Multan,4.0
4583,2023-07-29,Seller 4583,Multan,4.9
4584,2025-06-20,Seller 4584,Islamabad,3.5
4585,2025-08-02,Seller 4585,Multan,4.8
4586,2022-12-29,Seller 4586,Karachi,3.4
4587,2023-01-09,Seller 4587,Multan,3.5
4588,2023-01-19,Seller 4588,Multan,4.2
4589,2024-11-29,Seller 4589,Islamabad,3.6
4590,2023-03-24,Seller 4590,Islamabad,4.2
4591,2023-10-14,Seller 4591,Islamabad,3.3
4592,2024-10-13,Seller 4592,Islamabad,3.7
4593,2025-04-15,Seller 4593,Karachi,3.4
4594,2025-10-02,Seller 4594,Karachi,3.4
4595,2024-01-17,Seller 4595,Faisalabad,4.1
4596,2025-07-31,Seller 4596,Faisalabad,4.8
4597,2023-05-21,Seller 4597,Karachi,4.3
4598,2023-07-20,Seller 4598,Multan,3.3
4599,2025-02-28,Seller 4599,Karachi,4.6
4600,2024-03-28,Seller 4600,Karachi,3.9
4601,2024-05-30,Seller 4601,Lahore,4.6
4602,2024-11-11,Seller 4602,Faisalabad,4.2
4603,2022-12-28,Seller 4603,Karachi,3.1
4604,2025-07-10,Seller 4604,Karachi,3.7
4605,2025-01-04,Seller 4605,Faisalabad,4.4
4606,2023-07-29,Seller 4606,Lahore,3.9
4607,2024-01-10,Seller 4607,Lahore,4.4
4608,2023-10-31,Seller 4608,Islamabad,5.0
4609,2023-10-26,Seller 4609,Lahore,4.5
4610,2024-05-09,Seller 4610,Karachi,4.5
4611,2025-04-11,Seller 4611,Faisalabad,4.3
4612,2023-10-25,Seller 4612,Faisalabad,3.8
4613,2023-01-03,Seller 4613,Karachi,4.4
4614,2025-04-12,Seller 4614,Multan,4.2
4615,2024-04-19,Seller 4615,Karachi,3.4
4616,2023-05-07,Seller 4616,Lahore,3.5
4617,2023-10-12,Seller 4617,Multan,4.0
4618,2024-07-01,Seller 4618,Islamabad,3.8
4619,2023-01-10,Seller 4619,Islamabad,4.5
4620,2024-09-17,Seller 4620,Karachi,3.2
4621,2024-06-14,Seller 4621,Multan,4.8
4622,2025-07-22,Seller 4622,Faisalabad,4.5
4623,2024-01-08,Seller 4623,Islamabad,3.1
4624,2022-12-28,Seller 4624,Islamabad,4.3
4625,2023-11-03,Seller 4625,Islamabad,3.4
4626,2024-07-17,Seller 4626,Multan,4.0
4627,2024-08-06,Seller 4627,Islamabad,4.7
4628,2025-10-15,Seller 4628,Karachi,4.8
4629,2025-09-23,Seller 4629,Islamabad,3.5
4630,2023-10-20,Seller 4630,Karachi,3.7
4631,2025-07-14,Seller 4631,Faisalabad,4.9
4632,2024-05-24,Seller 4632,Faisalabad,3.7
4633,2024-05-29,Seller 4633,Karachi,3.6
4634,2025-10-20,Seller 4634,Karachi,3.9
4635,2024-01-30,Seller 4635,Lahore,3.5
4636,2023-01-18,Seller 4636,Islamabad,3.8
4637,2023-08-24,Seller 4637,Lahore,4.8
4638,2023-04-26,Seller 4638,Islamabad,4.7
4639,2025-05-23,Seller 4639,Faisalabad,3.8
4640,2023-05-12,Seller 4640,Islamabad,3.8
4641,2024-11-20,Seller 4641,Lahore,4.7
4642,2025-06-18,Seller 4642,Lahore,3.7
4643,2024-01-19,Seller 4643,Multan,3.0
4644,2025-07-17,Seller 4644,Karachi,4.3
4645,2024-02-25,Seller 4645,Multan,3.8
4646,2024-11-11,Seller 4646,Lahore,3.6
4647,2025-04-21,Seller 4647,Faisalabad,5.0
4648,2025-12-01,Seller 4648,Multan,4.4
4649,2025-11-07,Seller 4649,Islamabad,3.4
4650,2023-07-01,Seller 4650,Karachi,3.6
4651,2023-11-10,Seller 4651,Islamabad,5.0
4652,2024-02-16,Seller 4652,Karachi,5.0
4653,2025-02-10,Seller 4653,Multan,4.6
4654,2025-03-23,Seller 4654,Karachi,4.7
4655,2025-12-02,Seller 4655,Karachi,3.7
4656,2025-06-15,Seller 4656,Lahore,3.1
4657,2025-07-27,Seller 4657,Faisalabad,3.5
4658,2024-05-02,Seller 4658,Faisalabad,4.6
4659,2023-07-24,Seller 4659,Karachi,3.8
4660,2024-02-21,Seller 4660,Lahore,4.8
4661,2025-08-24,Seller 4661,Karachi,3.6
4662,2024-02-23,Seller 4662,Islamabad,4.9
4663,2025-04-27,Seller 4663,Faisalabad,4.0
4664,2025-03-21,Seller 4664,Karachi,4.5
4665,2024-09-17,Seller 4665,Faisalabad,4.7
4666,2024-01-28,Seller 4666,Karachi,3.8
4667,2025-09-28,Seller 4667,Karachi,3.8
4668,2025-08-18,Seller 4668,Faisalabad,3.5
4669,2024-05-29,Seller 4669,Islamabad,3.2
4670,2024-03-27,Seller 4670,Islamabad,3.0
4671,2023-05-15,Seller 4671,Islamabad,4.6
4672,2025-10-26,Seller 4672,Multan,4.2
4673,2025-04-29,Seller 4673,Islamabad,4.4
4674,2023-09-24,Seller 4674,Multan,4.0
4675,2023-10-30,Seller 4675,Islamabad,4.8
4676,2024-03-18,Seller 4676,Faisalabad,3.6
4677,2024-12-21,Seller 4677,Lahore,4.0
4678,2024-07-28,Seller 4678,Faisalabad,4.8
4679,2024-10-25,Seller 4679,Lahore,3.1
4680,2024-03-15,Seller 4680,Multan,4.8
4681,2025-05-23,Seller 4681,Multan,3.5
4682,2025-11-29,Seller 4682,Islamabad,3.1
4683,2023-06-20,Seller 4683,Islamabad,4.4
4684,2024-07-31,Seller 4684,Faisalabad,4.9
4685,2024-07-30,Seller 4685,Multan,3.0
4686,2023-09-18,Seller 4686,Multan,3.9
4687,2023-06-08,Seller 4687,Multan,3.1
4688,2025-10-24,Seller 4688,Karachi,3.0
4689,2024-06-07,Seller 4689,Islamabad,4.3
4690,2024-09-20,Seller 4690,Karachi,4.7
4691,2025-06-05,Seller 4691,Faisalabad,3.2
4692,2025-06-13,Seller 4692,Lahore,4.2
4693,2023-05-25,Seller 4693,Karachi,3.9
4694,2023-10-08,Seller 4694,Lahore,3.9
4695,2024-01-16,Seller 4695,Faisalabad,4.1
4696,2022-12-08,Seller 4696,Multan,5.0
4697,2023-06-07,Seller 4697,Multan,3.6
4698,2023-11-03,Seller 4698,Multan,3.8
4699,2023-06-08,Seller 4699,Lahore,3.3
4700,2023-06-16,Seller 4700,Karachi,4.9
4701,2023-06-08,Seller 4701,Lahore,3.0
4702,2024-07-29,Seller 4702,Faisalabad,3.5
4703,2024-09-30,Seller 4703,Lahore,4.8
4704,2023-02-28,Seller 4704,Karachi,3.3
4705,2024-09-26,Seller 4705,Islamabad,4.4
4706,2025-01-23,Seller 4706,Multan,3.6
4707,2023-02-15,Seller 4707,Faisalabad,4.0
4708,2023-11-10,Seller 4708,Karachi,3.7
4709,2023-07-11,Seller 4709,Faisalabad,4.5
4710,2023-07-14,Seller 4710,Faisalabad,4.5
4711,2025-07-11,Seller 4711,Islamabad,4.3
4712,2023-11-24,Seller 4712,Islamabad,4.5
4713,2025-03-06,Seller 4713,Lahore,3.4
4714,2024-11-13,Seller 4714,Lahore,4.9
4715,2024-10-07,Seller 4715,Faisalabad,3.7
4716,2024-03-06,Seller 4716,Multan,4.4
4717,2023-07-30,Seller 4717,Islamabad,4.0
4718,2025-07-16,Seller 4718,Faisalabad,4.2
4719,2025-05-31,Seller 4719,Lahore,4.7
4720,2023-05-06,Seller 4720,Karachi,3.8
4721,2024-12-27,Seller 4721,Karachi,3.1
4722,2024-06-05,Seller 4722,Lahore,4.1
4723,2025-04-01,Seller 4723,Lahore,4.6
4724,2024-01-17,Seller 4724,Multan,4.6
4725,2022-12-11,Seller 4725,Islamabad,5.0
4726,2025-05-20,Seller 4726,Faisalabad,3.5
4727,2023-06-11,Seller 4727,Lahore,3.1
4728,2024-09-20,Seller 4728,Islamabad,3.3
4729,2025-06-29,Seller 4729,Lahore,4.9
4730,2024-01-12,Seller 4730,Lahore,3.1
4731,2025-07-16,Seller 4731,Lahore,3.5
4732,2023-07-18,Seller 4732,Karachi,4.7
4733,2024-08-31,Seller 4733,Faisalabad,4.2
4734,2025-07-05,Seller 4734,Faisalabad,3.3
4735,2023-02-19,Seller 4735,Karachi,4.6
4736,2025-08-02,Seller 4736,Islamabad,4.3
4737,2024-05-31,Seller 4737,Faisalabad,4.6
4738,2025-05-23,Seller 4738,Islamabad,4.6
4739,2023-11-09,Seller 4739,Faisalabad,3.7
4740,2023-03-16,Seller 4740,Faisalabad,4.4
4741,2024-11-20,Seller 4741,Islamabad,4.2
4742,2024-02-16,Seller 4742,Islamabad,3.6
4743,2025-07-24,Seller 4743,Karachi,4.2
4744,2024-03-05,Seller 4744,Karachi,3.3
4745,2025-02-23,Seller 4745,Multan,4.7
4746,2023-08-19,Seller 4746,Karachi,3.8
4747,2024-05-23,Seller 4747,Islamabad,3.7
4748,2024-07-09,Seller 4748,Karachi,3.2
4749,2025-10-25,Seller 4749,Multan,3.6
4750,2022-12-28,Seller 4750,Karachi,4.5
4751,2024-03-14,Seller 4751,Multan,3.7
4752,2024-03-24,Seller 4752,Islamabad,4.0
4753,2023-10-13,Seller 4753,Islamabad,3.8
4754,2025-11-13,Seller 4754,Lahore,3.1
4755,2024-06-10,Seller 4755,Multan,4.2
4756,2023-10-13,Seller 4756,Karachi,4.8
4757,2023-10-11,Seller 4757,Lahore,3.9
4758,2024-10-28,Seller 4758,Islamabad,4.5
4759,2025-03-06,Seller 4759,Faisalabad,4.8
4760,2025-07-21,Seller 4760,Lahore,4.7
4761,2023-02-27,Seller 4761,Islamabad,4.1
4762,2024-07-15,Seller 4762,Karachi,4.9
4763,2025-07-23,Seller 4763,Islamabad,4.4
4764,2023-08-21,Seller 4764,Faisalabad,3.9
4765,2024-09-08,Seller 4765,Multan,5.0
4766,2025-09-01,Seller 4766,Faisalabad,3.8
4767,2022-12-07,Seller 4767,Multan,3.6
4768,2025-08-07,Seller 4768,Islamabad,4.3
4769,2025-06-13,Seller 4769,Lahore,3.7
4770,2025-02-25,Seller 4770,Karachi,4.7
4771,2025-02-07,Seller 4771,Multan,4.0
4772,2025-03-29,Seller 4772,Karachi,3.5
4773,2025-09-20,Seller 4773,Lahore,4.6
4774,2023-08-29,Seller 4774,Karachi,3.0
4775,2025-10-17,Seller 4775,Islamabad,3.5
4776,2023-05-04,Seller 4776,Islamabad,3.3
4777,2024-12-11,Seller 4777,Islamabad,3.3
4778,2024-09-16,Seller 4778,Faisalabad,4.9
4779,2023-01-25,Seller 4779,Faisalabad,3.2
4780,2023-12-22,Seller 4780,Islamabad,4.8
4781,2024-09-24,Seller 4781,Islamabad,3.1
4782,2023-11-10,Seller 4782,Lahore,3.1
4783,2024-02-17,Seller 4783,Lahore,3.5
4784,2024-09-03,Seller 4784,Islamabad,3.8
4785,2024-09-16,Seller 4785,Karachi,4.8
4786,2023-04-22,Seller 4786,Islamabad,4.9
4787,2024-07-07,Seller 4787,Islamabad,3.4
4788,2025-06-26,Seller 4788,Islamabad,3.4
4789,2024-05-20,Seller 4789,Islamabad,4.5
4790,2024-11-18,Seller 4790,Faisalabad,3.2
4791,2023-09-14,Seller 4791,Lahore,3.7
4792,2023-05-16,Seller 4792,Islamabad,4.0
4793,2023-04-20,Seller 4793,Lahore,4.9
4794,2025-10-18,Seller 4794,Lahore,3.9
4795,2025-04-30,Seller 4795,Faisalabad,4.1
4796,2024-05-21,Seller 4796,Multan,4.7
4797,2025-03-22,Seller 4797,Multan,4.4
4798,2023-07-12,Seller 4798,Karachi,3.0
4799,2024-03-17,Seller 4799,Karachi,3.0
4800,2023-04-15,Seller 4800,Karachi,3.9
4801,2025-06-07,Seller 4801,Multan,4.4
4802,2025-03-08,Seller 4802,Multan,3.3
4803,2024-09-08,Seller 4803,Lahore,4.6
4804,2024-03-07,Seller 4804,Islamabad,3.7
4805,2024-10-22,Seller 4805,Islamabad,3.9
4806,2024-11-24,Seller 4806,Multan,3.6
4807,2024-04-18,Seller 4807,Faisalabad,4.6
4808,2024-10-07,Seller 4808,Lahore,4.8
4809,2024-07-10,Seller 4809,Islamabad,3.5
4810,2024-08-24,Seller 4810,Faisalabad,3.9
4811,2025-05-04,Seller 4811,Faisalabad,4.6
4812,2023-02-19,Seller 4812,Faisalabad,4.5
4813,2023-04-23,Seller 4813,Lahore,4.0
4814,2025-08-10,Seller 4814,Multan,4.9
4815,2024-06-11,Seller 4815,Karachi,4.1
4816,2023-07-02,Seller 4816,Multan,3.2
4817,2025-06-16,Seller 4817,Lahore,3.7
4818,2023-02-05,Seller 4818,Multan,3.5
4819,2023-07-19,Seller 4819,Multan,4.2
4820,2024-07-22,Seller 4820,Lahore,3.4
4821,2025-08-29,Seller 4821,Islamabad,4.5
4822,2023-05-02,Seller 4822,Multan,4.4
4823,2022-12-16,Seller 4823,Faisalabad,4.1
4824,2023-07-16,Seller 4824,Karachi,4.8
4825,2025-04-27,Seller 4825,Multan,3.1
4826,2024-11-09,Seller 4826,Faisalabad,3.2
4827,2023-05-05,Seller 4827,Faisalabad,4.2
4828,2025-06-12,Seller 4828,Karachi,3.8
4829,2024-08-15,Seller 4829,Faisalabad,3.4
4830,2025-02-02,Seller 4830,Karachi,3.4
4831,2024-09-27,Seller 4831,Karachi,4.9
4832,2025-05-17,Seller 4832,Islamabad,4.3
4833,2023-12-06,Seller 4833,Lahore,3.2
4834,2023-05-28,Seller 4834,Multan,3.8
4835,2024-06-20,Seller 4835,Multan,3.2
4836,2024-07-13,Seller 4836,Karachi,5.0
4837,2025-09-20,Seller 4837,Islamabad,4.8
4838,2023-10-25,Seller 4838,Multan,3.4
4839,2023-06-12,Seller 4839,Islamabad,4.1
4840,2025-06-12,Seller 4840,Lahore,4.7
4841,2023-04-15,Seller 4841,Multan,5.0
4842,2025-10-07,Seller 4842,Karachi,4.2
4843,2023-04-24,Seller 4843,Karachi,4.7
4844,2023-05-27,Seller 4844,Multan,4.1
4845,2025-10-25,Seller 4845,Faisalabad,3.3
4846,2024-11-13,Seller 4846,Lahore,4.1
4847,2023-07-01,Seller 4847,Karachi,4.5
4848,2024-12-12,Seller 4848,Lahore,3.2
4849,2023-07-18,Seller 4849,Multan,4.2
4850,2024-07-21,Seller 4850,Karachi,3.5
4851,2023-05-29,Seller 4851,Lahore,4.7
4852,2023-04-23,Seller 4852,Lahore,4.8
4853,2025-02-14,Seller 4853,Multan,3.0
4854,2025-01-17,Seller 4854,Karachi,3.6
4855,2025-03-07,Seller 4855,Karachi,4.2
4856,2025-10-03,Seller 4856,Karachi,3.1
4857,2023-10-20,Seller 4857,Faisalabad,4.6
4858,2024-03-01,Seller 4858,Karachi,3.1
4859,2025-05-26,Seller 4859,Multan,4.2
4860,2024-09-24,Seller 4860,Islamabad,3.5
4861,2024-08-29,Seller 4861,Faisalabad,4.3
4862,2025-01-06,Seller 4862,Karachi,3.2
4863,2023-07-14,Seller 4863,Karachi,3.5
4864,2025-11-07,Seller 4864,Multan,4.1
4865,2025-08-01,Seller 4865,Faisalabad,4.5
4866,2024-02-22,Seller 4866,Karachi,4.4
4867,2023-04-07,Seller 4867,Multan,3.4
4868,2024-10-18,Seller 4868,Multan,4.8
4869,2024-06-23,Seller 4869,Islamabad,3.2
4870,2023-01-14,Seller 4870,Lahore,3.8
4871,2023-05-02,Seller 4871,Faisalabad,4.9
4872,2023-10-22,Seller 4872,Multan,3.0
4873,2023-05-01,Seller 4873,Lahore,3.7
4874,2024-06-22,Seller 4874,Faisalabad,3.0
4875,2023-10-28,Seller 4875,Lahore,4.6
4876,2024-02-28,Seller 4876,Karachi,4.5
4877,2024-04-21,Seller 4877,Faisalabad,3.3
4878,2023-06-05,Seller 4878,Islamabad,4.4
4879,2025-04-10,Seller 4879,Karachi,4.7
4880,2025-05-22,Seller 4880,Karachi,3.7
4881,2025-07-04,Seller 4881,Multan,4.9
4882,2025-05-12,Seller 4882,Faisalabad,4.7
4883,2024-04-13,Seller 4883,Karachi,4.3
4884,2023-05-23,Seller 4884,Karachi,4.8
4885,2024-08-30,Seller 4885,Karachi,3.4
4886,2024-06-17,Seller 4886,Faisalabad,3.8
4887,2025-07-11,Seller 4887,Multan,3.4
4888,2024-03-02,Seller 4888,Islamabad,3.7
4889,2025-03-14,Seller 4889,Lahore,4.0
4890,2024-12-28,Seller 4890,Lahore,3.1
4891,2024-07-27,Seller 4891,Faisalabad,3.2
4892,2023-10-15,Seller 4892,Lahore,3.7
4893,2023-09-04,Seller 4893,Islamabad,3.5
4894,2024-02-24,Seller 4894,Multan,4.6
4895,2024-02-25,Seller 4895,Multan,3.3
4896,2024-06-19,Seller 4896,Islamabad,3.9
4897,2024-01-23,Seller 4897,Karachi,3.4
4898,2023-04-19,Seller 4898,Multan,4.0
4899,2024-05-31,Seller 4899,Islamabad,4.1
4900,2024-03-01,Seller 4900,Karachi,4.4
4901,2025-08-21,Seller 4901,Karachi,4.3
4902,2023-01-02,Seller 4902,Lahore,3.4
4903,2025-08-30,Seller 4903,Faisalabad,4.1
4904,2023-06-19,Seller 4904,Karachi,3.4
4905,2024-04-23,Seller 4905,Karachi,3.8
4906,2025-05-26,Seller 4906,Multan,3.8
4907,2023-09-06,Seller 4907,Multan,3.4
4908,2024-07-25,Seller 4908,Islamabad,4.3
4909,2025-07-20,Seller 4909,Lahore,3.2
4910,2025-11-29,Seller 4910,Lahore,4.0
4911,2025-07-19,Seller 4911,Multan,4.8
4912,2024-12-10,Seller 4912,Faisalabad,5.0
4913,2023-04-04,Seller 4913,Lahore,4.7
4914,2024-11-09,Seller 4914,Multan,4.5
4915,2023-06-07,Seller 4915,Faisalabad,4.8
4916,2025-10-11,Seller 4916,Multan,4.3
4917,2024-09-21,Seller 4917,Faisalabad,4.8
4918,2024-04-10,Seller 4918,Multan,4.6
4919,2023-12-07,Seller 4919,Lahore,4.9
4920,2024-08-12,Seller 4920,Islamabad,4.8
4921,2023-05-07,Seller 4921,Islamabad,4.7
4922,2023-01-06,Seller 4922,Faisalabad,5.0
4923,2024-08-11,Seller 4923,Islamabad,3.4
4924,2024-11-13,Seller 4924,Faisalabad,4.6
4925,2023-08-14,Seller 4925,Lahore,4.9
4926,2025-05-05,Seller 4926,Islamabad,3.3
4927,2023-07-26,Seller 4927,Faisalabad,3.3
4928,2024-02-06,Seller 4928,Lahore,3.4
4929,2023-11-02,Seller 4929,Karachi,3.9
4930,2024-07-11,Seller 4930,Faisalabad,3.0
4931,2025-04-17,Seller 4931,Lahore,3.5
4932,2024-07-20,Seller 4932,Karachi,4.6
4933,2024-10-29,Seller 4933,Faisalabad,3.8
4934,2025-09-01,Seller 4934,Faisalabad,3.7
4935,2023-03-26,Seller 4935,Islamabad,4.3
4936,2024-12-08,Seller 4936,Islamabad,3.1
4937,2024-06-17,Seller 4937,Islamabad,4.1
4938,2023-02-20,Seller 4938,Karachi,4.2
4939,2023-12-16,Seller 4939,Faisalabad,3.8
4940,2025-04-30,Seller 4940,Multan,3.2
4941,2023-09-10,Seller 4941,Islamabad,4.7
4942,2024-06-12,Seller 4942,Lahore,3.6
4943,2023-01-21,Seller 4943,Multan,4.8
4944,2025-02-27,Seller 4944,Islamabad,3.7
4945,2023-06-13,Seller 4945,Islamabad,3.8
4946,2025-05-01,Seller 4946,Lahore,3.3
4947,2023-10-17,Seller 4947,Multan,4.9
4948,2023-06-08,Seller 4948,Faisalabad,4.7
4949,2024-04-06,Seller 4949,Multan,3.3
4950,2024-07-03,Seller 4950,Faisalabad,3.2
4951,2024-07-28,Seller 4951,Faisalabad,3.2
4952,2023-08-06,Seller 4952,Islamabad,4.6
4953,2024-09-08,Seller 4953,Islamabad,3.9
4954,2023-09-05,Seller 4954,Faisalabad,4.5
4955,2023-08-12,Seller 4955,Lahore,3.3
4956,2023-04-28,Seller 4956,Karachi,3.3
4957,2023-10-05,Seller 4957,Faisalabad,3.2
4958,2023-04-05,Seller 4958,Faisalabad,3.6
4959,2025-03-30,Seller 4959,Islamabad,4.9
4960,2025-01-19,Seller 4960,Multan,4.1
4961,2025-05-01,Seller 4961,Faisalabad,3.5
4962,2023-05-09,Seller 4962,Islamabad,4.1
4963,2024-05-29,Seller 4963,Faisalabad,3.9
4964,2025-02-11,Seller 4964,Lahore,3.7
4965,2025-08-31,Seller 4965,Lahore,4.9
4966,2023-08-08,Seller 4966,Faisalabad,4.3
4967,2025-08-16,Seller 4967,Lahore,3.3
4968,2025-03-13,Seller 4968,Multan,4.9
4969,2024-04-04,Seller 4969,Islamabad,4.6
4970,2025-02-08,Seller 4970,Faisalabad,4.0
4971,2025-06-02,Seller 4971,Multan,4.6
4972,2024-07-03,Seller 4972,Karachi,3.5
4973,2023-03-11,Seller 4973,Karachi,4.4
4974,2022-12-30,Seller 4974,Faisalabad,3.5
4975,2023-04-02,Seller 4975,Karachi,4.7
4976,2024-09-29,Seller 4976,Faisalabad,4.3
4977,2025-09-23,Seller 4977,Lahore,3.6
4978,2023-01-31,Seller 4978,Faisalabad,4.1
4979,2024-09-10,Seller 4979,Lahore,4.7
4980,2025-10-29,Seller 4980,Karachi,4.1
4981,2023-11-14,Seller 4981,Faisalabad,4.4
4982,2023-01-21,Seller 4982,Lahore,3.4
4983,2023-09-16,Seller 4983,Lahore,5.0
4984,2023-09-22,Seller 4984,Karachi,3.5
4985,2024-06-18,Seller 4985,Faisalabad,4.5
4986,2023-11-12,Seller 4986,Islamabad,4.6
4987,2023-08-13,Seller 4987,Karachi,4.8
4988,2023-05-25,Seller 4988,Islamabad,4.4
4989,2023-10-31,Seller 4989,Faisalabad,4.5
4990,2025-07-07,Seller 4990,Karachi,4.2
4991,2023-01-30,Seller 4991,Karachi,3.5
4992,2025-04-10,Seller 4992,Lahore,3.3
4993,2025-06-09,Seller 4993,Multan,4.5
4994,2025-04-07,Seller 4994,Lahore,3.8
4995,2024-07-26,Seller 4995,Karachi,5.0
4996,2024-05-30,Seller 4996,Islamabad,4.6
4997,2023-04-09,Seller 4997,Karachi,3.8
4998,2023-12-30,Seller 4998,Multan,4.8
4999,2024-06-25,Seller 4999,Lahore,3.4
5000,2024-03-03,Seller 5000,Faisalabad,3.9
5001,2025-01-03,Seller 5001,Islamabad,3.1
5002,2025-06-10,Seller 5002,Faisalabad,3.4
5003,2023-12-23,Seller 5003,Islamabad,3.7
5004,2024-09-24,Seller 5004,Multan,3.6
5005,2023-12-09,Seller 5005,Karachi,4.5
5006,2025-01-18,Seller 5006,Faisalabad,4.2
5007,2023-01-16,Seller 5007,Lahore,3.7
5008,2024-06-20,Seller 5008,Multan,3.1
5009,2025-03-01,Seller 5009,Islamabad,3.7
5010,2023-12-24,Seller 5010,Multan,4.4
5011,2024-08-30,Seller 5011,Multan,3.8
5012,2024-04-10,Seller 5012,Faisalabad,4.7
5013,2023-07-07,Seller 5013,Lahore,4.5
5014,2024-05-01,Seller 5014,Faisalabad,3.5
5015,2025-05-06,Seller 5015,Multan,4.1
5016,2025-06-20,Seller 5016,Lahore,3.1
5017,2023-08-07,Seller 5017,Faisalabad,4.2
5018,2024-02-23,Seller 5018,Islamabad,4.3
5019,2024-10-12,Seller 5019,Karachi,4.0
5020,2023-10-30,Seller 5020,Multan,4.6
5021,2024-09-30,Seller 5021,Faisalabad,3.6
5022,2024-02-11,Seller 5022,Karachi,4.8
5023,2024-06-09,Seller 5023,Karachi,3.6
5024,2024-11-09,Seller 5024,Faisalabad,4.2
5025,2024-12-02,Seller 5025,Islamabad,3.2
5026,2025-03-01,Seller 5026,Islamabad,3.0
5027,2024-12-30,Seller 5027,Islamabad,3.4
5028,2025-08-01,Seller 5028,Lahore,3.7
5029,2023-09-12,Seller 5029,Multan,4.1
5030,2024-03-13,Seller 5030,Islamabad,4.7
5031,2025-07-04,Seller 5031,Lahore,5.0
5032,2023-08-29,Seller 5032,Lahore,3.7
5033,2025-10-06,Seller 5033,Lahore,3.6
5034,2023-12-26,Seller 5034,Karachi,4.6
5035,2025-09-05,Seller 5035,Lahore,4.6
5036,2023-12-11,Seller 5036,Faisalabad,3.4
5037,2024-12-29,Seller 5037,Faisalabad,4.9
5038,2025-05-03,Seller 5038,Faisalabad,3.8
5039,2023-11-25,Seller 5039,Multan,4.8
5040,2023-05-10,Seller 5040,Multan,3.4
5041,2025-05-25,Seller 5041,Lahore,4.7
5042,2025-04-03,Seller 5042,Faisalabad,3.3
5043,2024-11-24,Seller 5043,Multan,3.8
5044,2023-09-03,Seller 5044,Islamabad,4.3
5045,2025-02-16,Seller 5045,Multan,4.0
5046,2023-11-24,Seller 5046,Lahore,3.0
5047,2025-06-13,Seller 5047,Faisalabad,3.5
5048,2025-01-08,Seller 5048,Karachi,3.8
5049,2025-08-19,Seller 5049,Islamabad,3.8
5050,2025-04-09,Seller 5050,Multan,3.5
5051,2025-03-20,Seller 5051,Karachi,4.3
5052,2023-10-04,Seller 5052,Faisalabad,3.3
5053,2024-09-11,Seller 5053,Lahore,3.5
5054,2024-12-19,Seller 5054,Lahore,4.0
5055,2023-08-28,Seller 5055,Lahore,3.4
5056,2024-05-21,Seller 5056,Islamabad,4.1
5057,2022-12-23,Seller 5057,Multan,4.2
5058,2023-02-22,Seller 5058,Karachi,4.4
5059,2025-04-08,Seller 5059,Islamabad,3.2
5060,2024-08-30,Seller 5060,Multan,3.1
5061,2023-01-01,Seller 5061,Karachi,4.1
5062,2025-09-17,Seller 5062,Lahore,3.3
5063,2022-12-29,Seller 5063,Lahore,4.5
5064,2023-03-10,Seller 5064,Faisalabad,4.9
5065,2024-07-01,Seller 5065,Islamabad,4.2
5066,2023-05-24,Seller 5066,Multan,4.4
5067,2024-02-24,Seller 5067,Lahore,3.1
5068,2025-07-17,Seller 5068,Faisalabad,4.7
5069,2023-12-05,Seller 5069,Islamabad,3.9
5070,2023-09-27,Seller 5070,Multan,3.3
5071,2025-03-22,Seller 5071,Islamabad,3.1
5072,2024-09-16,Seller 5072,Lahore,3.2
5073,2025-09-23,Seller 5073,Islamabad,4.1
5074,2025-03-30,Seller 5074,Karachi,3.1
5075,2025-06-17,Seller 5075,Faisalabad,3.5
5076,2025-03-02,Seller 5076,Faisalabad,4.4
5077,2024-01-13,Seller 5077,Lahore,3.2
5078,2025-06-19,Seller 5078,Karachi,3.1
5079,2024-07-16,Seller 5079,Karachi,3.5
5080,2023-10-21,Seller 5080,Faisalabad,3.3
5081,2023-03-11,Seller 5081,Islamabad,3.2
5082,2023-07-18,Seller 5082,Multan,4.7
5083,2024-02-04,Seller 5083,Islamabad,4.8
5084,2022-12-25,Seller 5084,Islamabad,3.7
5085,2024-01-22,Seller 5085,Islamabad,3.7
5086,2023-10-31,Seller 5086,Islamabad,3.2
5087,2025-08-20,Seller 5087,Multan,4.1
5088,2025-03-05,Seller 5088,Lahore,4.7
5089,2025-02-05,Seller 5089,Faisalabad,3.0
5090,2024-02-03,Seller 5090,Multan,3.9
5091,2025-09-26,Seller 5091,Lahore,5.0
5092,2025-07-23,Seller 5092,Lahore,4.3
5093,2024-04-30,Seller 5093,Faisalabad,4.3
5094,2023-06-23,Seller 5094,Faisalabad,3.1
5095,2023-04-21,Seller 5095,Karachi,4.2
5096,2025-07-25,Seller 5096,Islamabad,3.7
5097,2023-12-29,Seller 5097,Lahore,3.9
5098,2024-09-10,Seller 5098,Islamabad,4.8
5099,2023-10-03,Seller 5099,Multan,3.1
5100,2024-12-08,Seller 5100,Islamabad,4.8
5101,2023-09-21,Seller 5101,Karachi,3.4
5102,2024-03-05,Seller 5102,Faisalabad,3.7
5103,2023-06-07,Seller 5103,Islamabad,3.6
5104,2023-03-02,Seller 5104,Islamabad,3.8
5105,2025-02-03,Seller 5105,Lahore,4.0
5106,2023-08-27,Seller 5106,Faisalabad,4.9
5107,2023-12-10,Seller 5107,Karachi,4.6
5108,2023-02-07,Seller 5108,Faisalabad,3.1
5109,2024-12-20,Seller 5109,Karachi,4.6
5110,2024-07-23,Seller 5110,Islamabad,4.4
5111,2025-11-23,Seller 5111,Lahore,4.6
5112,2025-02-23,Seller 5112,Islamabad,3.2
5113,2024-12-09,Seller 5113,Lahore,3.9
5114,2025-01-10,Seller 5114,Islamabad,3.8
5115,2023-09-17,Seller 5115,Islamabad,3.1
5116,2025-02-01,Seller 5116,Faisalabad,3.9
5117,2025-01-29,Seller 5117,Faisalabad,3.8
5118,2023-05-12,Seller 5118,Islamabad,3.4
5119,2023-10-22,Seller 5119,Multan,4.8
5120,2023-06-08,Seller 5120,Lahore,3.7
5121,2023-12-20,Seller 5121,Lahore,3.2
5122,2024-04-27,Seller 5122,Multan,3.5
5123,2024-05-05,Seller 5123,Islamabad,3.2
5124,2025-04-03,Seller 5124,Islamabad,3.9
5125,2024-07-15,Seller 5125,Faisalabad,4.1
5126,2024-10-26,Seller 5126,Islamabad,3.9
5127,2024-02-25,Seller 5127,Karachi,3.6
5128,2024-06-01,Seller 5128,Faisalabad,3.7
5129,2024-09-26,Seller 5129,Karachi,4.7
5130,2024-01-12,Seller 5130,Karachi,3.5
5131,2025-11-14,Seller 5131,Islamabad,3.6
5132,2024-03-25,Seller 5132,Islamabad,3.4
5133,2025-01-07,Seller 5133,Faisalabad,3.7
5134,2022-12-07,Seller 5134,Karachi,4.7
5135,2023-08-24,Seller 5135,Multan,3.2
5136,2024-09-14,Seller 5136,Karachi,4.0
5137,2024-05-14,Seller 5137,Multan,3.3
5138,2025-10-01,Seller 5138,Lahore,4.6
5139,2023-12-30,Seller 5139,Karachi,4.7
5140,2023-02-14,Seller 5140,Karachi,4.4
5141,2025-03-28,Seller 5141,Islamabad,4.6
5142,2024-12-08,Seller 5142,Faisalabad,3.7
5143,2024-12-25,Seller 5143,Faisalabad,4.3
5144,2025-06-01,Seller 5144,Islamabad,3.1
5145,2025-10-14,Seller 5145,Multan,3.5
5146,2024-11-18,Seller 5146,Karachi,3.4
5147,2024-07-04,Seller 5147,Islamabad,3.7
5148,2023-07-01,Seller 5148,Lahore,4.3
5149,2025-06-15,Seller 5149,Islamabad,3.6
5150,2024-07-21,Seller 5150,Karachi,4.0
5151,2023-02-15,Seller 5151,Islamabad,3.6
5152,2023-11-27,Seller 5152,Karachi,3.9
5153,2025-11-30,Seller 5153,Faisalabad,3.2
5154,2025-08-14,Seller 5154,Islamabad,4.4
5155,2025-10-09,Seller 5155,Islamabad,3.1
5156,2025-02-07,Seller 5156,Lahore,4.0
5157,2025-02-14,Seller 5157,Karachi,4.8
5158,2024-06-13,Seller 5158,Lahore,3.3
5159,2025-07-06,Seller 5159,Islamabad,3.1
5160,2025-06-20,Seller 5160,Islamabad,5.0
5161,2024-12-02,Seller 5161,Islamabad,3.9
5162,2024-10-03,Seller 5162,Faisalabad,4.9
5163,2023-04-03,Seller 5163,Lahore,4.0
5164,2025-09-29,Seller 5164,Multan,4.9
5165,2023-10-08,Seller 5165,Faisalabad,3.2
5166,2025-10-18,Seller 5166,Multan,4.0
5167,2025-06-30,Seller 5167,Karachi,3.4
5168,2025-11-06,Seller 5168,Faisalabad,4.4
5169,2025-03-07,Seller 5169,Faisalabad,3.0
5170,2023-04-25,Seller 5170,Lahore,3.9
5171,2023-02-16,Seller 5171,Lahore,3.5
5172,2024-04-20,Seller 5172,Lahore,4.5
5173,2023-05-07,Seller 5173,Multan,3.3
5174,2025-11-29,Seller 5174,Faisalabad,4.8
5175,2025-03-24,Seller 5175,Multan,3.0
5176,2025-08-20,Seller 5176,Multan,3.6
5177,2025-03-06,Seller 5177,Karachi,4.9
5178,2024-02-20,Seller 5178,Faisalabad,3.8
5179,2024-01-01,Seller 5179,Multan,3.3
5180,2024-01-26,Seller 5180,Islamabad,3.3
5181,2023-10-15,Seller 5181,Karachi,3.2
5182,2023-09-30,Seller 5182,Islamabad,3.8
5183,2023-12-20,Seller 5183,Multan,3.3
5184,2022-12-21,Seller 5184,Karachi,3.3
5185,2023-01-02,Seller 5185,Islamabad,3.5
5186,2025-04-16,Seller 5186,Karachi,4.7
5187,2023-03-24,Seller 5187,Islamabad,4.8
5188,2023-01-12,Seller 5188,Faisalabad,3.5
5189,2023-02-25,Seller 5189,Multan,3.0
5190,2023-11-09,Seller 5190,Karachi,4.6
5191,2023-07-04,Seller 5191,Multan,3.1
5192,2024-06-28,Seller 5192,Karachi,4.8
5193,2023-05-10,Seller 5193,Islamabad,3.3
5194,2025-10-16,Seller 5194,Faisalabad,3.8
5195,2023-10-14,Seller 5195,Faisalabad,4.3
5196,2025-07-13,Seller 5196,Islamabad,3.4
5197,2024-08-27,Seller 5197,Lahore,4.9
5198,2025-03-05,Seller 5198,Lahore,4.5
5199,2023-01-29,Seller 5199,Islamabad,3.8
5200,2023-11-13,Seller 5200,Karachi,3.2
5201,2025-02-02,Seller 5201,Faisalabad,3.6
5202,2024-07-21,Seller 5202,Faisalabad,4.6
5203,2023-03-15,Seller 5203,Faisalabad,4.7
5204,2023-09-28,Seller 5204,Multan,4.7
5205,2025-09-25,Seller 5205,Lahore,4.5
5206,2025-09-22,Seller 5206,Multan,4.5
5207,2024-08-21,Seller 5207,Islamabad,4.5
5208,2024-12-08,Seller 5208,Faisalabad,3.3
5209,2023-05-21,Seller 5209,Lahore,3.8
5210,2024-10-16,Seller 5210,Multan,3.6
5211,2023-06-17,Seller 5211,Multan,4.9
5212,2022-12-16,Seller 5212,Lahore,3.3
5213,2024-07-01,Seller 5213,Multan,3.9
5214,2023-07-31,Seller 5214,Multan,4.8
5215,2024-04-14,Seller 5215,Lahore,4.6
5216,2023-02-16,Seller 5216,Islamabad,4.0
5217,2025-07-01,Seller 5217,Faisalabad,4.7
5218,2023-02-04,Seller 5218,Faisalabad,4.4
5219,2023-05-27,Seller 5219,Faisalabad,4.0
5220,2023-12-06,Seller 5220,Multan,4.6
5221,2024-08-06,Seller 5221,Karachi,4.6
5222,2023-04-20,Seller 5222,Karachi,3.3
5223,2024-11-10,Seller 5223,Multan,3.7
5224,2023-08-09,Seller 5224,Karachi,3.3
5225,2024-07-03,Seller 5225,Islamabad,4.5
5226,2025-03-05,Seller 5226,Islamabad,4.2
5227,2025-02-27,Seller 5227,Faisalabad,4.3
5228,2024-01-06,Seller 5228,Lahore,3.0
5229,2025-01-04,Seller 5229,Multan,4.6
5230,2024-04-10,Seller 5230,Multan,4.7
5231,2024-06-18,Seller 5231,Karachi,3.1
5232,2024-05-20,Seller 5232,Karachi,3.8
5233,2024-10-04,Seller 5233,Lahore,3.4
5234,2023-02-25,Seller 5234,Faisalabad,4.7
5235,2024-03-16,Seller 5235,Multan,4.5
5236,2025-03-09,Seller 5236,Karachi,3.2
5237,2024-12-20,Seller 5237,Multan,4.5
5238,2023-08-14,Seller 5238,Lahore,3.0
5239,2025-04-03,Seller 5239,Islamabad,3.4
5240,2024-04-27,Seller 5240,Karachi,3.6
5241,2025-09-26,Seller 5241,Faisalabad,4.3
5242,2023-12-29,Seller 5242,Faisalabad,3.7
5243,2024-01-22,Seller 5243,Lahore,3.8
5244,2023-02-05,Seller 5244,Lahore,5.0
5245,2023-10-27,Seller 5245,Islamabad,4.0
5246,2023-12-22,Seller 5246,Lahore,4.9
5247,2023-07-16,Seller 5247,Karachi,4.8
5248,2024-11-13,Seller 5248,Karachi,4.0
5249,2023-04-28,Seller 5249,Faisalabad,3.0
5250,2024-09-26,Seller 5250,Islamabad,3.5
5251,2025-07-22,Seller 5251,Islamabad,3.5
5252,2025-08-30,Seller 5252,Lahore,3.3
5253,2024-01-31,Seller 5253,Multan,4.8
5254,2023-05-26,Seller 5254,Lahore,3.9
5255,2024-11-01,Seller 5255,Islamabad,3.8
5256,2023-02-22,Seller 5256,Faisalabad,3.3
5257,2025-02-22,Seller 5257,Lahore,4.7
5258,2023-11-08,Seller 5258,Islamabad,4.1
5259,2025-06-25,Seller 5259,Faisalabad,4.1
5260,2024-01-15,Seller 5260,Multan,3.1
5261,2024-06-20,Seller 5261,Lahore,4.6
5262,2024-12-13,Seller 5262,Faisalabad,4.7
5263,2023-07-03,Seller 5263,Islamabad,3.9
5264,2023-05-06,Seller 5264,Multan,3.8
5265,2023-10-11,Seller 5265,Multan,3.8
5266,2024-02-21,Seller 5266,Lahore,3.9
5267,2025-05-09,Seller 5267,Karachi,4.3
5268,2024-01-17,Seller 5268,Faisalabad,3.2
5269,2024-11-28,Seller 5269,Lahore,4.3
5270,2025-06-14,Seller 5270,Lahore,3.3
5271,2025-11-07,Seller 5271,Faisalabad,4.6
5272,2023-02-17,Seller 5272,Karachi,4.9
5273,2023-09-17,Seller 5273,Lahore,4.5
5274,2023-04-03,Seller 5274,Karachi,4.6
5275,2023-07-05,Seller 5275,Karachi,4.0
5276,2025-08-14,Seller 5276,Karachi,4.8
5277,2023-07-03,Seller 5277,Islamabad,4.6
5278,2023-05-06,Seller 5278,Multan,4.6
5279,2024-03-23,Seller 5279,Multan,4.4
5280,2025-05-29,Seller 5280,Lahore,4.7
5281,2025-04-28,Seller 5281,Islamabad,4.0
5282,2025-07-25,Seller 5282,Multan,3.3
5283,2024-08-28,Seller 5283,Lahore,4.3
5284,2023-07-23,Seller 5284,Faisalabad,3.0
5285,2023-03-17,Seller 5285,Karachi,3.5
5286,2023-11-04,Seller 5286,Faisalabad,3.6
5287,2022-12-18,Seller 5287,Karachi,4.9
5288,2025-11-13,Seller 5288,Islamabad,4.8
5289,2024-05-31,Seller 5289,Karachi,3.7
5290,2024-12-01,Seller 5290,Islamabad,3.1
5291,2025-08-22,Seller 5291,Karachi,3.1
5292,2025-11-29,Seller 5292,Multan,4.0
5293,2024-02-18,Seller 5293,Lahore,3.7
5294,2023-05-02,Seller 5294,Faisalabad,3.6
5295,2024-12-14,Seller 5295,Islamabad,4.7
5296,2023-08-07,Seller 5296,Islamabad,4.1
5297,2024-01-26,Seller 5297,Lahore,4.6
5298,2023-05-12,Seller 5298,Karachi,4.4
5299,2024-06-06,Seller 5299,Lahore,3.4
5300,2025-06-13,Seller 5300,Karachi,3.3
5301,2025-07-20,Seller 5301,Islamabad,3.5
5302,2024-04-19,Seller 5302,Karachi,3.9
5303,2023-10-07,Seller 5303,Karachi,5.0
5304,2023-03-13,Seller 5304,Lahore,4.0
5305,2024-11-26,Seller 5305,Faisalabad,4.2
5306,2023-01-28,Seller 5306,Faisalabad,4.6
5307,2025-07-29,Seller 5307,Faisalabad,3.4
5308,2024-10-05,Seller 5308,Lahore,4.9
5309,2024-01-17,Seller 5309,Lahore,3.6
5310,2024-07-26,Seller 5310,Karachi,4.8
5311,2024-06-30,Seller 5311,Islamabad,4.5
5312,2024-10-31,Seller 5312,Karachi,4.5
5313,2024-03-16,Seller 5313,Islamabad,3.4
5314,2023-01-06,Seller 5314,Faisalabad,4.1
5315,2023-09-22,Seller 5315,Lahore,3.5
5316,2024-11-25,Seller 5316,Islamabad,4.7
5317,2023-02-05,Seller 5317,Islamabad,4.8
5318,2023-12-09,Seller 5318,Islamabad,3.2
5319,2023-04-06,Seller 5319,Islamabad,3.6
5320,2023-05-31,Seller 5320,Faisalabad,3.8
5321,2025-01-15,Seller 5321,Multan,3.5
5322,2024-08-21,Seller 5322,Faisalabad,3.4
5323,2025-03-01,Seller 5323,Faisalabad,4.4
5324,2023-10-23,Seller 5324,Islamabad,4.7
5325,2023-01-27,Seller 5325,Faisalabad,3.9
5326,2023-02-06,Seller 5326,Lahore,3.5
5327,2023-05-04,Seller 5327,Faisalabad,4.0
5328,2025-07-10,Seller 5328,Islamabad,3.1
5329,2023-09-09,Seller 5329,Lahore,4.2
5330,2023-10-01,Seller 5330,Islamabad,3.2
5331,2023-04-10,Seller 5331,Karachi,4.1
5332,2024-07-10,Seller 5332,Karachi,3.4
5333,2023-03-30,Seller 5333,Faisalabad,4.6
5334,2025-11-02,Seller 5334,Faisalabad,3.1
5335,2024-11-18,Seller 5335,Faisalabad,3.0
5336,2024-03-20,Seller 5336,Faisalabad,3.2
5337,2023-12-30,Seller 5337,Karachi,4.0
5338,2023-02-09,Seller 5338,Multan,3.3
5339,2023-07-21,Seller 5339,Karachi,4.1
5340,2023-10-07,Seller 5340,Karachi,3.3
5341,2024-12-14,Seller 5341,Faisalabad,4.0
5342,2023-09-07,Seller 5342,Lahore,3.9
5343,2025-05-28,Seller 5343,Karachi,4.7
5344,2022-12-31,Seller 5344,Karachi,4.4
5345,2024-01-14,Seller 5345,Multan,3.1
5346,2025-05-31,Seller 5346,Faisalabad,4.1
5347,2023-11-01,Seller 5347,Karachi,4.4
5348,2024-05-15,Seller 5348,Faisalabad,3.9
5349,2022-12-07,Seller 5349,Islamabad,3.1
5350,2024-11-09,Seller 5350,Multan,4.0
5351,2023-01-05,Seller 5351,Karachi,3.4
5352,2025-02-26,Seller 5352,Karachi,4.4
5353,2023-01-16,Seller 5353,Karachi,3.2
5354,2023-04-21,Seller 5354,Islamabad,3.4
5355,2025-02-21,Seller 5355,Lahore,4.9
5356,2023-02-11,Seller 5356,Islamabad,4.1
5357,2024-03-03,Seller 5357,Karachi,3.2
5358,2023-05-29,Seller 5358,Karachi,4.4
5359,2025-04-12,Seller 5359,Multan,4.9
5360,2024-03-06,Seller 5360,Faisalabad,4.1
5361,2023-07-27,Seller 5361,Faisalabad,3.9
5362,2023-04-09,Seller 5362,Multan,4.5
5363,2025-01-06,Seller 5363,Karachi,3.9
5364,2025-04-03,Seller 5364,Islamabad,4.2
5365,2023-04-29,Seller 5365,Lahore,3.5
5366,2024-03-25,Seller 5366,Lahore,4.7
5367,2024-09-07,Seller 5367,Faisalabad,3.3
5368,2023-07-29,Seller 5368,Islamabad,4.6
5369,2025-02-09,Seller 5369,Lahore,4.8
5370,2024-11-13,Seller 5370,Karachi,3.0
5371,2024-03-15,Seller 5371,Faisalabad,4.5
5372,2024-08-24,Seller 5372,Karachi,3.0
5373,2024-01-05,Seller 5373,Lahore,4.9
5374,2025-11-07,Seller 5374,Islamabad,5.0
5375,2024-03-06,Seller 5375,Islamabad,4.9
5376,2024-01-16,Seller 5376,Lahore,4.1
5377,2025-09-05,Seller 5377,Islamabad,4.0
5378,2024-12-31,Seller 5378,Lahore,4.9
5379,2024-11-29,Seller 5379,Multan,4.8
5380,2025-03-24,Seller 5380,Multan,4.0
5381,2025-01-16,Seller 5381,Multan,4.0
5382,2024-08-06,Seller 5382,Multan,4.1
5383,2023-03-10,Seller 5383,Lahore,4.9
5384,2024-03-19,Seller 5384,Faisalabad,4.8
5385,2024-03-12,Seller 5385,Faisalabad,3.0
5386,2024-02-18,Seller 5386,Karachi,3.6
5387,2024-01-13,Seller 5387,Lahore,3.8
5388,2025-10-18,Seller 5388,Islamabad,3.7
5389,2024-07-11,Seller 5389,Faisalabad,4.2
5390,2023-02-05,Seller 5390,Karachi,4.2
5391,2024-04-26,Seller 5391,Faisalabad,3.4
5392,2023-11-11,Seller 5392,Karachi,4.8
5393,2023-03-27,Seller 5393,Multan,4.8
5394,2023-05-08,Seller 5394,Lahore,4.7
5395,2023-09-08,Seller 5395,Faisalabad,3.5
5396,2025-08-05,Seller 5396,Faisalabad,3.7
5397,2025-04-24,Seller 5397,Multan,3.6
5398,2024-09-06,Seller 5398,Islamabad,3.3
5399,2023-07-17,Seller 5399,Lahore,4.0
5400,2023-10-25,Seller 5400,Islamabad,4.7
5401,2023-11-25,Seller 5401,Karachi,3.9
5402,2024-09-22,Seller 5402,Islamabad,4.4
5403,2023-03-01,Seller 5403,Lahore,3.5
5404,2025-01-08,Seller 5404,Lahore,3.2
5405,2025-05-06,Seller 5405,Karachi,3.1
5406,2023-01-15,Seller 5406,Islamabad,4.7
5407,2023-05-26,Seller 5407,Lahore,4.6
5408,2024-01-10,Seller 5408,Faisalabad,4.1
5409,2025-06-29,Seller 5409,Islamabad,4.7
5410,2022-12-26,Seller 5410,Faisalabad,4.1
5411,2024-04-19,Seller 5411,Faisalabad,4.1
5412,2023-12-20,Seller 5412,Multan,4.4
5413,2025-05-27,Seller 5413,Lahore,3.2
5414,2022-12-26,Seller 5414,Karachi,3.9
5415,2023-11-16,Seller 5415,Multan,3.3
5416,2023-07-15,Seller 5416,Karachi,4.6
5417,2022-12-23,Seller 5417,Faisalabad,3.5
5418,2025-05-30,Seller 5418,Lahore,3.6
5419,2025-11-30,Seller 5419,Multan,4.5
5420,2024-09-03,Seller 5420,Islamabad,4.4
5421,2025-02-21,Seller 5421,Faisalabad,3.0
5422,2025-11-30,Seller 5422,Faisalabad,4.8
5423,2024-11-11,Seller 5423,Multan,4.7
5424,2025-07-22,Seller 5424,Islamabad,4.9
5425,2025-06-27,Seller 5425,Islamabad,3.8
5426,2025-07-19,Seller 5426,Faisalabad,4.9
5427,2023-08-21,Seller 5427,Multan,4.4
5428,2025-01-13,Seller 5428,Karachi,3.5
5429,2025-06-17,Seller 5429,Multan,3.7
5430,2023-07-23,Seller 5430,Lahore,4.6
5431,2025-11-28,Seller 5431,Lahore,3.1
5432,2024-12-07,Seller 5432,Lahore,4.8
5433,2025-04-22,Seller 5433,Multan,4.0
5434,2025-02-05,Seller 5434,Lahore,3.0
5435,2025-10-24,Seller 5435,Islamabad,3.6
5436,2025-06-19,Seller 5436,Lahore,4.5
5437,2024-03-06,Seller 5437,Multan,4.6
5438,2025-03-19,Seller 5438,Karachi,3.5
5439,2025-06-23,Seller 5439,Multan,4.3
5440,2023-12-03,Seller 5440,Multan,3.9
5441,2025-08-14,Seller 5441,Islamabad,3.6
5442,2023-03-10,Seller 5442,Faisalabad,3.5
5443,2023-06-29,Seller 5443,Lahore,3.2
5444,2023-10-01,Seller 5444,Multan,3.8
5445,2024-12-16,Seller 5445,Multan,3.8
5446,2023-11-24,Seller 5446,Islamabad,4.0
5447,2025-02-02,Seller 5447,Faisalabad,4.4
5448,2023-06-07,Seller 5448,Islamabad,3.2
5449,2023-11-12,Seller 5449,Faisalabad,3.8
5450,2023-08-05,Seller 5450,Faisalabad,4.7
5451,2024-05-02,Seller 5451,Karachi,4.0
5452,2023-02-24,Seller 5452,Islamabad,3.3
5453,2024-01-20,Seller 5453,Karachi,4.8
5454,2023-12-16,Seller 5454,Multan,3.1
5455,2025-09-24,Seller 5455,Karachi,4.1
5456,2024-03-26,Seller 5456,Lahore,4.4
5457,2023-08-25,Seller 5457,Multan,4.1
5458,2024-08-25,Seller 5458,Karachi,4.9
5459,2023-12-11,Seller 5459,Multan,3.8
5460,2025-01-04,Seller 5460,Islamabad,3.0
5461,2025-08-11,Seller 5461,Karachi,4.2
5462,2023-11-29,Seller 5462,Multan,3.8
5463,2023-09-12,Seller 5463,Faisalabad,3.4
5464,2024-12-28,Seller 5464,Multan,4.4
5465,2025-02-20,Seller 5465,Lahore,4.7
5466,2025-08-12,Seller 5466,Faisalabad,3.5
5467,2025-05-05,Seller 5467,Multan,3.9
5468,2023-08-20,Seller 5468,Karachi,3.5
5469,2024-02-18,Seller 5469,Karachi,3.3
5470,2023-01-05,Seller 5470,Lahore,4.7
5471,2023-04-03,Seller 5471,Faisalabad,3.4
5472,2025-01-02,Seller 5472,Lahore,3.6
5473,2025-11-21,Seller 5473,Multan,4.2
5474,2025-03-06,Seller 5474,Lahore,3.8
5475,2024-02-22,Seller 5475,Islamabad,4.4
5476,2024-05-19,Seller 5476,Lahore,4.0
5477,2023-01-05,Seller 5477,Multan,4.9
5478,2024-07-09,Seller 5478,Multan,3.2
5479,2025-01-21,Seller 5479,Faisalabad,3.9
5480,2025-05-09,Seller 5480,Karachi,3.3
5481,2024-03-20,Seller 5481,Karachi,3.7
5482,2024-11-13,Seller 5482,Lahore,4.4
5483,2023-07-19,Seller 5483,Multan,4.8
5484,2023-09-29,Seller 5484,Multan,4.4
5485,2025-08-21,Seller 5485,Faisalabad,4.3
5486,2024-07-21,Seller 5486,Lahore,3.0
5487,2025-01-17,Seller 5487,Islamabad,4.2
5488,2024-08-14,Seller 5488,Multan,4.1
5489,2025-04-27,Seller 5489,Lahore,3.2
5490,2023-10-20,Seller 5490,Faisalabad,4.4
5491,2025-03-27,Seller 5491,Islamabad,3.5
5492,2023-12-30,Seller 5492,Multan,3.0
5493,2023-08-10,Seller 5493,Multan,3.6
5494,2024-05-26,Seller 5494,Lahore,3.7
5495,2023-12-27,Seller 5495,Islamabad,4.8
5496,2024-07-20,Seller 5496,Faisalabad,4.1
5497,2024-11-10,Seller 5497,Multan,3.4
5498,2025-10-07,Seller 5498,Islamabad,3.1
5499,2025-07-20,Seller 5499,Islamabad,4.6
5500,2025-10-10,Seller 5500,Faisalabad,4.6
5501,2023-08-15,Seller 5501,Faisalabad,4.4
5502,2025-01-18,Seller 5502,Islamabad,4.6
5503,2025-07-19,Seller 5503,Faisalabad,3.6
5504,2024-12-19,Seller 5504,Lahore,3.4
5505,2024-03-20,Seller 5505,Karachi,4.7
5506,2024-01-03,Seller 5506,Islamabad,3.7
5507,2024-12-12,Seller 5507,Islamabad,4.1
5508,2025-05-12,Seller 5508,Multan,4.5
5509,2025-01-07,Seller 5509,Karachi,4.2
5510,2023-01-18,Seller 5510,Karachi,4.5
5511,2023-03-17,Seller 5511,Islamabad,4.4
5512,2024-07-15,Seller 5512,Islamabad,4.4
5513,2025-01-02,Seller 5513,Faisalabad,3.1
5514,2025-07-19,Seller 5514,Faisalabad,4.6
5515,2023-11-03,Seller 5515,Multan,3.6
5516,2025-04-24,Seller 5516,Multan,3.3
5517,2025-10-20,Seller 5517,Karachi,4.6
5518,2024-02-15,Seller 5518,Faisalabad,3.7
5519,2022-12-26,Seller 5519,Faisalabad,3.1
5520,2025-06-03,Seller 5520,Karachi,3.0
5521,2023-04-13,Seller 5521,Islamabad,4.0
5522,2023-02-15,Seller 5522,Multan,3.4
5523,2024-07-16,Seller 5523,Multan,4.0
5524,2024-09-07,Seller 5524,Lahore,4.9
5525,2023-12-09,Seller 5525,Karachi,3.5
5526,2023-10-19,Seller 5526,Faisalabad,3.7
5527,2025-12-03,Seller 5527,Lahore,3.5
5528,2025-11-26,Seller 5528,Karachi,3.8
5529,2024-01-26,Seller 5529,Faisalabad,4.9
5530,2025-07-30,Seller 5530,Faisalabad,4.1
5531,2023-10-21,Seller 5531,Karachi,4.7
5532,2023-06-02,Seller 5532,Islamabad,3.7
5533,2025-08-29,Seller 5533,Islamabad,4.5
5534,2023-08-27,Seller 5534,Lahore,3.7
5535,2024-06-03,Seller 5535,Multan,4.9
5536,2025-11-19,Seller 5536,Multan,3.5
5537,2025-08-02,Seller 5537,Faisalabad,4.7
5538,2024-02-02,Seller 5538,Lahore,3.9
5539,2023-12-06,Seller 5539,Lahore,3.6
5540,2023-02-13,Seller 5540,Multan,3.3
5541,2023-02-07,Seller 5541,Faisalabad,3.9
5542,2024-02-10,Seller 5542,Faisalabad,4.9
5543,2023-04-11,Seller 5543,Faisalabad,3.4
5544,2023-08-17,Seller 5544,Islamabad,4.9
5545,2024-07-08,Seller 5545,Faisalabad,3.4
5546,2024-09-19,Seller 5546,Islamabad,3.5
5547,2023-11-27,Seller 5547,Karachi,3.7
5548,2024-02-25,Seller 5548,Lahore,3.7
5549,2023-06-22,Seller 5549,Karachi,4.7
5550,2023-07-06,Seller 5550,Karachi,4.2
5551,2023-10-22,Seller 5551,Multan,4.3
5552,2024-10-27,Seller 5552,Karachi,4.9
5553,2022-12-22,Seller 5553,Islamabad,3.6
5554,2023-04-12,Seller 5554,Faisalabad,3.1
5555,2023-02-18,Seller 5555,Karachi,4.3
5556,2023-08-07,Seller 5556,Karachi,4.8
5557,2024-07-16,Seller 5557,Lahore,3.5
5558,2024-05-04,Seller 5558,Faisalabad,4.8
5559,2023-12-03,Seller 5559,Multan,4.2
5560,2023-07-07,Seller 5560,Lahore,4.8
5561,2023-06-10,Seller 5561,Islamabad,4.5
5562,2024-11-30,Seller 5562,Karachi,3.2
5563,2025-07-06,Seller 5563,Islamabad,3.9
5564,2023-09-23,Seller 5564,Multan,4.3
5565,2024-03-20,Seller 5565,Lahore,3.0
5566,2025-08-12,Seller 5566,Karachi,3.6
5567,2024-10-19,Seller 5567,Karachi,4.5
5568,2024-04-14,Seller 5568,Multan,3.9
5569,2024-07-11,Seller 5569,Lahore,3.3
5570,2024-03-15,Seller 5570,Karachi,4.7
5571,2023-09-23,Seller 5571,Karachi,4.9
5572,2025-02-03,Seller 5572,Karachi,4.1
5573,2024-04-09,Seller 5573,Multan,3.0
5574,2025-07-26,Seller 5574,Islamabad,3.0
5575,2024-08-04,Seller 5575,Karachi,4.1
5576,2024-12-28,Seller 5576,Lahore,4.0
5577,2025-05-06,Seller 5577,Islamabad,3.2
5578,2025-02-13,Seller 5578,Faisalabad,4.3
5579,2024-11-25,Seller 5579,Lahore,3.6
5580,2025-11-01,Seller 5580,Lahore,4.2
5581,2024-06-07,Seller 5581,Lahore,5.0
5582,2023-12-19,Seller 5582,Multan,3.5
5583,2025-01-23,Seller 5583,Lahore,4.8
5584,2023-07-30,Seller 5584,Lahore,4.6
5585,2025-04-08,Seller 5585,Islamabad,3.5
5586,2025-05-25,Seller 5586,Faisalabad,4.2
5587,2023-01-27,Seller 5587,Faisalabad,5.0
5588,2024-05-25,Seller 5588,Islamabad,3.7
5589,2025-11-08,Seller 5589,Multan,3.8
5590,2023-12-03,Seller 5590,Karachi,3.3
5591,2024-12-15,Seller 5591,Lahore,3.7
5592,2025-07-23,Seller 5592,Faisalabad,4.3
5593,2023-01-05,Seller 5593,Islamabad,3.0
5594,2024-12-17,Seller 5594,Lahore,4.8
5595,2024-09-29,Seller 5595,Islamabad,4.9
5596,2023-05-07,Seller 5596,Multan,3.7
5597,2023-03-20,Seller 5597,Multan,4.2
5598,2024-01-10,Seller 5598,Lahore,3.8
5599,2024-10-24,Seller 5599,Karachi,5.0
5600,2025-11-30,Seller 5600,Islamabad,3.8
5601,2024-01-09,Seller 5601,Multan,4.3
5602,2025-06-24,Seller 5602,Multan,3.0
5603,2024-08-07,Seller 5603,Lahore,3.8
5604,2023-06-15,Seller 5604,Islamabad,4.0
5605,2023-08-25,Seller 5605,Multan,4.2
5606,2024-04-15,Seller 5606,Faisalabad,3.9
5607,2023-05-27,Seller 5607,Multan,3.1
5608,2025-09-08,Seller 5608,Islamabad,4.6
5609,2024-03-28,Seller 5609,Islamabad,4.5
5610,2025-07-29,Seller 5610,Faisalabad,4.6
5611,2025-05-13,Seller 5611,Lahore,3.2
5612,2024-10-27,Seller 5612,Karachi,5.0
5613,2024-12-01,Seller 5613,Karachi,4.6
5614,2023-10-16,Seller 5614,Lahore,3.1
5615,2025-07-15,Seller 5615,Faisalabad,4.6
5616,2023-08-07,Seller 5616,Karachi,3.4
5617,2024-12-20,Seller 5617,Faisalabad,3.9
5618,2023-08-17,Seller 5618,Karachi,4.7
5619,2023-10-20,Seller 5619,Islamabad,4.4
5620,2024-01-01,Seller 5620,Faisalabad,3.5
5621,2025-05-07,Seller 5621,Faisalabad,3.8
5622,2023-02-02,Seller 5622,Multan,3.7
5623,2025-03-08,Seller 5623,Faisalabad,3.7
5624,2025-01-28,Seller 5624,Lahore,4.1
5625,2025-11-27,Seller 5625,Faisalabad,3.9
5626,2023-08-22,Seller 5626,Islamabad,4.9
5627,2024-06-20,Seller 5627,Lahore,4.1
5628,2023-04-16,Seller 5628,Karachi,3.8
5629,2025-02-26,Seller 5629,Karachi,4.0
5630,2025-11-02,Seller 5630,Multan,3.5
5631,2023-07-16,Seller 5631,Karachi,3.8
5632,2024-01-30,Seller 5632,Lahore,4.1
5633,2024-03-21,Seller 5633,Islamabad,4.9
5634,2024-02-11,Seller 5634,Islamabad,4.6
5635,2025-12-02,Seller 5635,Multan,5.0
5636,2024-09-16,Seller 5636,Islamabad,5.0
5637,2024-12-26,Seller 5637,Lahore,3.3
5638,2024-12-07,Seller 5638,Islamabad,4.1
5639,2024-10-06,Seller 5639,Lahore,3.8
5640,2023-04-10,Seller 5640,Faisalabad,3.9
5641,2023-09-22,Seller 5641,Lahore,4.3
5642,2025-03-16,Seller 5642,Karachi,3.4
5643,2023-02-18,Seller 5643,Faisalabad,3.8
5644,2023-03-07,Seller 5644,Islamabad,4.1
5645,2023-07-01,Seller 5645,Multan,4.9
5646,2023-04-14,Seller 5646,Islamabad,4.2
5647,2023-09-12,Seller 5647,Faisalabad,4.9
5648,2025-10-15,Seller 5648,Faisalabad,3.1
5649,2024-12-03,Seller 5649,Lahore,3.1
5650,2023-10-13,Seller 5650,Faisalabad,3.5
5651,2024-08-13,Seller 5651,Multan,4.2
5652,2023-01-13,Seller 5652,Karachi,3.6
5653,2023-07-03,Seller 5653,Karachi,4.7
5654,2025-04-08,Seller 5654,Multan,4.9
5655,2025-10-23,Seller 5655,Islamabad,3.7
5656,2025-05-23,Seller 5656,Islamabad,4.5
5657,2023-02-23,Seller 5657,Karachi,4.0
5658,2025-03-06,Seller 5658,Karachi,4.6
5659,2023-08-06,Seller 5659,Islamabad,5.0
5660,2024-06-13,Seller 5660,Lahore,5.0
5661,2024-05-12,Seller 5661,Islamabad,3.1
5662,2025-04-24,Seller 5662,Islamabad,3.6
5663,2025-08-23,Seller 5663,Multan,4.0
5664,2024-09-09,Seller 5664,Multan,4.7
5665,2023-03-03,Seller 5665,Multan,3.8
5666,2023-10-11,Seller 5666,Karachi,4.9
5667,2023-03-03,Seller 5667,Lahore,4.5
5668,2024-06-29,Seller 5668,Lahore,3.9
5669,2025-11-20,Seller 5669,Multan,3.6
5670,2023-10-28,Seller 5670,Karachi,4.9
5671,2024-12-16,Seller 5671,Karachi,4.2
5672,2023-02-03,Seller 5672,Lahore,3.0
5673,2024-05-28,Seller 5673,Karachi,3.3
5674,2025-11-08,Seller 5674,Lahore,3.2
5675,2023-09-04,Seller 5675,Karachi,4.1
5676,2023-08-04,Seller 5676,Faisalabad,3.1
5677,2024-02-08,Seller 5677,Islamabad,4.5
5678,2025-03-23,Seller 5678,Islamabad,5.0
5679,2025-01-24,Seller 5679,Multan,4.8
5680,2024-08-25,Seller 5680,Lahore,4.1
5681,2025-06-28,Seller 5681,Multan,5.0
5682,2025-05-17,Seller 5682,Lahore,4.0
5683,2024-11-26,Seller 5683,Islamabad,4.1
5684,2023-03-23,Seller 5684,Faisalabad,5.0
5685,2024-09-30,Seller 5685,Faisalabad,4.4
5686,2025-11-15,Seller 5686,Multan,4.9
5687,2024-12-08,Seller 5687,Lahore,4.7
5688,2023-01-31,Seller 5688,Faisalabad,3.1
5689,2024-05-16,Seller 5689,Faisalabad,4.7
5690,2025-04-08,Seller 5690,Lahore,4.3
5691,2024-08-17,Seller 5691,Islamabad,3.8
5692,2024-06-25,Seller 5692,Karachi,4.6
5693,2023-11-04,Seller 5693,Lahore,4.4
5694,2024-10-28,Seller 5694,Islamabad,3.5
5695,2025-12-04,Seller 5695,Islamabad,4.7
5696,2025-11-19,Seller 5696,Islamabad,3.9
5697,2025-04-11,Seller 5697,Multan,3.2
5698,2023-08-01,Seller 5698,Islamabad,4.8
5699,2024-10-28,Seller 5699,Multan,4.4
5700,2024-06-23,Seller 5700,Islamabad,3.8
5701,2025-08-28,Seller 5701,Multan,4.9
5702,2024-05-15,Seller 5702,Karachi,3.2
5703,2025-10-09,Seller 5703,Faisalabad,4.8
5704,2023-08-07,Seller 5704,Lahore,4.6
5705,2024-01-24,Seller 5705,Faisalabad,4.4
5706,2024-08-08,Seller 5706,Islamabad,4.9
5707,2023-04-11,Seller 5707,Karachi,3.5
5708,2025-03-08,Seller 5708,Lahore,4.6
5709,2024-08-23,Seller 5709,Islamabad,4.8
5710,2023-05-09,Seller 5710,Islamabad,4.7
5711,2024-05-03,Seller 5711,Faisalabad,5.0
5712,2023-11-06,Seller 5712,Karachi,4.3
5713,2025-08-29,Seller 5713,Karachi,3.3
5714,2024-01-02,Seller 5714,Islamabad,4.5
5715,2024-01-23,Seller 5715,Multan,3.7
5716,2023-01-22,Seller 5716,Lahore,4.3
5717,2024-09-23,Seller 5717,Islamabad,4.9
5718,2025-04-12,Seller 5718,Multan,3.0
5719,2023-12-28,Seller 5719,Karachi,4.2
5720,2024-12-05,Seller 5720,Multan,3.6
5721,2023-08-07,Seller 5721,Islamabad,3.8
5722,2025-01-28,Seller 5722,Multan,3.2
5723,2023-05-02,Seller 5723,Multan,4.4
5724,2024-10-11,Seller 5724,Multan,3.3
5725,2025-08-15,Seller 5725,Karachi,4.5
5726,2025-01-18,Seller 5726,Karachi,3.9
5727,2025-12-04,Seller 5727,Faisalabad,4.9
5728,2023-09-24,Seller 5728,Faisalabad,4.6
5729,2024-08-18,Seller 5729,Faisalabad,4.3
5730,2025-08-05,Seller 5730,Multan,4.0
5731,2023-11-01,Seller 5731,Faisalabad,3.4
5732,2024-03-11,Seller 5732,Lahore,3.0
5733,2023-07-24,Seller 5733,Faisalabad,3.0
5734,2023-05-22,Seller 5734,Islamabad,3.7
5735,2025-08-01,Seller 5735,Multan,3.8
5736,2024-09-08,Seller 5736,Lahore,5.0
5737,2025-03-16,Seller 5737,Faisalabad,4.6
5738,2025-03-13,Seller 5738,Karachi,3.8
5739,2022-12-25,Seller 5739,Lahore,3.6
5740,2024-12-07,Seller 5740,Lahore,4.7
5741,2025-02-05,Seller 5741,Faisalabad,4.9
5742,2023-12-04,Seller 5742,Karachi,3.8
5743,2023-09-01,Seller 5743,Karachi,4.1
5744,2025-08-04,Seller 5744,Karachi,4.9
5745,2023-12-18,Seller 5745,Lahore,3.4
5746,2023-02-21,Seller 5746,Faisalabad,3.3
5747,2024-02-29,Seller 5747,Islamabad,3.9
5748,2024-07-28,Seller 5748,Islamabad,3.4
5749,2024-04-26,Seller 5749,Faisalabad,3.9
5750,2025-06-15,Seller 5750,Faisalabad,3.9
5751,2024-06-12,Seller 5751,Faisalabad,3.4
5752,2024-07-24,Seller 5752,Lahore,3.8
5753,2023-05-25,Seller 5753,Karachi,4.2
5754,2024-11-03,Seller 5754,Faisalabad,4.7
5755,2023-03-10,Seller 5755,Multan,3.6
5756,2024-08-17,Seller 5756,Karachi,3.0
5757,2023-09-24,Seller 5757,Multan,3.6
5758,2025-09-14,Seller 5758,Karachi,3.5
5759,2025-06-09,Seller 5759,Lahore,4.5
5760,2025-11-25,Seller 5760,Lahore,4.2
5761,2025-03-30,Seller 5761,Multan,3.5
5762,2025-04-12,Seller 5762,Faisalabad,3.4
5763,2025-12-03,Seller 5763,Multan,4.1
5764,2023-10-29,Seller 5764,Faisalabad,4.6
5765,2023-08-01,Seller 5765,Multan,4.9
5766,2023-06-29,Seller 5766,Islamabad,3.4
5767,2024-07-05,Seller 5767,Islamabad,4.6
5768,2023-02-02,Seller 5768,Lahore,4.1
5769,2025-09-10,Seller 5769,Karachi,4.7
5770,2024-12-18,Seller 5770,Lahore,4.7
5771,2025-01-12,Seller 5771,Multan,4.8
5772,2024-01-06,Seller 5772,Faisalabad,3.9
5773,2023-09-05,Seller 5773,Karachi,4.4
5774,2025-02-07,Seller 5774,Lahore,3.3
5775,2025-09-11,Seller 5775,Lahore,4.5
5776,2023-09-12,Seller 5776,Lahore,4.4
5777,2023-03-29,Seller 5777,Faisalabad,3.1
5778,2025-11-04,Seller 5778,Multan,3.6
5779,2025-05-22,Seller 5779,Islamabad,3.6
5780,2023-01-30,Seller 5780,Islamabad,4.5
5781,2025-03-11,Seller 5781,Karachi,4.0
5782,2025-01-01,Seller 5782,Faisalabad,4.9
5783,2025-10-23,Seller 5783,Multan,4.3
5784,2025-02-28,Seller 5784,Multan,4.5
5785,2024-12-28,Seller 5785,Karachi,4.9
5786,2023-08-15,Seller 5786,Faisalabad,3.2
5787,2024-01-28,Seller 5787,Islamabad,3.4
5788,2023-07-31,Seller 5788,Multan,4.9
5789,2023-10-13,Seller 5789,Lahore,4.2
5790,2024-04-20,Seller 5790,Faisalabad,4.6
5791,2023-08-26,Seller 5791,Lahore,4.2
5792,2023-05-05,Seller 5792,Karachi,4.5
5793,2023-05-17,Seller 5793,Islamabad,4.6
5794,2025-03-27,Seller 5794,Karachi,4.3
5795,2025-09-21,Seller 5795,Multan,4.8
5796,2025-02-03,Seller 5796,Islamabad,3.6
5797,2023-08-08,Seller 5797,Faisalabad,4.7
5798,2023-12-05,Seller 5798,Islamabad,4.5
5799,2025-01-21,Seller 5799,Lahore,3.9
5800,2025-05-29,Seller 5800,Islamabad,3.0
5801,2025-10-12,Seller 5801,Faisalabad,4.3
5802,2023-03-31,Seller 5802,Faisalabad,3.3
5803,2024-12-21,Seller 5803,Multan,3.4
5804,2024-11-24,Seller 5804,Faisalabad,4.7
5805,2023-12-15,Seller 5805,Multan,3.4
5806,2023-01-24,Seller 5806,Multan,3.6
5807,2023-04-09,Seller 5807,Multan,4.2
5808,2023-11-26,Seller 5808,Islamabad,3.7
5809,2025-11-18,Seller 5809,Islamabad,3.2
5810,2023-07-19,Seller 5810,Karachi,4.7
5811,2025-08-03,Seller 5811,Multan,3.4
5812,2025-10-31,Seller 5812,Faisalabad,3.4
5813,2023-04-28,Seller 5813,Karachi,4.7
5814,2024-02-13,Seller 5814,Karachi,3.3
5815,2024-12-15,Seller 5815,Faisalabad,4.9
5816,2023-07-27,Seller 5816,Lahore,3.5
5817,2024-12-25,Seller 5817,Karachi,5.0
5818,2023-11-30,Seller 5818,Faisalabad,4.4
5819,2023-06-13,Seller 5819,Lahore,3.9
5820,2025-06-11,Seller 5820,Karachi,3.2
5821,2025-04-13,Seller 5821,Faisalabad,3.9
5822,2025-10-20,Seller 5822,Multan,3.3
5823,2024-09-24,Seller 5823,Faisalabad,4.2
5824,2024-03-08,Seller 5824,Lahore,4.0
5825,2025-10-07,Seller 5825,Faisalabad,3.3
5826,2024-11-13,Seller 5826,Islamabad,4.3
5827,2025-03-24,Seller 5827,Multan,3.9
5828,2024-04-14,Seller 5828,Faisalabad,3.4
5829,2024-09-28,Seller 5829,Multan,3.7
5830,2024-09-26,Seller 5830,Lahore,3.3
5831,2024-12-14,Seller 5831,Islamabad,4.3
5832,2023-03-04,Seller 5832,Karachi,3.2
5833,2024-01-24,Seller 5833,Islamabad,4.1
5834,2025-02-26,Seller 5834,Karachi,3.9
5835,2024-11-21,Seller 5835,Karachi,4.0
5836,2025-10-20,Seller 5836,Karachi,4.8
5837,2023-02-23,Seller 5837,Faisalabad,3.8
5838,2024-10-29,Seller 5838,Multan,4.8
5839,2025-10-16,Seller 5839,Multan,3.4
5840,2024-11-19,Seller 5840,Karachi,4.6
5841,2023-12-08,Seller 5841,Lahore,3.1
5842,2023-12-29,Seller 5842,Islamabad,4.4
5843,2024-12-16,Seller 5843,Karachi,3.9
5844,2024-11-10,Seller 5844,Karachi,3.8
5845,2025-07-05,Seller 5845,Karachi,3.1
5846,2023-12-25,Seller 5846,Faisalabad,4.1
5847,2025-03-25,Seller 5847,Lahore,4.3
5848,2023-03-17,Seller 5848,Multan,3.7
5849,2023-10-18,Seller 5849,Islamabad,3.3
5850,2023-01-05,Seller 5850,Faisalabad,4.9
5851,2025-10-04,Seller 5851,Lahore,4.4
5852,2024-02-07,Seller 5852,Faisalabad,4.8
5853,2023-08-24,Seller 5853,Faisalabad,4.8
5854,2024-04-24,Seller 5854,Islamabad,3.1
5855,2024-01-18,Seller 5855,Karachi,3.3
5856,2024-02-10,Seller 5856,Faisalabad,4.6
5857,2023-04-14,Seller 5857,Islamabad,3.4
5858,2024-05-13,Seller 5858,Karachi,3.5
5859,2023-04-18,Seller 5859,Karachi,3.4
5860,2025-05-12,Seller 5860,Multan,4.0
5861,2023-12-24,Seller 5861,Karachi,3.5
5862,2025-08-24,Seller 5862,Lahore,3.2
5863,2024-07-22,Seller 5863,Lahore,4.1
5864,2025-08-17,Seller 5864,Lahore,4.5
5865,2024-10-06,Seller 5865,Lahore,4.7
5866,2024-07-05,Seller 5866,Multan,3.2
5867,2025-03-23,Seller 5867,Lahore,3.9
5868,2025-09-03,Seller 5868,Islamabad,4.5
5869,2022-12-30,Seller 5869,Faisalabad,4.2
5870,2024-08-16,Seller 5870,Lahore,4.1
5871,2025-01-14,Seller 5871,Lahore,4.2
5872,2025-09-04,Seller 5872,Multan,3.1
5873,2023-01-20,Seller 5873,Islamabad,3.1
5874,2024-10-28,Seller 5874,Islamabad,3.1
5875,2024-04-26,Seller 5875,Multan,5.0
5876,2023-05-29,Seller 5876,Multan,3.1
5877,2023-11-07,Seller 5877,Faisalabad,3.6
5878,2024-09-27,Seller 5878,Islamabad,4.8
5879,2025-09-11,Seller 5879,Faisalabad,3.8
5880,2024-10-25,Seller 5880,Karachi,3.2
5881,2024-01-18,Seller 5881,Karachi,3.4
5882,2024-01-27,Seller 5882,Faisalabad,4.1
5883,2024-06-20,Seller 5883,Lahore,4.2
5884,2023-04-07,Seller 5884,Multan,4.5
5885,2025-04-01,Seller 5885,Faisalabad,5.0
5886,2023-09-29,Seller 5886,Lahore,3.1
5887,2025-03-26,Seller 5887,Multan,4.9
5888,2023-03-27,Seller 5888,Faisalabad,4.1
5889,2023-08-22,Seller 5889,Islamabad,3.9
5890,2023-09-14,Seller 5890,Multan,3.9
5891,2023-01-26,Seller 5891,Faisalabad,3.8
5892,2025-10-23,Seller 5892,Faisalabad,3.4
5893,2025-10-30,Seller 5893,Karachi,3.3
5894,2023-08-01,Seller 5894,Lahore,4.5
5895,2024-03-25,Seller 5895,Islamabad,3.8
5896,2025-06-04,Seller 5896,Multan,4.9
5897,2025-05-23,Seller 5897,Multan,3.4
5898,2023-09-27,Seller 5898,Lahore,3.8
5899,2023-05-14,Seller 5899,Lahore,4.3
5900,2025-08-22,Seller 5900,Faisalabad,3.1
5901,2025-02-04,Seller 5901,Lahore,4.0
5902,2025-11-08,Seller 5902,Lahore,3.7
5903,2025-09-30,Seller 5903,Multan,4.5
5904,2023-07-15,Seller 5904,Faisalabad,4.8
5905,2025-06-08,Seller 5905,Faisalabad,4.8
5906,2024-07-26,Seller 5906,Lahore,4.7
5907,2024-09-02,Seller 5907,Multan,4.4
5908,2023-05-22,Seller 5908,Lahore,4.1
5909,2024-07-13,Seller 5909,Faisalabad,4.4
5910,2025-06-15,Seller 5910,Faisalabad,4.3
5911,2023-05-12,Seller 5911,Lahore,3.8
5912,2024-06-12,Seller 5912,Lahore,3.2
5913,2024-06-12,Seller 5913,Multan,3.8
5914,2024-12-17,Seller 5914,Faisalabad,4.2
5915,2023-05-27,Seller 5915,Multan,3.6
5916,2024-08-03,Seller 5916,Multan,3.7
5917,2025-08-11,Seller 5917,Karachi,3.7
5918,2025-08-02,Seller 5918,Multan,3.5
5919,2025-04-21,Seller 5919,Islamabad,4.3
5920,2023-12-12,Seller 5920,Karachi,4.9
5921,2023-03-21,Seller 5921,Islamabad,3.3
5922,2023-05-19,Seller 5922,Lahore,4.4
5923,2023-08-13,Seller 5923,Islamabad,4.6
5924,2024-12-18,Seller 5924,Faisalabad,3.9
5925,2025-03-12,Seller 5925,Faisalabad,3.6
5926,2023-05-28,Seller 5926,Multan,4.9
5927,2024-04-28,Seller 5927,Faisalabad,4.2
5928,2025-07-22,Seller 5928,Faisalabad,4.2
5929,2023-12-05,Seller 5929,Faisalabad,3.2
5930,2025-09-10,Seller 5930,Faisalabad,4.0
5931,2023-04-10,Seller 5931,Lahore,3.5
5932,2023-11-11,Seller 5932,Islamabad,3.6
5933,2023-05-22,Seller 5933,Islamabad,4.4
5934,2024-09-01,Seller 5934,Islamabad,4.4
5935,2025-08-07,Seller 5935,Multan,4.9
5936,2023-09-05,Seller 5936,Lahore,3.4
5937,2024-12-02,Seller 5937,Karachi,4.0
5938,2025-06-12,Seller 5938,Lahore,4.5
5939,2023-03-29,Seller 5939,Multan,4.8
5940,2025-06-18,Seller 5940,Multan,3.8
5941,2025-10-26,Seller 5941,Faisalabad,4.2
5942,2025-08-12,Seller 5942,Lahore,3.4
5943,2023-01-29,Seller 5943,Lahore,4.7
5944,2023-03-16,Seller 5944,Karachi,4.8
5945,2025-06-13,Seller 5945,Multan,3.4
5946,2024-07-13,Seller 5946,Multan,3.1
5947,2024-10-04,Seller 5947,Faisalabad,4.2
5948,2024-07-17,Seller 5948,Faisalabad,4.5
5949,2023-11-04,Seller 5949,Karachi,4.3
5950,2024-09-02,Seller 5950,Karachi,3.9
5951,2022-12-16,Seller 5951,Multan,3.6
5952,2024-01-26,Seller 5952,Islamabad,4.0
5953,2025-05-25,Seller 5953,Multan,3.3
5954,2025-06-19,Seller 5954,Multan,3.5
5955,2023-12-05,Seller 5955,Multan,3.6
5956,2025-03-23,Seller 5956,Multan,4.6
5957,2025-11-13,Seller 5957,Lahore,4.3
5958,2025-08-16,Seller 5958,Faisalabad,4.3
5959,2023-07-27,Seller 5959,Karachi,4.4
5960,2024-10-29,Seller 5960,Karachi,4.7
5961,2023-06-15,Seller 5961,Karachi,3.2
5962,2024-10-23,Seller 5962,Multan,3.0
5963,2023-09-17,Seller 5963,Karachi,4.3
5964,2023-10-29,Seller 5964,Karachi,3.1
5965,2024-01-15,Seller 5965,Lahore,3.8
5966,2025-09-05,Seller 5966,Islamabad,4.3
5967,2024-11-07,Seller 5967,Islamabad,3.4
5968,2024-11-05,Seller 5968,Lahore,3.2
5969,2023-06-23,Seller 5969,Multan,4.3
5970,2024-10-11,Seller 5970,Lahore,4.5
5971,2024-09-12,Seller 5971,Faisalabad,4.9
5972,2024-07-07,Seller 5972,Karachi,4.7
5973,2024-11-22,Seller 5973,Karachi,4.4
5974,2023-05-08,Seller 5974,Lahore,4.2
5975,2025-01-16,Seller 5975,Karachi,3.5
5976,2025-03-05,Seller 5976,Multan,4.8
5977,2024-05-08,Seller 5977,Karachi,4.3
5978,2024-05-19,Seller 5978,Lahore,3.4
5979,2023-03-07,Seller 5979,Islamabad,3.4
5980,2025-03-25,Seller 5980,Lahore,4.2
5981,2023-01-26,Seller 5981,Lahore,4.2
5982,2025-02-09,Seller 5982,Islamabad,4.7
5983,2023-08-05,Seller 5983,Multan,3.3
5984,2024-03-31,Seller 5984,Lahore,3.9
5985,2023-02-03,Seller 5985,Islamabad,3.3
5986,2024-12-08,Seller 5986,Islamabad,3.7
5987,2024-08-12,Seller 5987,Faisalabad,5.0
5988,2025-11-27,Seller 5988,Karachi,4.1
5989,2025-05-28,Seller 5989,Lahore,4.9
5990,2025-03-01,Seller 5990,Islamabad,4.7
5991,2025-05-20,Seller 5991,Lahore,4.9
5992,2025-10-03,Seller 5992,Lahore,4.3
5993,2023-05-26,Seller 5993,Islamabad,3.8
5994,2024-01-25,Seller 5994,Karachi,4.1
5995,2023-12-15,Seller 5995,Faisalabad,3.7
5996,2024-11-06,Seller 5996,Multan,3.9
5997,2025-10-25,Seller 5997,Faisalabad,5.0
5998,2024-12-21,Seller 5998,Islamabad,3.6
5999,2024-08-09,Seller 5999,Faisalabad,4.3
6000,2024-05-19,Seller 6000,Lahore,3.9
6001,2023-06-30,Seller 6001,Islamabad,3.8
6002,2024-07-08,Seller 6002,Multan,4.3
6003,2025-01-02,Seller 6003,Faisalabad,3.6
6004,2023-06-15,Seller 6004,Islamabad,3.6
6005,2024-07-27,Seller 6005,Faisalabad,4.1
6006,2023-11-25,Seller 6006,Islamabad,3.9
6007,2023-01-27,Seller 6007,Karachi,4.7
6008,2023-11-17,Seller 6008,Karachi,4.5
6009,2023-03-01,Seller 6009,Faisalabad,4.5
6010,2025-09-13,Seller 6010,Islamabad,4.0
6011,2024-02-25,Seller 6011,Faisalabad,4.8
6012,2025-03-19,Seller 6012,Karachi,4.8
6013,2024-12-31,Seller 6013,Faisalabad,3.2
6014,2023-02-15,Seller 6014,Lahore,3.4
6015,2023-11-25,Seller 6015,Islamabad,4.8
6016,2024-07-10,Seller 6016,Multan,4.9
6017,2024-03-24,Seller 6017,Lahore,3.4
6018,2024-04-26,Seller 6018,Faisalabad,3.6
6019,2025-11-26,Seller 6019,Lahore,4.5
6020,2025-10-06,Seller 6020,Karachi,4.3
6021,2024-01-28,Seller 6021,Karachi,3.9
6022,2024-12-27,Seller 6022,Islamabad,3.7
6023,2023-09-16,Seller 6023,Karachi,3.8
6024,2023-09-27,Seller 6024,Faisalabad,4.4
6025,2023-09-30,Seller 6025,Lahore,3.6
6026,2023-09-26,Seller 6026,Islamabad,3.6
6027,2025-01-15,Seller 6027,Faisalabad,3.6
6028,2025-09-11,Seller 6028,Lahore,4.0
6029,2024-07-24,Seller 6029,Faisalabad,4.0
6030,2023-07-19,Seller 6030,Faisalabad,4.2
6031,2024-06-22,Seller 6031,Karachi,4.4
6032,2025-11-16,Seller 6032,Lahore,3.4
6033,2022-12-30,Seller 6033,Multan,3.7
6034,2025-06-13,Seller 6034,Lahore,3.4
6035,2023-08-03,Seller 6035,Faisalabad,4.0
6036,2025-01-06,Seller 6036,Lahore,3.8
6037,2025-10-09,Seller 6037,Islamabad,4.2
6038,2024-03-01,Seller 6038,Karachi,3.2
6039,2023-08-05,Seller 6039,Faisalabad,4.7
6040,2025-08-14,Seller 6040,Islamabad,3.8
6041,2024-08-15,Seller 6041,Lahore,3.4
6042,2025-10-25,Seller 6042,Multan,3.8
6043,2025-10-18,Seller 6043,Faisalabad,4.9
6044,2024-04-25,Seller 6044,Multan,4.6
6045,2025-02-09,Seller 6045,Faisalabad,4.9
6046,2025-08-24,Seller 6046,Karachi,4.4
6047,2025-07-09,Seller 6047,Faisalabad,4.1
6048,2024-09-15,Seller 6048,Faisalabad,4.8
6049,2022-12-26,Seller 6049,Faisalabad,4.9
6050,2024-09-30,Seller 6050,Islamabad,4.1
6051,2024-06-19,Seller 6051,Karachi,4.7
6052,2023-10-14,Seller 6052,Lahore,4.9
6053,2024-06-14,Seller 6053,Faisalabad,4.1
6054,2023-11-29,Seller 6054,Lahore,3.4
6055,2024-11-30,Seller 6055,Faisalabad,3.4
6056,2024-03-08,Seller 6056,Multan,3.9
6057,2025-05-29,Seller 6057,Karachi,3.1
6058,2023-03-04,Seller 6058,Islamabad,3.2
6059,2024-09-14,Seller 6059,Multan,3.9
6060,2023-10-27,Seller 6060,Islamabad,3.1
6061,2025-11-24,Seller 6061,Multan,4.5
6062,2023-01-01,Seller 6062,Faisalabad,4.7
6063,2023-11-30,Seller 6063,Karachi,4.8
6064,2025-01-30,Seller 6064,Multan,3.2
6065,2024-12-30,Seller 6065,Karachi,4.7
6066,2025-11-15,Seller 6066,Lahore,3.1
6067,2023-03-02,Seller 6067,Islamabad,3.9
6068,2025-04-16,Seller 6068,Multan,3.9
6069,2025-12-05,Seller 6069,Faisalabad,3.6
6070,2025-06-27,Seller 6070,Faisalabad,3.3
6071,2023-01-09,Seller 6071,Multan,4.6
6072,2023-04-07,Seller 6072,Faisalabad,4.2
6073,2024-09-19,Seller 6073,Faisalabad,3.2
6074,2024-03-03,Seller 6074,Multan,4.8
6075,2024-08-15,Seller 6075,Karachi,3.2
6076,2025-10-07,Seller 6076,Faisalabad,3.1
6077,2023-04-03,Seller 6077,Lahore,3.1
6078,2024-02-05,Seller 6078,Faisalabad,3.7
6079,2024-01-02,Seller 6079,Faisalabad,4.6
6080,2023-07-14,Seller 6080,Karachi,3.3
6081,2024-06-30,Seller 6081,Lahore,4.0
6082,2024-09-01,Seller 6082,Lahore,3.9
6083,2025-04-09,Seller 6083,Faisalabad,4.7
6084,2024-12-29,Seller 6084,Islamabad,3.0
6085,2025-06-30,Seller 6085,Karachi,3.2
6086,2024-08-11,Seller 6086,Faisalabad,4.4
6087,2023-07-13,Seller 6087,Faisalabad,3.0
6088,2025-03-15,Seller 6088,Karachi,4.9
6089,2024-06-23,Seller 6089,Karachi,3.1
6090,2024-06-08,Seller 6090,Multan,4.2
6091,2023-01-01,Seller 6091,Karachi,3.1
6092,2025-07-06,Seller 6092,Faisalabad,3.8
6093,2023-11-13,Seller 6093,Islamabad,4.4
6094,2025-10-23,Seller 6094,Faisalabad,4.4
6095,2024-07-19,Seller 6095,Faisalabad,3.2
6096,2023-10-15,Seller 6096,Islamabad,3.3
6097,2022-12-15,Seller 6097,Lahore,3.8
6098,2023-08-31,Seller 6098,Islamabad,4.5
6099,2024-10-15,Seller 6099,Karachi,3.8
6100,2024-06-10,Seller 6100,Faisalabad,4.9
6101,2023-11-30,Seller 6101,Lahore,3.3
6102,2025-07-30,Seller 6102,Multan,4.8
6103,2024-05-24,Seller 6103,Karachi,4.0
6104,2025-03-01,Seller 6104,Islamabad,4.7
6105,2025-05-13,Seller 6105,Islamabad,3.1
6106,2024-07-12,Seller 6106,Karachi,4.4
6107,2025-08-28,Seller 6107,Lahore,4.1
6108,2025-07-30,Seller 6108,Multan,3.2
6109,2024-09-11,Seller 6109,Faisalabad,3.8
6110,2024-08-28,Seller 6110,Islamabad,3.3
6111,2023-09-07,Seller 6111,Multan,4.2
6112,2023-01-01,Seller 6112,Karachi,3.4
6113,2025-02-08,Seller 6113,Islamabad,4.0
6114,2023-11-20,Seller 6114,Islamabad,4.0
6115,2024-01-19,Seller 6115,Faisalabad,3.7
6116,2023-12-11,Seller 6116,Karachi,4.6
6117,2023-11-22,Seller 6117,Karachi,3.2
6118,2025-02-24,Seller 6118,Islamabad,4.2
6119,2024-09-24,Seller 6119,Karachi,3.9
6120,2025-01-31,Seller 6120,Lahore,4.8
6121,2022-12-07,Seller 6121,Multan,3.1
6122,2025-04-09,Seller 6122,Lahore,3.2
6123,2024-09-05,Seller 6123,Multan,4.0
6124,2024-05-16,Seller 6124,Karachi,3.6
6125,2024-06-24,Seller 6125,Karachi,3.1
6126,2024-10-27,Seller 6126,Faisalabad,4.1
6127,2025-06-01,Seller 6127,Faisalabad,3.9
6128,2025-02-07,Seller 6128,Faisalabad,3.5
6129,2024-02-09,Seller 6129,Lahore,4.5
6130,2025-09-10,Seller 6130,Karachi,4.8
6131,2024-09-11,Seller 6131,Multan,3.7
6132,2023-12-02,Seller 6132,Karachi,3.4
6133,2025-07-03,Seller 6133,Faisalabad,3.3
6134,2023-03-12,Seller 6134,Faisalabad,3.4
6135,2023-06-14,Seller 6135,Multan,4.9
6136,2025-11-26,Seller 6136,Faisalabad,4.0
6137,2024-09-04,Seller 6137,Lahore,3.9
6138,2023-12-04,Seller 6138,Faisalabad,4.2
6139,2024-02-27,Seller 6139,Karachi,4.3
6140,2025-09-30,Seller 6140,Karachi,4.7
6141,2023-05-28,Seller 6141,Multan,3.3
6142,2023-11-30,Seller 6142,Lahore,4.1
6143,2023-04-02,Seller 6143,Karachi,3.2
6144,2023-08-25,Seller 6144,Islamabad,4.1
6145,2023-04-19,Seller 6145,Lahore,4.2
6146,2023-05-18,Seller 6146,Faisalabad,3.1
6147,2025-10-10,Seller 6147,Karachi,3.8
6148,2023-08-05,Seller 6148,Faisalabad,3.4
6149,2024-02-19,Seller 6149,Faisalabad,4.2
6150,2024-06-20,Seller 6150,Faisalabad,4.9
6151,2023-07-24,Seller 6151,Faisalabad,4.3
6152,2023-02-01,Seller 6152,Karachi,4.4
6153,2024-06-28,Seller 6153,Multan,4.9
6154,2024-03-16,Seller 6154,Lahore,4.5
6155,2025-05-03,Seller 6155,Karachi,3.0
6156,2023-08-26,Seller 6156,Lahore,3.3
6157,2023-05-08,Seller 6157,Lahore,4.4
6158,2025-07-09,Seller 6158,Multan,4.2
6159,2024-10-15,Seller 6159,Multan,3.4
6160,2023-09-07,Seller 6160,Islamabad,4.3
6161,2024-06-04,Seller 6161,Karachi,3.7
6162,2025-10-30,Seller 6162,Islamabad,3.4
6163,2025-10-14,Seller 6163,Islamabad,4.4
6164,2023-10-06,Seller 6164,Lahore,4.6
6165,2023-01-17,Seller 6165,Lahore,3.5
6166,2025-01-18,Seller 6166,Karachi,4.1
6167,2023-10-15,Seller 6167,Faisalabad,3.3
6168,2023-06-01,Seller 6168,Islamabad,4.5
6169,2025-11-22,Seller 6169,Karachi,4.2
6170,2023-03-11,Seller 6170,Faisalabad,4.8
6171,2024-05-11,Seller 6171,Multan,3.9
6172,2024-05-02,Seller 6172,Karachi,4.0
6173,2023-08-11,Seller 6173,Karachi,3.7
6174,2025-09-02,Seller 6174,Faisalabad,3.9
6175,2024-01-10,Seller 6175,Faisalabad,3.8
6176,2023-07-26,Seller 6176,Lahore,4.5
6177,2024-09-26,Seller 6177,Faisalabad,4.4
6178,2024-11-15,Seller 6178,Lahore,4.0
6179,2024-11-30,Seller 6179,Islamabad,3.7
6180,2023-01-09,Seller 6180,Faisalabad,3.8
6181,2024-03-17,Seller 6181,Lahore,3.4
6182,2024-04-04,Seller 6182,Karachi,3.8
6183,2023-04-04,Seller 6183,Multan,4.6
6184,2024-07-30,Seller 6184,Faisalabad,3.5
6185,2023-06-17,Seller 6185,Islamabad,4.4
6186,2023-12-18,Seller 6186,Islamabad,4.0
6187,2024-09-21,Seller 6187,Lahore,4.2
6188,2024-05-19,Seller 6188,Islamabad,3.4
6189,2025-01-16,Seller 6189,Lahore,4.6
6190,2025-12-01,Seller 6190,Karachi,5.0
6191,2024-03-24,Seller 6191,Islamabad,4.4
6192,2025-04-03,Seller 6192,Multan,4.1
6193,2023-04-27,Seller 6193,Karachi,4.5
6194,2024-06-25,Seller 6194,Karachi,4.2
6195,2024-12-28,Seller 6195,Karachi,3.9
6196,2025-03-30,Seller 6196,Islamabad,4.7
6197,2025-08-16,Seller 6197,Islamabad,4.5
6198,2025-09-04,Seller 6198,Faisalabad,3.8
6199,2025-10-13,Seller 6199,Islamabad,3.3
6200,2023-10-19,Seller 6200,Karachi,3.5
6201,2024-01-13,Seller 6201,Lahore,3.7
6202,2025-06-07,Seller 6202,Lahore,4.5
6203,2024-01-15,Seller 6203,Multan,4.1
6204,2025-04-17,Seller 6204,Islamabad,3.3
6205,2024-07-12,Seller 6205,Faisalabad,4.7
6206,2023-01-06,Seller 6206,Multan,4.0
6207,2023-07-15,Seller 6207,Islamabad,3.2
6208,2023-01-05,Seller 6208,Faisalabad,3.5
6209,2025-05-28,Seller 6209,Islamabad,3.7
6210,2025-05-15,Seller 6210,Lahore,3.5
6211,2023-10-12,Seller 6211,Karachi,3.9
6212,2025-10-30,Seller 6212,Karachi,3.3
6213,2025-10-02,Seller 6213,Islamabad,3.6
6214,2023-11-07,Seller 6214,Lahore,4.8
6215,2024-11-04,Seller 6215,Lahore,3.5
6216,2025-01-06,Seller 6216,Faisalabad,4.1
6217,2024-05-12,Seller 6217,Lahore,4.6
6218,2025-07-20,Seller 6218,Faisalabad,3.9
6219,2023-03-11,Seller 6219,Multan,3.1
6220,2023-07-06,Seller 6220,Karachi,4.0
6221,2023-01-31,Seller 6221,Faisalabad,4.1
6222,2024-10-17,Seller 6222,Multan,4.3
6223,2023-11-10,Seller 6223,Faisalabad,4.3
6224,2023-01-11,Seller 6224,Multan,3.7
6225,2023-12-08,Seller 6225,Karachi,3.3
6226,2023-10-09,Seller 6226,Faisalabad,3.7
6227,2025-03-02,Seller 6227,Islamabad,4.0
6228,2025-01-09,Seller 6228,Lahore,4.0
6229,2025-09-22,Seller 6229,Islamabad,3.8
6230,2025-02-13,Seller 6230,Lahore,3.9
6231,2023-09-24,Seller 6231,Lahore,3.7
6232,2024-05-13,Seller 6232,Karachi,3.6
6233,2023-09-30,Seller 6233,Multan,3.3
6234,2024-05-25,Seller 6234,Lahore,4.6
6235,2024-05-02,Seller 6235,Islamabad,4.7
6236,2023-06-10,Seller 6236,Karachi,3.3
6237,2023-07-07,Seller 6237,Lahore,3.3
6238,2024-05-25,Seller 6238,Lahore,4.0
6239,2024-11-17,Seller 6239,Lahore,4.6
6240,2023-01-08,Seller 6240,Islamabad,3.0
6241,2023-01-27,Seller 6241,Lahore,4.9
6242,2023-07-22,Seller 6242,Faisalabad,4.0
6243,2023-06-03,Seller 6243,Multan,3.2
6244,2023-10-03,Seller 6244,Lahore,3.5
6245,2025-07-17,Seller 6245,Islamabad,4.5
6246,2024-10-02,Seller 6246,Faisalabad,3.8
6247,2023-11-09,Seller 6247,Karachi,4.8
6248,2024-02-24,Seller 6248,Multan,4.1
6249,2024-04-18,Seller 6249,Karachi,4.8
6250,2025-10-11,Seller 6250,Multan,4.8
6251,2024-12-22,Seller 6251,Multan,4.9
6252,2024-07-21,Seller 6252,Islamabad,3.7
6253,2024-12-19,Seller 6253,Lahore,3.1
6254,2024-06-10,Seller 6254,Islamabad,3.9
6255,2023-10-10,Seller 6255,Faisalabad,3.2
6256,2024-01-02,Seller 6256,Lahore,4.0
6257,2024-03-09,Seller 6257,Lahore,3.7
6258,2023-12-05,Seller 6258,Karachi,4.2
6259,2023-12-21,Seller 6259,Lahore,4.5
6260,2025-04-06,Seller 6260,Lahore,3.1
6261,2023-06-17,Seller 6261,Multan,4.7
6262,2025-09-14,Seller 6262,Lahore,4.8
6263,2025-03-03,Seller 6263,Faisalabad,3.4
6264,2023-03-24,Seller 6264,Multan,3.1
6265,2023-09-23,Seller 6265,Multan,3.1
6266,2025-04-15,Seller 6266,Faisalabad,4.2
6267,2025-05-18,Seller 6267,Multan,4.7
6268,2023-10-14,Seller 6268,Karachi,3.2
6269,2025-01-07,Seller 6269,Karachi,3.9
6270,2023-04-28,Seller 6270,Karachi,3.4
6271,2022-12-18,Seller 6271,Multan,3.4
6272,2025-06-04,Seller 6272,Faisalabad,4.1
6273,2023-09-14,Seller 6273,Islamabad,4.4
6274,2024-05-29,Seller 6274,Lahore,3.9
6275,2023-11-30,Seller 6275,Lahore,3.0
6276,2023-03-03,Seller 6276,Islamabad,4.2
6277,2024-01-26,Seller 6277,Karachi,3.4
6278,2023-09-27,Seller 6278,Multan,4.7
6279,2022-12-15,Seller 6279,Multan,3.7
6280,2024-09-18,Seller 6280,Karachi,3.6
6281,2024-05-12,Seller 6281,Multan,4.4
6282,2023-10-04,Seller 6282,Multan,4.4
6283,2023-12-21,Seller 6283,Multan,3.8
6284,2023-02-19,Seller 6284,Lahore,4.3
6285,2025-07-05,Seller 6285,Karachi,3.7
6286,2025-05-29,Seller 6286,Lahore,3.7
6287,2023-09-28,Seller 6287,Lahore,3.5
6288,2025-02-24,Seller 6288,Islamabad,4.5
6289,2022-12-31,Seller 6289,Multan,4.9
6290,2023-01-18,Seller 6290,Multan,4.2
6291,2023-06-08,Seller 6291,Islamabad,4.9
6292,2025-01-07,Seller 6292,Faisalabad,4.4
6293,2024-02-04,Seller 6293,Islamabad,4.6
6294,2023-11-16,Seller 6294,Multan,3.8
6295,2024-05-18,Seller 6295,Karachi,4.0
6296,2024-07-18,Seller 6296,Multan,3.4
6297,2023-10-11,Seller 6297,Faisalabad,3.6
6298,2023-05-28,Seller 6298,Faisalabad,3.7
6299,2025-08-20,Seller 6299,Islamabad,3.4
6300,2025-03-29,Seller 6300,Multan,4.4
6301,2024-11-07,Seller 6301,Lahore,4.5
6302,2023-11-30,Seller 6302,Karachi,3.2
6303,2024-08-23,Seller 6303,Islamabad,4.0
6304,2023-04-24,Seller 6304,Multan,4.4
6305,2025-07-27,Seller 6305,Islamabad,3.1
6306,2024-08-07,Seller 6306,Lahore,3.5
6307,2024-04-24,Seller 6307,Islamabad,3.9
6308,2023-04-27,Seller 6308,Islamabad,3.8
6309,2024-03-24,Seller 6309,Islamabad,4.5
6310,2024-07-04,Seller 6310,Karachi,4.0
6311,2022-12-12,Seller 6311,Karachi,4.7
6312,2025-09-26,Seller 6312,Multan,3.5
6313,2024-09-05,Seller 6313,Islamabad,4.1
6314,2023-02-03,Seller 6314,Islamabad,4.3
6315,2025-06-21,Seller 6315,Islamabad,4.6
6316,2025-08-06,Seller 6316,Lahore,4.1
6317,2023-05-23,Seller 6317,Multan,3.1
6318,2024-02-15,Seller 6318,Karachi,4.9
6319,2023-09-23,Seller 6319,Lahore,4.3
6320,2024-06-13,Seller 6320,Multan,4.7
6321,2023-05-09,Seller 6321,Karachi,4.0
6322,2023-05-14,Seller 6322,Lahore,4.3
6323,2025-01-21,Seller 6323,Multan,3.3
6324,2025-03-25,Seller 6324,Islamabad,3.6
6325,2025-02-12,Seller 6325,Karachi,4.2
6326,2024-05-17,Seller 6326,Faisalabad,3.9
6327,2024-08-26,Seller 6327,Islamabad,4.9
6328,2025-09-17,Seller 6328,Islamabad,3.7
6329,2024-12-09,Seller 6329,Islamabad,4.3
6330,2024-06-03,Seller 6330,Karachi,3.3
6331,2025-10-17,Seller 6331,Islamabad,3.0
6332,2024-11-25,Seller 6332,Faisalabad,3.9
6333,2023-01-09,Seller 6333,Karachi,3.3
6334,2023-11-01,Seller 6334,Lahore,3.3
6335,2024-11-11,Seller 6335,Karachi,4.5
6336,2023-11-24,Seller 6336,Lahore,4.8
6337,2025-10-29,Seller 6337,Multan,4.5
6338,2025-09-11,Seller 6338,Faisalabad,4.8
6339,2025-08-01,Seller 6339,Karachi,3.1
6340,2025-08-21,Seller 6340,Faisalabad,3.2
6341,2025-06-14,Seller 6341,Faisalabad,4.8
6342,2025-11-23,Seller 6342,Faisalabad,4.5
6343,2024-06-27,Seller 6343,Faisalabad,4.7
6344,2023-06-12,Seller 6344,Lahore,4.6
6345,2025-07-10,Seller 6345,Faisalabad,3.5
6346,2023-01-24,Seller 6346,Islamabad,4.2
6347,2023-04-15,Seller 6347,Islamabad,3.0
6348,2023-04-10,Seller 6348,Islamabad,3.3
6349,2023-11-11,Seller 6349,Karachi,4.2
6350,2023-04-24,Seller 6350,Multan,4.3
6351,2023-09-19,Seller 6351,Faisalabad,3.5
6352,2025-09-25,Seller 6352,Islamabad,4.9
6353,2023-11-07,Seller 6353,Faisalabad,3.9
6354,2024-07-14,Seller 6354,Lahore,3.8
6355,2023-11-15,Seller 6355,Faisalabad,4.8
6356,2023-04-21,Seller 6356,Karachi,3.9
6357,2025-02-03,Seller 6357,Islamabad,3.4
6358,2025-02-04,Seller 6358,Faisalabad,4.2
6359,2024-04-03,Seller 6359,Islamabad,4.1
6360,2023-06-16,Seller 6360,Lahore,3.8
6361,2024-03-04,Seller 6361,Islamabad,3.3
6362,2023-07-03,Seller 6362,Islamabad,3.7
6363,2023-02-07,Seller 6363,Faisalabad,4.5
6364,2024-10-12,Seller 6364,Islamabad,4.4
6365,2024-12-22,Seller 6365,Faisalabad,3.5
6366,2024-06-20,Seller 6366,Multan,3.0
6367,2023-01-29,Seller 6367,Lahore,3.7
6368,2024-02-01,Seller 6368,Islamabad,3.3
6369,2025-10-09,Seller 6369,Faisalabad,4.1
6370,2025-05-19,Seller 6370,Lahore,3.4
6371,2025-10-20,Seller 6371,Islamabad,3.9
6372,2025-03-28,Seller 6372,Karachi,3.3
6373,2022-12-29,Seller 6373,Karachi,4.7
6374,2025-08-16,Seller 6374,Faisalabad,3.6
6375,2024-02-05,Seller 6375,Islamabad,4.8
6376,2024-08-06,Seller 6376,Lahore,4.5
6377,2025-10-18,Seller 6377,Lahore,3.9
6378,2024-02-12,Seller 6378,Karachi,4.0
6379,2025-10-24,Seller 6379,Karachi,3.7
6380,2025-04-12,Seller 6380,Islamabad,3.6
6381,2023-01-06,Seller 6381,Multan,3.1
6382,2023-12-03,Seller 6382,Faisalabad,3.4
6383,2023-08-16,Seller 6383,Islamabad,3.5
6384,2024-08-19,Seller 6384,Islamabad,3.1
6385,2023-05-17,Seller 6385,Multan,4.2
6386,2023-09-15,Seller 6386,Islamabad,3.5
6387,2023-04-03,Seller 6387,Lahore,3.4
6388,2025-05-19,Seller 6388,Lahore,4.2
6389,2024-05-09,Seller 6389,Lahore,4.8
6390,2024-02-21,Seller 6390,Multan,3.7
6391,2025-11-10,Seller 6391,Faisalabad,3.9
6392,2024-10-21,Seller 6392,Multan,4.7
6393,2025-07-05,Seller 6393,Islamabad,3.6
6394,2025-06-26,Seller 6394,Lahore,3.2
6395,2025-04-17,Seller 6395,Karachi,4.9
6396,2024-01-04,Seller 6396,Karachi,4.9
6397,2023-01-25,Seller 6397,Lahore,4.1
6398,2025-05-24,Seller 6398,Multan,3.9
6399,2023-06-08,Seller 6399,Multan,5.0
6400,2024-12-29,Seller 6400,Islamabad,4.4
6401,2023-02-05,Seller 6401,Lahore,3.5
6402,2024-06-09,Seller 6402,Faisalabad,3.4
6403,2024-08-22,Seller 6403,Islamabad,3.3
6404,2025-02-18,Seller 6404,Islamabad,4.0
6405,2025-05-16,Seller 6405,Lahore,4.9
6406,2023-01-14,Seller 6406,Lahore,4.6
6407,2023-07-10,Seller 6407,Islamabad,3.6
6408,2023-06-15,Seller 6408,Karachi,4.2
6409,2025-09-02,Seller 6409,Islamabad,3.1
6410,2024-12-05,Seller 6410,Karachi,4.1
6411,2023-12-13,Seller 6411,Faisalabad,3.7
6412,2025-01-04,Seller 6412,Lahore,4.5
6413,2025-01-18,Seller 6413,Karachi,4.5
6414,2023-01-08,Seller 6414,Islamabad,3.4
6415,2025-10-24,Seller 6415,Karachi,4.9
6416,2025-04-27,Seller 6416,Lahore,3.3
6417,2024-08-03,Seller 6417,Multan,3.1
6418,2025-02-14,Seller 6418,Faisalabad,4.1
6419,2024-06-26,Seller 6419,Lahore,3.0
6420,2024-07-14,Seller 6420,Multan,3.2
6421,2023-04-15,Seller 6421,Lahore,4.4
6422,2023-07-17,Seller 6422,Multan,3.2
6423,2024-04-16,Seller 6423,Karachi,4.3
6424,2024-10-01,Seller 6424,Faisalabad,4.1
6425,2023-06-27,Seller 6425,Multan,3.0
6426,2023-02-11,Seller 6426,Karachi,3.8
6427,2024-11-15,Seller 6427,Islamabad,4.7
6428,2023-06-17,Seller 6428,Faisalabad,4.6
6429,2024-02-26,Seller 6429,Karachi,4.8
6430,2023-07-31,Seller 6430,Multan,3.7
6431,2024-07-27,Seller 6431,Faisalabad,4.8
6432,2023-11-21,Seller 6432,Lahore,4.7
6433,2024-07-04,Seller 6433,Faisalabad,3.2
6434,2025-04-02,Seller 6434,Karachi,4.5
6435,2025-10-07,Seller 6435,Islamabad,4.5
6436,2024-09-18,Seller 6436,Multan,4.9
6437,2023-12-14,Seller 6437,Lahore,4.8
6438,2025-10-27,Seller 6438,Islamabad,4.6
6439,2025-06-05,Seller 6439,Faisalabad,4.7
6440,2024-11-02,Seller 6440,Faisalabad,4.4
6441,2025-04-12,Seller 6441,Islamabad,4.1
6442,2024-06-23,Seller 6442,Lahore,4.6
6443,2023-12-15,Seller 6443,Lahore,4.8
6444,2024-04-20,Seller 6444,Multan,3.7
6445,2023-05-27,Seller 6445,Lahore,4.9
6446,2023-03-15,Seller 6446,Faisalabad,4.6
6447,2023-03-19,Seller 6447,Faisalabad,3.3
6448,2025-07-15,Seller 6448,Islamabad,3.5
6449,2024-08-17,Seller 6449,Islamabad,4.9
6450,2023-05-16,Seller 6450,Lahore,4.5
6451,2025-11-01,Seller 6451,Faisalabad,3.9
6452,2024-06-03,Seller 6452,Islamabad,3.4
6453,2023-02-16,Seller 6453,Multan,3.9
6454,2023-03-02,Seller 6454,Karachi,4.8
6455,2024-08-02,Seller 6455,Islamabad,4.1
6456,2023-03-15,Seller 6456,Islamabad,3.6
6457,2024-08-06,Seller 6457,Multan,3.1
6458,2023-06-30,Seller 6458,Multan,3.5
6459,2023-09-14,Seller 6459,Multan,3.9
6460,2025-04-15,Seller 6460,Lahore,3.8
6461,2024-02-24,Seller 6461,Islamabad,4.5
6462,2025-06-01,Seller 6462,Karachi,4.5
6463,2023-09-04,Seller 6463,Multan,4.8
6464,2023-07-23,Seller 6464,Lahore,4.1
6465,2024-09-15,Seller 6465,Multan,4.3
6466,2023-07-02,Seller 6466,Multan,4.9
6467,2025-02-28,Seller 6467,Multan,3.7
6468,2025-01-17,Seller 6468,Karachi,4.8
6469,2025-02-24,Seller 6469,Karachi,3.3
6470,2024-03-09,Seller 6470,Lahore,3.1
6471,2024-03-23,Seller 6471,Lahore,4.4
6472,2023-06-11,Seller 6472,Karachi,3.7
6473,2023-07-21,Seller 6473,Multan,4.5
6474,2025-06-28,Seller 6474,Lahore,3.4
6475,2024-01-16,Seller 6475,Lahore,3.5
6476,2023-08-25,Seller 6476,Islamabad,4.5
6477,2024-12-07,Seller 6477,Lahore,3.8
6478,2025-02-28,Seller 6478,Faisalabad,4.6
6479,2024-12-28,Seller 6479,Lahore,4.1
6480,2024-05-16,Seller 6480,Multan,3.2
6481,2024-10-14,Seller 6481,Faisalabad,4.4
6482,2024-12-03,Seller 6482,Islamabad,3.1
6483,2025-08-15,Seller 6483,Lahore,4.3
6484,2023-05-11,Seller 6484,Karachi,3.9
6485,2023-09-06,Seller 6485,Karachi,4.9
6486,2024-01-04,Seller 6486,Karachi,4.5
6487,2024-03-19,Seller 6487,Lahore,4.0
6488,2024-06-04,Seller 6488,Lahore,4.9
6489,2025-02-25,Seller 6489,Islamabad,3.6
6490,2025-06-03,Seller 6490,Lahore,3.4
6491,2024-06-30,Seller 6491,Faisalabad,4.2
6492,2025-04-10,Seller 6492,Lahore,5.0
6493,2023-07-12,Seller 6493,Lahore,4.8
6494,2023-04-26,Seller 6494,Faisalabad,4.0
6495,2025-05-03,Seller 6495,Multan,3.3
6496,2025-11-22,Seller 6496,Islamabad,3.0
6497,2025-08-28,Seller 6497,Lahore,3.9
6498,2025-06-26,Seller 6498,Islamabad,4.2
6499,2023-05-19,Seller 6499,Faisalabad,3.2
6500,2024-10-30,Seller 6500,Islamabad,3.2
6501,2023-04-26,Seller 6501,Islamabad,3.7
6502,2024-03-07,Seller 6502,Lahore,4.0
6503,2023-05-15,Seller 6503,Islamabad,3.2
6504,2023-02-03,Seller 6504,Islamabad,4.1
6505,2024-06-27,Seller 6505,Karachi,4.5
6506,2025-11-06,Seller 6506,Faisalabad,3.2
6507,2025-04-23,Seller 6507,Islamabad,3.6
6508,2025-04-24,Seller 6508,Faisalabad,3.3
6509,2025-05-24,Seller 6509,Islamabad,4.6
6510,2023-09-02,Seller 6510,Multan,4.7
6511,2024-04-29,Seller 6511,Karachi,4.9
6512,2024-08-05,Seller 6512,Faisalabad,4.1
6513,2025-02-05,Seller 6513,Multan,4.2
6514,2024-07-06,Seller 6514,Lahore,3.3
6515,2023-05-30,Seller 6515,Faisalabad,4.4
6516,2025-04-03,Seller 6516,Lahore,4.0
6517,2025-06-22,Seller 6517,Lahore,4.8
6518,2024-06-19,Seller 6518,Lahore,4.4
6519,2025-01-03,Seller 6519,Faisalabad,3.6
6520,2023-12-06,Seller 6520,Multan,4.3
6521,2024-07-02,Seller 6521,Islamabad,3.9
6522,2022-12-29,Seller 6522,Islamabad,4.9
6523,2025-11-10,Seller 6523,Karachi,4.7
6524,2023-09-25,Seller 6524,Karachi,5.0
6525,2023-01-14,Seller 6525,Faisalabad,4.2
6526,2023-12-15,Seller 6526,Faisalabad,4.7
6527,2023-03-09,Seller 6527,Karachi,3.6
6528,2024-08-10,Seller 6528,Karachi,3.1
6529,2024-07-15,Seller 6529,Karachi,4.1
6530,2024-11-15,Seller 6530,Faisalabad,3.6
6531,2024-10-14,Seller 6531,Lahore,3.2
6532,2024-09-21,Seller 6532,Islamabad,4.4
6533,2024-12-14,Seller 6533,Faisalabad,4.2
6534,2023-08-19,Seller 6534,Lahore,3.5
6535,2025-06-22,Seller 6535,Karachi,3.0
6536,2025-06-24,Seller 6536,Faisalabad,4.4
6537,2025-04-15,Seller 6537,Islamabad,3.7
6538,2024-12-26,Seller 6538,Lahore,3.1
6539,2024-09-06,Seller 6539,Multan,5.0
6540,2025-12-01,Seller 6540,Multan,4.6
6541,2023-05-12,Seller 6541,Lahore,4.9
6542,2024-09-21,Seller 6542,Multan,4.0
6543,2023-01-10,Seller 6543,Multan,4.7
6544,2023-02-02,Seller 6544,Karachi,4.6
6545,2023-01-21,Seller 6545,Faisalabad,3.9
6546,2024-12-12,Seller 6546,Multan,3.1
6547,2023-03-11,Seller 6547,Faisalabad,3.8
6548,2025-11-16,Seller 6548,Multan,4.1
6549,2024-01-27,Seller 6549,Islamabad,3.1
6550,2024-02-18,Seller 6550,Faisalabad,4.1
6551,2025-09-13,Seller 6551,Islamabad,3.9
6552,2023-01-10,Seller 6552,Faisalabad,3.9
6553,2025-09-23,Seller 6553,Karachi,3.7
6554,2024-09-18,Seller 6554,Multan,3.3
6555,2024-02-19,Seller 6555,Faisalabad,4.1
6556,2023-10-11,Seller 6556,Faisalabad,3.5
6557,2025-01-06,Seller 6557,Karachi,3.7
6558,2025-02-16,Seller 6558,Islamabad,4.8
6559,2023-06-09,Seller 6559,Islamabad,4.7
6560,2023-03-04,Seller 6560,Islamabad,3.4
6561,2023-08-31,Seller 6561,Karachi,3.8
6562,2025-10-09,Seller 6562,Multan,4.6
6563,2025-08-27,Seller 6563,Karachi,3.2
6564,2024-10-28,Seller 6564,Multan,3.2
6565,2025-05-18,Seller 6565,Islamabad,4.3
6566,2024-01-26,Seller 6566,Lahore,3.5
6567,2023-12-06,Seller 6567,Faisalabad,3.2
6568,2023-09-25,Seller 6568,Multan,4.6
6569,2024-07-02,Seller 6569,Islamabad,4.1
6570,2022-12-27,Seller 6570,Lahore,3.7
6571,2024-06-14,Seller 6571,Karachi,3.9
6572,2023-01-08,Seller 6572,Multan,4.7
6573,2024-08-21,Seller 6573,Karachi,3.3
6574,2025-08-21,Seller 6574,Faisalabad,3.5
6575,2025-10-21,Seller 6575,Lahore,4.7
6576,2023-03-12,Seller 6576,Faisalabad,4.5
6577,2025-08-08,Seller 6577,Lahore,4.6
6578,2024-04-14,Seller 6578,Faisalabad,4.1
6579,2024-02-13,Seller 6579,Multan,4.3
6580,2024-05-15,Seller 6580,Faisalabad,3.1
6581,2024-02-16,Seller 6581,Karachi,4.8
6582,2023-03-19,Seller 6582,Faisalabad,3.4
6583,2023-01-17,Seller 6583,Lahore,3.5
6584,2024-09-19,Seller 6584,Lahore,3.4
6585,2023-09-30,Seller 6585,Islamabad,3.7
6586,2024-06-27,Seller 6586,Islamabad,3.7
6587,2025-04-22,Seller 6587,Islamabad,3.0
6588,2025-07-24,Seller 6588,Faisalabad,3.4
6589,2025-02-08,Seller 6589,Islamabad,4.8
6590,2025-06-05,Seller 6590,Faisalabad,3.6
6591,2024-05-03,Seller 6591,Lahore,4.0
6592,2025-02-04,Seller 6592,Islamabad,4.2
6593,2024-01-27,Seller 6593,Karachi,4.3
6594,2023-01-08,Seller 6594,Multan,4.2
6595,2025-12-02,Seller 6595,Faisalabad,3.3
6596,2025-05-06,Seller 6596,Lahore,3.0
6597,2023-06-26,Seller 6597,Faisalabad,3.9
6598,2023-01-29,Seller 6598,Lahore,3.0
6599,2023-09-20,Seller 6599,Faisalabad,4.4
6600,2024-05-25,Seller 6600,Multan,3.8
6601,2023-08-30,Seller 6601,Lahore,3.6
6602,2025-02-18,Seller 6602,Karachi,3.2
6603,2024-08-25,Seller 6603,Lahore,3.1
6604,2024-11-12,Seller 6604,Islamabad,3.0
6605,2025-07-13,Seller 6605,Multan,3.5
6606,2025-03-19,Seller 6606,Karachi,4.0
6607,2023-03-24,Seller 6607,Faisalabad,4.5
6608,2025-11-01,Seller 6608,Faisalabad,3.1
6609,2022-12-25,Seller 6609,Lahore,4.0
6610,2023-06-27,Seller 6610,Lahore,3.1
6611,2023-12-27,Seller 6611,Faisalabad,3.8
6612,2024-09-27,Seller 6612,Islamabad,3.7
6613,2025-04-30,Seller 6613,Multan,3.9
6614,2023-03-21,Seller 6614,Karachi,3.5
6615,2023-02-01,Seller 6615,Faisalabad,3.8
6616,2023-02-21,Seller 6616,Multan,3.7
6617,2024-04-10,Seller 6617,Islamabad,4.3
6618,2024-07-26,Seller 6618,Karachi,3.1
6619,2025-03-13,Seller 6619,Multan,4.2
6620,2023-01-30,Seller 6620,Multan,4.7
6621,2025-06-02,Seller 6621,Lahore,4.3
6622,2023-01-07,Seller 6622,Multan,4.9
6623,2025-03-09,Seller 6623,Islamabad,3.2
6624,2025-01-29,Seller 6624,Faisalabad,3.5
6625,2023-08-28,Seller 6625,Multan,3.3
6626,2025-01-27,Seller 6626,Karachi,3.4
6627,2024-10-27,Seller 6627,Lahore,4.0
6628,2024-02-21,Seller 6628,Islamabad,4.7
6629,2024-06-23,Seller 6629,Karachi,4.4
6630,2025-09-15,Seller 6630,Faisalabad,3.9
6631,2025-07-28,Seller 6631,Faisalabad,3.2
6632,2024-02-07,Seller 6632,Lahore,4.4
6633,2023-12-18,Seller 6633,Karachi,4.7
6634,2022-12-30,Seller 6634,Karachi,3.8
6635,2024-03-19,Seller 6635,Karachi,3.2
6636,2024-08-08,Seller 6636,Lahore,3.6
6637,2023-09-09,Seller 6637,Islamabad,4.1
6638,2025-01-20,Seller 6638,Lahore,4.6
6639,2023-05-12,Seller 6639,Faisalabad,4.8
6640,2023-11-30,Seller 6640,Faisalabad,4.5
6641,2024-06-21,Seller 6641,Lahore,4.9
6642,2023-02-28,Seller 6642,Karachi,3.3
6643,2023-05-24,Seller 6643,Lahore,3.6
6644,2024-05-22,Seller 6644,Faisalabad,4.3
6645,2024-06-24,Seller 6645,Faisalabad,4.3
6646,2024-01-09,Seller 6646,Lahore,4.7
6647,2023-07-06,Seller 6647,Faisalabad,3.9
6648,2024-09-29,Seller 6648,Faisalabad,4.9
6649,2025-04-03,Seller 6649,Lahore,4.2
6650,2025-02-18,Seller 6650,Karachi,3.1
6651,2024-02-16,Seller 6651,Islamabad,3.4
6652,2023-07-27,Seller 6652,Lahore,4.0
6653,2024-11-05,Seller 6653,Lahore,3.6
6654,2023-06-19,Seller 6654,Multan,4.6
6655,2025-09-25,Seller 6655,Karachi,4.9
6656,2023-12-13,Seller 6656,Lahore,4.8
6657,2025-02-15,Seller 6657,Lahore,3.9
6658,2023-08-31,Seller 6658,Islamabad,4.2
6659,2023-05-26,Seller 6659,Multan,3.9
6660,2023-03-10,Seller 6660,Lahore,4.0
6661,2024-12-06,Seller 6661,Lahore,4.9
6662,2025-03-01,Seller 6662,Faisalabad,3.3
6663,2023-01-24,Seller 6663,Lahore,3.4
6664,2023-06-29,Seller 6664,Multan,4.0
6665,2024-09-27,Seller 6665,Karachi,5.0
6666,2024-01-31,Seller 6666,Islamabad,3.4
6667,2024-06-20,Seller 6667,Multan,3.7
6668,2024-11-09,Seller 6668,Multan,4.8
6669,2023-08-28,Seller 6669,Islamabad,3.2
6670,2024-10-21,Seller 6670,Islamabad,4.7
6671,2025-09-13,Seller 6671,Multan,3.4
6672,2023-02-21,Seller 6672,Islamabad,3.0
6673,2024-04-16,Seller 6673,Karachi,4.3
6674,2025-03-18,Seller 6674,Karachi,3.8
6675,2023-06-26,Seller 6675,Multan,4.5
6676,2023-11-15,Seller 6676,Faisalabad,3.8
6677,2024-07-26,Seller 6677,Lahore,4.7
6678,2025-05-02,Seller 6678,Lahore,4.2
6679,2025-11-04,Seller 6679,Faisalabad,4.1
6680,2023-09-15,Seller 6680,Faisalabad,3.0
6681,2024-08-02,Seller 6681,Islamabad,4.3
6682,2025-10-24,Seller 6682,Lahore,4.2
6683,2025-04-10,Seller 6683,Faisalabad,4.4
6684,2023-08-12,Seller 6684,Lahore,3.1
6685,2025-08-29,Seller 6685,Islamabad,4.6
6686,2024-03-01,Seller 6686,Multan,3.3
6687,2024-02-15,Seller 6687,Islamabad,3.9
6688,2024-09-05,Seller 6688,Multan,3.8
6689,2022-12-16,Seller 6689,Multan,4.4
6690,2025-10-24,Seller 6690,Lahore,4.2
6691,2024-05-26,Seller 6691,Multan,4.1
6692,2023-03-29,Seller 6692,Lahore,3.1
6693,2023-05-26,Seller 6693,Islamabad,4.8
6694,2024-10-10,Seller 6694,Karachi,4.2
6695,2023-07-06,Seller 6695,Lahore,4.1
6696,2025-06-09,Seller 6696,Islamabad,4.7
6697,2023-09-19,Seller 6697,Faisalabad,3.2
6698,2025-02-14,Seller 6698,Karachi,3.7
6699,2023-01-01,Seller 6699,Faisalabad,3.3
6700,2023-04-17,Seller 6700,Islamabad,3.1
6701,2023-03-31,Seller 6701,Multan,3.9
6702,2024-01-22,Seller 6702,Islamabad,3.1
6703,2025-04-20,Seller 6703,Lahore,3.2
6704,2024-12-24,Seller 6704,Faisalabad,3.1
6705,2023-05-13,Seller 6705,Lahore,3.1
6706,2023-08-25,Seller 6706,Multan,4.5
6707,2023-01-03,Seller 6707,Lahore,4.3
6708,2023-04-12,Seller 6708,Lahore,3.3
6709,2025-03-21,Seller 6709,Islamabad,3.1
6710,2024-02-03,Seller 6710,Lahore,4.6
6711,2023-10-15,Seller 6711,Karachi,3.3
6712,2023-02-06,Seller 6712,Multan,3.3
6713,2023-12-11,Seller 6713,Faisalabad,4.3
6714,2024-12-03,Seller 6714,Lahore,4.8
6715,2025-10-10,Seller 6715,Lahore,4.4
6716,2024-01-19,Seller 6716,Multan,3.9
6717,2023-11-22,Seller 6717,Islamabad,4.7
6718,2025-03-19,Seller 6718,Multan,3.0
6719,2024-01-30,Seller 6719,Multan,3.9
6720,2023-10-05,Seller 6720,Lahore,3.5
6721,2024-08-13,Seller 6721,Lahore,4.7
6722,2025-03-31,Seller 6722,Faisalabad,3.9
6723,2024-06-23,Seller 6723,Islamabad,4.4
6724,2022-12-20,Seller 6724,Faisalabad,3.0
6725,2024-03-27,Seller 6725,Karachi,4.8
6726,2024-12-20,Seller 6726,Islamabad,3.0
6727,2025-07-09,Seller 6727,Faisalabad,4.6
6728,2024-08-10,Seller 6728,Multan,4.1
6729,2023-06-30,Seller 6729,Lahore,3.9
6730,2025-01-24,Seller 6730,Multan,3.9
6731,2025-01-30,Seller 6731,Multan,4.9
6732,2023-03-09,Seller 6732,Faisalabad,4.3
6733,2025-08-30,Seller 6733,Lahore,4.0
6734,2024-05-17,Seller 6734,Lahore,4.9
6735,2023-08-30,Seller 6735,Faisalabad,3.8
6736,2024-08-01,Seller 6736,Lahore,4.5
6737,2024-12-23,Seller 6737,Karachi,4.0
6738,2023-07-28,Seller 6738,Multan,3.5
6739,2024-11-18,Seller 6739,Multan,4.1
6740,2024-01-26,Seller 6740,Faisalabad,3.9
6741,2024-01-30,Seller 6741,Lahore,4.0
6742,2024-07-10,Seller 6742,Islamabad,4.3
6743,2022-12-28,Seller 6743,Islamabad,3.7
6744,2024-01-06,Seller 6744,Lahore,3.9
6745,2024-01-19,Seller 6745,Karachi,4.3
6746,2024-03-18,Seller 6746,Islamabad,4.0
6747,2023-12-10,Seller 6747,Faisalabad,4.3
6748,2023-07-11,Seller 6748,Multan,3.2
6749,2024-10-07,Seller 6749,Faisalabad,4.6
6750,2025-02-13,Seller 6750,Faisalabad,4.8
6751,2024-05-24,Seller 6751,Multan,4.5
6752,2023-02-07,Seller 6752,Karachi,4.2
6753,2024-04-08,Seller 6753,Karachi,4.3
6754,2025-08-08,Seller 6754,Islamabad,4.8
6755,2025-07-23,Seller 6755,Karachi,4.3
6756,2023-05-05,Seller 6756,Faisalabad,4.2
6757,2023-09-09,Seller 6757,Multan,3.8
6758,2024-12-12,Seller 6758,Multan,3.7
6759,2023-02-04,Seller 6759,Islamabad,3.4
6760,2023-05-15,Seller 6760,Faisalabad,4.3
6761,2023-08-16,Seller 6761,Faisalabad,3.5
6762,2025-08-23,Seller 6762,Lahore,3.0
6763,2024-02-02,Seller 6763,Karachi,3.6
6764,2025-10-06,Seller 6764,Faisalabad,3.1
6765,2023-08-15,Seller 6765,Islamabad,3.0
6766,2023-04-24,Seller 6766,Lahore,4.5
6767,2024-11-07,Seller 6767,Lahore,3.8
6768,2024-08-07,Seller 6768,Karachi,3.7
6769,2023-07-30,Seller 6769,Lahore,3.3
6770,2023-12-27,Seller 6770,Multan,3.2
6771,2025-04-13,Seller 6771,Lahore,3.0
6772,2023-08-08,Seller 6772,Faisalabad,3.2
6773,2023-12-08,Seller 6773,Faisalabad,3.2
6774,2025-11-13,Seller 6774,Multan,3.8
6775,2025-01-03,Seller 6775,Lahore,3.2
6776,2024-04-26,Seller 6776,Islamabad,3.5
6777,2024-01-09,Seller 6777,Lahore,4.9
6778,2022-12-26,Seller 6778,Islamabad,4.8
6779,2024-03-01,Seller 6779,Lahore,4.3
6780,2025-09-17,Seller 6780,Islamabad,3.3
6781,2025-10-25,Seller 6781,Faisalabad,4.2
6782,2025-05-29,Seller 6782,Islamabad,4.2
6783,2023-05-27,Seller 6783,Islamabad,4.0
6784,2023-05-11,Seller 6784,Faisalabad,5.0
6785,2024-03-14,Seller 6785,Islamabad,5.0
6786,2024-11-11,Seller 6786,Multan,3.7
6787,2024-11-25,Seller 6787,Multan,4.0
6788,2024-06-28,Seller 6788,Islamabad,3.2
6789,2024-09-02,Seller 6789,Islamabad,4.4
6790,2024-08-29,Seller 6790,Faisalabad,3.9
6791,2022-12-20,Seller 6791,Lahore,4.8
6792,2024-11-27,Seller 6792,Karachi,3.8
6793,2024-03-17,Seller 6793,Multan,5.0
6794,2023-07-10,Seller 6794,Faisalabad,3.3
6795,2024-12-22,Seller 6795,Faisalabad,4.9
6796,2025-05-08,Seller 6796,Islamabad,3.1
6797,2025-03-20,Seller 6797,Faisalabad,4.4
6798,2024-06-23,Seller 6798,Multan,4.5
6799,2023-05-07,Seller 6799,Multan,3.6
6800,2024-11-09,Seller 6800,Lahore,5.0
6801,2023-09-09,Seller 6801,Karachi,4.4
6802,2024-02-22,Seller 6802,Faisalabad,4.3
6803,2023-10-17,Seller 6803,Karachi,4.3
6804,2024-03-11,Seller 6804,Lahore,3.1
6805,2025-02-07,Seller 6805,Faisalabad,3.8
6806,2023-03-28,Seller 6806,Faisalabad,3.8
6807,2024-04-10,Seller 6807,Faisalabad,3.4
6808,2024-01-03,Seller 6808,Faisalabad,4.1
6809,2024-11-22,Seller 6809,Multan,4.2
6810,2023-12-11,Seller 6810,Islamabad,4.7
6811,2025-03-16,Seller 6811,Multan,3.9
6812,2024-10-16,Seller 6812,Faisalabad,3.6
6813,2025-11-05,Seller 6813,Islamabad,3.6
6814,2025-07-12,Seller 6814,Lahore,3.4
6815,2025-12-02,Seller 6815,Faisalabad,4.9
6816,2024-08-09,Seller 6816,Karachi,3.6
6817,2025-11-20,Seller 6817,Lahore,4.9
6818,2025-03-02,Seller 6818,Multan,4.2
6819,2023-03-27,Seller 6819,Faisalabad,3.8
6820,2025-05-19,Seller 6820,Faisalabad,3.2
6821,2025-10-31,Seller 6821,Faisalabad,3.2
6822,2025-03-08,Seller 6822,Faisalabad,4.8
6823,2025-10-17,Seller 6823,Karachi,3.9
6824,2025-07-23,Seller 6824,Multan,4.8
6825,2022-12-07,Seller 6825,Faisalabad,4.9
6826,2025-08-07,Seller 6826,Islamabad,3.9
6827,2024-09-27,Seller 6827,Multan,4.4
6828,2024-07-06,Seller 6828,Faisalabad,4.8
6829,2024-11-25,Seller 6829,Multan,4.7
6830,2024-01-17,Seller 6830,Karachi,3.1
6831,2023-06-13,Seller 6831,Faisalabad,3.3
6832,2025-10-20,Seller 6832,Islamabad,4.7
6833,2024-03-19,Seller 6833,Karachi,4.7
6834,2024-01-31,Seller 6834,Lahore,5.0
6835,2024-05-23,Seller 6835,Islamabad,4.4
6836,2025-05-26,Seller 6836,Karachi,4.8
6837,2023-07-27,Seller 6837,Lahore,3.7
6838,2024-07-18,Seller 6838,Karachi,4.5
6839,2025-03-02,Seller 6839,Multan,3.4
6840,2024-05-12,Seller 6840,Faisalabad,4.3
6841,2024-03-25,Seller 6841,Lahore,4.0
6842,2025-05-26,Seller 6842,Lahore,3.2
6843,2023-10-02,Seller 6843,Karachi,4.0
6844,2023-02-08,Seller 6844,Lahore,4.3
6845,2023-04-12,Seller 6845,Lahore,3.5
6846,2023-06-11,Seller 6846,Faisalabad,3.4
6847,2024-12-03,Seller 6847,Islamabad,4.0
6848,2024-05-15,Seller 6848,Faisalabad,3.8
6849,2023-05-30,Seller 6849,Multan,3.3
6850,2023-05-28,Seller 6850,Faisalabad,3.8
6851,2025-01-26,Seller 6851,Islamabad,3.7
6852,2024-12-04,Seller 6852,Lahore,4.0
6853,2022-12-21,Seller 6853,Karachi,4.7
6854,2025-08-16,Seller 6854,Islamabad,3.2
6855,2025-03-15,Seller 6855,Islamabad,3.3
6856,2025-11-20,Seller 6856,Faisalabad,3.3
6857,2024-10-19,Seller 6857,Faisalabad,4.3
6858,2024-08-24,Seller 6858,Multan,4.4
6859,2023-12-24,Seller 6859,Karachi,4.3
6860,2024-03-21,Seller 6860,Lahore,3.3
6861,2023-10-13,Seller 6861,Karachi,5.0
6862,2023-01-04,Seller 6862,Faisalabad,4.2
6863,2025-06-14,Seller 6863,Multan,4.3
6864,2024-07-03,Seller 6864,Islamabad,3.5
6865,2025-02-24,Seller 6865,Multan,3.4
6866,2023-05-23,Seller 6866,Faisalabad,3.6
6867,2023-06-08,Seller 6867,Islamabad,3.1
6868,2023-01-11,Seller 6868,Lahore,4.0
6869,2023-05-21,Seller 6869,Lahore,4.9
6870,2025-05-02,Seller 6870,Multan,3.5
6871,2024-11-14,Seller 6871,Multan,3.5
6872,2025-02-13,Seller 6872,Lahore,3.8
6873,2025-09-28,Seller 6873,Multan,4.3
6874,2025-11-08,Seller 6874,Islamabad,4.6
6875,2024-09-18,Seller 6875,Lahore,3.5
6876,2023-06-12,Seller 6876,Islamabad,4.9
6877,2022-12-16,Seller 6877,Lahore,4.7
6878,2025-08-20,Seller 6878,Faisalabad,4.4
6879,2024-11-12,Seller 6879,Multan,3.5
6880,2025-05-12,Seller 6880,Lahore,3.5
6881,2023-12-11,Seller 6881,Multan,4.2
6882,2025-01-13,Seller 6882,Faisalabad,4.0
6883,2022-12-21,Seller 6883,Multan,3.6
6884,2023-11-23,Seller 6884,Multan,3.5
6885,2023-06-22,Seller 6885,Faisalabad,3.1
6886,2024-06-10,Seller 6886,Karachi,4.5
6887,2024-01-18,Seller 6887,Multan,3.2
6888,2024-11-10,Seller 6888,Islamabad,4.1
6889,2023-07-19,Seller 6889,Lahore,3.6
6890,2024-04-18,Seller 6890,Multan,4.0
6891,2024-09-05,Seller 6891,Islamabad,4.7
6892,2023-07-01,Seller 6892,Faisalabad,4.4
6893,2024-01-08,Seller 6893,Islamabad,3.3
6894,2025-01-02,Seller 6894,Islamabad,3.6
6895,2025-04-19,Seller 6895,Karachi,4.4
6896,2023-06-08,Seller 6896,Lahore,4.0
6897,2024-10-20,Seller 6897,Islamabad,3.4
6898,2023-01-28,Seller 6898,Faisalabad,3.5
6899,2024-12-03,Seller 6899,Islamabad,4.4
6900,2024-06-06,Seller 6900,Karachi,3.6
6901,2024-03-28,Seller 6901,Lahore,4.6
6902,2023-05-13,Seller 6902,Lahore,4.6
6903,2024-04-10,Seller 6903,Lahore,3.3
6904,2024-04-01,Seller 6904,Karachi,3.5
6905,2024-10-03,Seller 6905,Karachi,3.4
6906,2025-02-10,Seller 6906,Faisalabad,3.0
6907,2024-04-09,Seller 6907,Faisalabad,4.4
6908,2025-05-29,Seller 6908,Faisalabad,4.3
6909,2025-04-05,Seller 6909,Faisalabad,4.7
6910,2023-10-28,Seller 6910,Karachi,4.1
6911,2024-06-30,Seller 6911,Multan,3.1
6912,2024-02-11,Seller 6912,Multan,3.3
6913,2023-07-10,Seller 6913,Karachi,3.4
6914,2024-03-31,Seller 6914,Karachi,3.1
6915,2025-09-16,Seller 6915,Multan,4.5
6916,2024-08-17,Seller 6916,Multan,4.6
6917,2024-04-26,Seller 6917,Multan,4.8
6918,2025-09-26,Seller 6918,Multan,4.8
6919,2025-06-10,Seller 6919,Lahore,4.8
6920,2024-08-09,Seller 6920,Karachi,3.9
6921,2025-07-17,Seller 6921,Multan,3.9
6922,2023-02-15,Seller 6922,Multan,3.2
6923,2024-12-30,Seller 6923,Karachi,3.8
6924,2023-11-14,Seller 6924,Lahore,4.6
6925,2024-12-14,Seller 6925,Multan,3.1
6926,2025-03-11,Seller 6926,Islamabad,3.5
6927,2025-02-10,Seller 6927,Multan,4.2
6928,2025-06-18,Seller 6928,Multan,3.7
6929,2023-10-01,Seller 6929,Karachi,3.2
6930,2023-08-29,Seller 6930,Lahore,3.2
6931,2024-01-17,Seller 6931,Lahore,3.4
6932,2024-04-05,Seller 6932,Lahore,4.0
6933,2025-11-19,Seller 6933,Faisalabad,3.7
6934,2023-06-09,Seller 6934,Islamabad,4.2
6935,2025-11-05,Seller 6935,Karachi,3.7
6936,2025-07-19,Seller 6936,Faisalabad,4.2
6937,2024-11-03,Seller 6937,Faisalabad,4.0
6938,2024-10-04,Seller 6938,Lahore,4.0
6939,2023-10-08,Seller 6939,Lahore,4.9
6940,2025-06-15,Seller 6940,Faisalabad,4.0
6941,2024-06-27,Seller 6941,Faisalabad,4.6
6942,2025-11-25,Seller 6942,Karachi,3.3
6943,2023-01-31,Seller 6943,Lahore,4.8
6944,2025-01-14,Seller 6944,Islamabad,4.6
6945,2024-10-13,Seller 6945,Lahore,4.7
6946,2024-12-25,Seller 6946,Faisalabad,4.4
6947,2024-08-12,Seller 6947,Islamabad,3.2
6948,2024-04-15,Seller 6948,Faisalabad,4.4
6949,2024-07-18,Seller 6949,Karachi,3.1
6950,2025-11-07,Seller 6950,Islamabad,3.3
6951,2024-12-30,Seller 6951,Faisalabad,4.8
6952,2023-03-30,Seller 6952,Multan,3.4
6953,2023-03-11,Seller 6953,Islamabad,4.8
6954,2023-10-17,Seller 6954,Islamabad,4.1
6955,2024-03-15,Seller 6955,Faisalabad,3.8
6956,2025-01-31,Seller 6956,Lahore,4.7
6957,2024-09-11,Seller 6957,Faisalabad,3.8
6958,2024-05-17,Seller 6958,Faisalabad,3.1
6959,2024-07-15,Seller 6959,Islamabad,3.5
6960,2024-06-27,Seller 6960,Lahore,4.2
6961,2024-02-28,Seller 6961,Karachi,3.5
6962,2025-02-03,Seller 6962,Islamabad,4.4
6963,2023-05-07,Seller 6963,Lahore,4.7
6964,2024-12-15,Seller 6964,Islamabad,3.3
6965,2024-05-24,Seller 6965,Islamabad,4.6
6966,2024-09-08,Seller 6966,Faisalabad,3.4
6967,2024-06-23,Seller 6967,Karachi,4.6
6968,2024-04-22,Seller 6968,Islamabad,4.2
6969,2023-07-05,Seller 6969,Faisalabad,4.1
6970,2024-07-05,Seller 6970,Lahore,4.8
6971,2023-05-10,Seller 6971,Lahore,3.9
6972,2023-09-06,Seller 6972,Multan,4.0
6973,2023-04-10,Seller 6973,Karachi,3.3
6974,2024-04-20,Seller 6974,Karachi,3.3
6975,2023-11-14,Seller 6975,Karachi,4.4
6976,2023-09-15,Seller 6976,Lahore,3.9
6977,2024-07-02,Seller 6977,Lahore,4.4
6978,2025-04-08,Seller 6978,Lahore,4.7
6979,2024-03-27,Seller 6979,Karachi,3.8
6980,2023-04-12,Seller 6980,Lahore,4.1
6981,2024-07-01,Seller 6981,Islamabad,3.5
6982,2025-06-07,Seller 6982,Karachi,3.8
6983,2024-04-25,Seller 6983,Karachi,3.6
6984,2025-05-04,Seller 6984,Faisalabad,3.5
6985,2025-04-10,Seller 6985,Multan,4.8
6986,2023-06-21,Seller 6986,Faisalabad,3.3
6987,2023-07-26,Seller 6987,Lahore,3.7
6988,2024-07-26,Seller 6988,Faisalabad,3.6
6989,2025-06-10,Seller 6989,Multan,3.5
6990,2023-09-28,Seller 6990,Islamabad,3.9
6991,2024-05-10,Seller 6991,Karachi,5.0
6992,2023-04-26,Seller 6992,Faisalabad,4.3
6993,2024-07-17,Seller 6993,Islamabad,3.6
6994,2024-05-25,Seller 6994,Faisalabad,4.6
6995,2023-09-10,Seller 6995,Multan,3.8
6996,2025-08-23,Seller 6996,Multan,4.0
6997,2024-04-16,Seller 6997,Multan,3.6
6998,2024-05-16,Seller 6998,Islamabad,4.5
6999,2024-03-14,Seller 6999,Islamabad,3.6
7000,2024-07-11,Seller 7000,Multan,4.8
7001,2023-07-29,Seller 7001,Islamabad,3.5
7002,2024-08-13,Seller 7002,Islamabad,3.8
7003,2023-07-11,Seller 7003,Faisalabad,3.9
7004,2024-01-21,Seller 7004,Faisalabad,4.4
7005,2025-01-05,Seller 7005,Faisalabad,3.2
7006,2024-05-12,Seller 7006,Multan,4.2
7007,2023-07-01,Seller 7007,Karachi,4.8
7008,2023-01-29,Seller 7008,Faisalabad,3.2
7009,2025-10-20,Seller 7009,Karachi,3.6
7010,2025-04-21,Seller 7010,Multan,4.0
7011,2025-01-25,Seller 7011,Multan,3.3
7012,2024-10-27,Seller 7012,Faisalabad,5.0
7013,2024-04-21,Seller 7013,Faisalabad,3.4
7014,2023-03-11,Seller 7014,Lahore,3.3
7015,2023-12-17,Seller 7015,Faisalabad,4.8
7016,2023-01-30,Seller 7016,Multan,4.8
7017,2025-11-18,Seller 7017,Karachi,3.3
7018,2024-02-08,Seller 7018,Lahore,3.9
7019,2025-09-08,Seller 7019,Multan,3.8
7020,2025-01-28,Seller 7020,Islamabad,4.3
7021,2023-07-08,Seller 7021,Islamabad,4.7
7022,2025-07-14,Seller 7022,Islamabad,4.9
7023,2023-10-18,Seller 7023,Multan,3.3
7024,2023-09-16,Seller 7024,Lahore,4.5
7025,2024-09-17,Seller 7025,Faisalabad,3.3
7026,2022-12-28,Seller 7026,Lahore,4.1
7027,2024-07-29,Seller 7027,Karachi,4.0
7028,2023-03-13,Seller 7028,Faisalabad,3.9
7029,2023-09-07,Seller 7029,Islamabad,3.1
7030,2024-07-09,Seller 7030,Faisalabad,4.7
7031,2025-01-07,Seller 7031,Islamabad,4.1
7032,2024-05-06,Seller 7032,Lahore,3.9
7033,2025-10-09,Seller 7033,Multan,3.8
7034,2024-05-30,Seller 7034,Islamabad,3.6
7035,2023-08-22,Seller 7035,Islamabad,3.8
7036,2025-07-08,Seller 7036,Faisalabad,3.9
7037,2024-07-28,Seller 7037,Islamabad,4.1
7038,2023-04-21,Seller 7038,Islamabad,4.5
7039,2024-05-23,Seller 7039,Islamabad,3.7
7040,2024-12-12,Seller 7040,Lahore,3.8
7041,2025-01-25,Seller 7041,Multan,3.3
7042,2023-07-03,Seller 7042,Islamabad,4.0
7043,2025-08-03,Seller 7043,Karachi,3.5
7044,2025-04-16,Seller 7044,Karachi,3.4
7045,2022-12-18,Seller 7045,Faisalabad,3.3
7046,2023-07-14,Seller 7046,Islamabad,4.0
7047,2025-08-03,Seller 7047,Karachi,4.1
7048,2023-11-11,Seller 7048,Faisalabad,3.9
7049,2023-07-22,Seller 7049,Islamabad,4.4
7050,2025-07-11,Seller 7050,Lahore,5.0
7051,2024-09-08,Seller 7051,Faisalabad,4.9
7052,2025-10-22,Seller 7052,Lahore,3.0
7053,2024-10-22,Seller 7053,Multan,3.8
7054,2025-01-23,Seller 7054,Multan,3.7
7055,2024-08-06,Seller 7055,Lahore,4.1
7056,2024-03-07,Seller 7056,Islamabad,4.1
7057,2024-03-31,Seller 7057,Islamabad,3.5
7058,2023-03-02,Seller 7058,Faisalabad,3.3
7059,2023-09-26,Seller 7059,Faisalabad,3.4
7060,2023-03-18,Seller 7060,Lahore,3.7
7061,2023-04-15,Seller 7061,Karachi,3.3
7062,2024-03-23,Seller 7062,Faisalabad,3.0
7063,2023-09-16,Seller 7063,Islamabad,3.9
7064,2023-03-02,Seller 7064,Islamabad,4.4
7065,2024-10-18,Seller 7065,Karachi,3.4
7066,2024-05-17,Seller 7066,Karachi,4.0
7067,2023-01-16,Seller 7067,Karachi,3.1
7068,2024-07-25,Seller 7068,Lahore,3.3
7069,2024-02-29,Seller 7069,Karachi,4.6
7070,2024-03-23,Seller 7070,Karachi,4.9
7071,2025-07-13,Seller 7071,Multan,3.4
7072,2023-03-07,Seller 7072,Islamabad,4.5
7073,2025-02-19,Seller 7073,Islamabad,3.4
7074,2023-02-28,Seller 7074,Islamabad,3.8
7075,2024-08-10,Seller 7075,Multan,3.1
7076,2024-02-24,Seller 7076,Faisalabad,3.4
7077,2023-08-24,Seller 7077,Faisalabad,3.1
7078,2025-06-19,Seller 7078,Faisalabad,4.8
7079,2025-01-22,Seller 7079,Lahore,4.2
7080,2024-05-30,Seller 7080,Islamabad,3.9
7081,2023-01-28,Seller 7081,Multan,4.0
7082,2024-09-04,Seller 7082,Karachi,3.6
7083,2024-10-12,Seller 7083,Faisalabad,4.2
7084,2024-06-17,Seller 7084,Faisalabad,3.4
7085,2024-02-24,Seller 7085,Islamabad,4.6
7086,2025-02-25,Seller 7086,Multan,4.4
7087,2024-05-21,Seller 7087,Karachi,3.9
7088,2024-02-16,Seller 7088,Faisalabad,4.8
7089,2024-03-25,Seller 7089,Multan,3.6
7090,2023-01-02,Seller 7090,Karachi,3.8
7091,2024-07-26,Seller 7091,Faisalabad,4.5
7092,2024-03-16,Seller 7092,Karachi,4.0
7093,2023-06-15,Seller 7093,Karachi,3.5
7094,2023-12-08,Seller 7094,Multan,4.0
7095,2024-07-27,Seller 7095,Faisalabad,4.0
7096,2023-12-30,Seller 7096,Karachi,3.1
7097,2024-02-05,Seller 7097,Lahore,3.7
7098,2025-09-14,Seller 7098,Karachi,4.7
7099,2023-09-24,Seller 7099,Faisalabad,4.8
7100,2025-03-10,Seller 7100,Karachi,4.5
7101,2025-07-30,Seller 7101,Faisalabad,4.5
7102,2025-09-04,Seller 7102,Multan,4.0
7103,2023-02-28,Seller 7103,Multan,3.6
7104,2023-02-07,Seller 7104,Karachi,4.2
7105,2023-09-17,Seller 7105,Multan,3.5
7106,2025-05-16,Seller 7106,Islamabad,4.4
7107,2024-01-04,Seller 7107,Islamabad,3.2
7108,2024-03-15,Seller 7108,Karachi,3.2
7109,2024-11-02,Seller 7109,Islamabad,3.2
7110,2025-01-03,Seller 7110,Karachi,4.7
7111,2023-05-22,Seller 7111,Karachi,3.1
7112,2023-03-21,Seller 7112,Islamabad,5.0
7113,2024-08-11,Seller 7113,Islamabad,4.1
7114,2025-02-28,Seller 7114,Lahore,4.8
7115,2025-01-24,Seller 7115,Multan,3.2
7116,2025-03-18,Seller 7116,Lahore,4.5
7117,2024-08-01,Seller 7117,Karachi,3.2
7118,2023-05-06,Seller 7118,Multan,4.5
7119,2024-11-09,Seller 7119,Faisalabad,4.5
7120,2025-09-12,Seller 7120,Faisalabad,4.4
7121,2024-07-31,Seller 7121,Karachi,4.6
7122,2024-10-06,Seller 7122,Lahore,3.7
7123,2024-11-25,Seller 7123,Karachi,3.7
7124,2023-03-05,Seller 7124,Islamabad,3.8
7125,2025-10-03,Seller 7125,Islamabad,4.7
7126,2023-11-18,Seller 7126,Faisalabad,3.2
7127,2023-12-02,Seller 7127,Multan,4.1
7128,2025-01-10,Seller 7128,Faisalabad,3.4
7129,2025-04-26,Seller 7129,Lahore,4.3
7130,2025-09-14,Seller 7130,Faisalabad,3.5
7131,2025-06-03,Seller 7131,Islamabad,4.8
7132,2025-06-06,Seller 7132,Karachi,4.8
7133,2025-02-28,Seller 7133,Islamabad,4.4
7134,2025-01-30,Seller 7134,Karachi,4.5
7135,2023-03-09,Seller 7135,Karachi,3.8
7136,2024-04-24,Seller 7136,Lahore,3.9
7137,2024-12-02,Seller 7137,Faisalabad,3.6
7138,2024-11-02,Seller 7138,Multan,3.7
7139,2023-09-16,Seller 7139,Faisalabad,3.9
7140,2025-06-09,Seller 7140,Islamabad,3.8
7141,2024-04-11,Seller 7141,Multan,3.3
7142,2024-05-04,Seller 7142,Islamabad,3.6
7143,2025-03-12,Seller 7143,Faisalabad,4.2
7144,2023-01-30,Seller 7144,Islamabad,3.7
7145,2024-02-17,Seller 7145,Lahore,4.7
7146,2025-02-15,Seller 7146,Multan,4.0
7147,2025-05-09,Seller 7147,Lahore,3.7
7148,2024-02-24,Seller 7148,Karachi,4.1
7149,2023-03-10,Seller 7149,Multan,4.3
7150,2023-05-23,Seller 7150,Multan,3.7
7151,2025-09-06,Seller 7151,Faisalabad,4.1
7152,2024-03-26,Seller 7152,Faisalabad,3.9
7153,2024-12-15,Seller 7153,Lahore,4.4
7154,2023-10-31,Seller 7154,Islamabad,4.1
7155,2024-06-24,Seller 7155,Multan,3.9
7156,2024-10-29,Seller 7156,Islamabad,4.9
7157,2023-04-20,Seller 7157,Lahore,4.3
7158,2025-01-30,Seller 7158,Faisalabad,3.5
7159,2025-04-23,Seller 7159,Karachi,4.8
7160,2025-07-24,Seller 7160,Karachi,4.3
7161,2024-11-15,Seller 7161,Multan,3.3
7162,2024-03-02,Seller 7162,Multan,4.4
7163,2024-03-28,Seller 7163,Karachi,3.3
7164,2024-08-11,Seller 7164,Lahore,4.9
7165,2025-01-25,Seller 7165,Faisalabad,4.8
7166,2024-10-03,Seller 7166,Lahore,3.6
7167,2024-08-03,Seller 7167,Faisalabad,3.3
7168,2023-08-26,Seller 7168,Faisalabad,3.2
7169,2023-08-28,Seller 7169,Karachi,3.2
7170,2023-03-23,Seller 7170,Lahore,3.1
7171,2025-03-16,Seller 7171,Islamabad,4.0
7172,2023-02-10,Seller 7172,Faisalabad,3.5
7173,2024-07-07,Seller 7173,Islamabad,4.9
7174,2025-06-12,Seller 7174,Islamabad,3.5
7175,2025-03-03,Seller 7175,Islamabad,4.7
7176,2024-11-06,Seller 7176,Islamabad,4.8
7177,2023-04-07,Seller 7177,Karachi,4.9
7178,2023-08-13,Seller 7178,Lahore,4.1
7179,2025-02-01,Seller 7179,Karachi,3.5
7180,2024-04-02,Seller 7180,Faisalabad,4.5
7181,2023-08-20,Seller 7181,Karachi,3.1
7182,2024-06-27,Seller 7182,Faisalabad,3.8
7183,2023-01-09,Seller 7183,Faisalabad,3.7
7184,2023-07-06,Seller 7184,Karachi,3.5
7185,2023-11-08,Seller 7185,Lahore,4.4
7186,2024-05-26,Seller 7186,Karachi,5.0
7187,2023-08-16,Seller 7187,Faisalabad,4.6
7188,2024-07-06,Seller 7188,Karachi,4.1
7189,2025-04-18,Seller 7189,Karachi,3.9
7190,2024-04-22,Seller 7190,Islamabad,4.1
7191,2025-07-23,Seller 7191,Islamabad,3.2
7192,2025-01-10,Seller 7192,Lahore,4.4
7193,2025-03-10,Seller 7193,Karachi,4.1
7194,2023-10-17,Seller 7194,Karachi,4.5
7195,2023-01-19,Seller 7195,Lahore,4.3
7196,2024-02-22,Seller 7196,Islamabad,4.7
7197,2025-01-03,Seller 7197,Lahore,4.9
7198,2023-05-17,Seller 7198,Lahore,3.1
7199,2024-10-05,Seller 7199,Faisalabad,4.2
7200,2024-12-24,Seller 7200,Karachi,3.6
7201,2023-11-01,Seller 7201,Faisalabad,3.8
7202,2025-02-26,Seller 7202,Faisalabad,4.3
7203,2024-10-01,Seller 7203,Islamabad,3.1
7204,2023-10-21,Seller 7204,Islamabad,4.4
7205,2024-06-25,Seller 7205,Multan,3.7
7206,2025-04-24,Seller 7206,Islamabad,4.8
7207,2023-01-22,Seller 7207,Faisalabad,3.8
7208,2023-04-01,Seller 7208,Multan,4.3
7209,2024-12-20,Seller 7209,Islamabad,4.2
7210,2023-03-02,Seller 7210,Lahore,3.0
7211,2023-10-23,Seller 7211,Islamabad,3.3
7212,2024-02-10,Seller 7212,Faisalabad,3.6
7213,2025-11-21,Seller 7213,Multan,3.9
7214,2024-04-04,Seller 7214,Multan,4.3
7215,2024-11-02,Seller 7215,Lahore,3.3
7216,2024-09-17,Seller 7216,Faisalabad,4.9
7217,2024-11-22,Seller 7217,Karachi,4.6
7218,2024-02-17,Seller 7218,Karachi,4.0
7219,2024-11-04,Seller 7219,Islamabad,3.6
7220,2023-08-02,Seller 7220,Faisalabad,3.8
7221,2024-08-26,Seller 7221,Karachi,3.8
7222,2025-04-15,Seller 7222,Multan,3.8
7223,2023-09-30,Seller 7223,Karachi,4.3
7224,2024-04-19,Seller 7224,Lahore,3.6
7225,2025-08-28,Seller 7225,Multan,4.4
7226,2024-04-24,Seller 7226,Karachi,3.0
7227,2023-01-01,Seller 7227,Multan,4.6
7228,2024-05-04,Seller 7228,Lahore,4.9
7229,2025-05-02,Seller 7229,Multan,3.1
7230,2025-01-26,Seller 7230,Faisalabad,4.0
7231,2023-01-02,Seller 7231,Karachi,4.1
7232,2024-09-15,Seller 7232,Karachi,4.5
7233,2024-01-01,Seller 7233,Karachi,3.9
7234,2024-01-24,Seller 7234,Karachi,3.6
7235,2025-08-21,Seller 7235,Islamabad,4.7
7236,2023-07-16,Seller 7236,Lahore,3.2
7237,2025-10-04,Seller 7237,Karachi,4.1
7238,2023-04-29,Seller 7238,Faisalabad,3.9
7239,2024-06-14,Seller 7239,Faisalabad,3.5
7240,2024-08-28,Seller 7240,Multan,3.9
7241,2024-04-25,Seller 7241,Islamabad,4.7
7242,2025-06-26,Seller 7242,Karachi,3.8
7243,2025-08-11,Seller 7243,Multan,4.9
7244,2025-07-15,Seller 7244,Lahore,3.3
7245,2025-10-07,Seller 7245,Multan,4.1
7246,2025-07-24,Seller 7246,Faisalabad,3.8
7247,2025-11-21,Seller 7247,Lahore,3.0
7248,2023-11-26,Seller 7248,Lahore,4.2
7249,2024-08-20,Seller 7249,Faisalabad,4.4
7250,2023-07-25,Seller 7250,Multan,3.3
7251,2023-01-25,Seller 7251,Lahore,3.8
7252,2025-06-23,Seller 7252,Faisalabad,3.5
7253,2024-12-10,Seller 7253,Islamabad,4.4
7254,2025-06-14,Seller 7254,Multan,4.3
7255,2024-01-09,Seller 7255,Faisalabad,3.6
7256,2023-01-28,Seller 7256,Faisalabad,4.9
7257,2023-04-28,Seller 7257,Karachi,4.6
7258,2024-08-01,Seller 7258,Faisalabad,3.7
7259,2023-02-03,Seller 7259,Islamabad,3.4
7260,2024-12-07,Seller 7260,Lahore,4.3
7261,2025-12-01,Seller 7261,Islamabad,4.5
7262,2024-02-19,Seller 7262,Faisalabad,4.1
7263,2024-02-02,Seller 7263,Karachi,4.5
7264,2025-11-09,Seller 7264,Lahore,4.4
7265,2023-03-06,Seller 7265,Faisalabad,3.2
7266,2024-08-24,Seller 7266,Islamabad,3.7
7267,2025-02-19,Seller 7267,Lahore,3.6
7268,2025-08-05,Seller 7268,Lahore,3.5
7269,2024-02-09,Seller 7269,Islamabad,3.7
7270,2025-09-16,Seller 7270,Islamabad,3.9
7271,2025-05-25,Seller 7271,Lahore,3.0
7272,2024-02-16,Seller 7272,Multan,3.6
7273,2024-08-13,Seller 7273,Faisalabad,4.0
7274,2023-07-22,Seller 7274,Karachi,3.3
7275,2025-01-29,Seller 7275,Multan,3.2
7276,2025-03-13,Seller 7276,Islamabad,3.9
7277,2025-01-05,Seller 7277,Faisalabad,3.8
7278,2024-11-14,Seller 7278,Faisalabad,4.2
7279,2023-10-04,Seller 7279,Multan,3.8
7280,2025-07-15,Seller 7280,Karachi,4.7
7281,2023-12-22,Seller 7281,Karachi,3.8
7282,2024-05-10,Seller 7282,Lahore,4.8
7283,2024-12-01,Seller 7283,Faisalabad,3.5
7284,2025-07-01,Seller 7284,Karachi,3.5
7285,2025-05-29,Seller 7285,Multan,3.7
7286,2025-05-15,Seller 7286,Faisalabad,5.0
7287,2023-01-06,Seller 7287,Faisalabad,3.5
7288,2025-02-11,Seller 7288,Multan,4.5
7289,2023-02-08,Seller 7289,Islamabad,3.9
7290,2024-09-09,Seller 7290,Karachi,3.7
7291,2023-05-22,Seller 7291,Multan,4.8
7292,2023-01-22,Seller 7292,Karachi,4.6
7293,2024-10-02,Seller 7293,Lahore,3.4
7294,2025-04-01,Seller 7294,Karachi,4.8
7295,2025-06-26,Seller 7295,Multan,3.1
7296,2024-02-14,Seller 7296,Lahore,3.3
7297,2025-08-12,Seller 7297,Lahore,3.3
7298,2023-01-28,Seller 7298,Karachi,4.0
7299,2024-08-10,Seller 7299,Islamabad,4.5
7300,2023-02-11,Seller 7300,Multan,4.5
7301,2023-05-27,Seller 7301,Karachi,4.8
7302,2024-08-07,Seller 7302,Faisalabad,4.9
7303,2024-05-18,Seller 7303,Lahore,3.7
7304,2023-01-06,Seller 7304,Lahore,3.2
7305,2023-07-09,Seller 7305,Multan,3.1
7306,2023-04-16,Seller 7306,Karachi,4.9
7307,2025-01-29,Seller 7307,Karachi,4.6
7308,2024-11-18,Seller 7308,Karachi,3.1
7309,2023-11-21,Seller 7309,Karachi,4.8
7310,2024-02-21,Seller 7310,Lahore,3.4
7311,2025-05-28,Seller 7311,Multan,3.4
7312,2025-01-02,Seller 7312,Multan,4.3
7313,2025-09-28,Seller 7313,Lahore,3.4
7314,2023-06-11,Seller 7314,Multan,4.1
7315,2023-12-15,Seller 7315,Karachi,4.6
7316,2025-02-15,Seller 7316,Islamabad,4.4
7317,2024-02-16,Seller 7317,Karachi,4.5
7318,2025-08-12,Seller 7318,Karachi,3.1
7319,2024-08-20,Seller 7319,Faisalabad,4.3
7320,2024-12-17,Seller 7320,Multan,3.8
7321,2023-07-05,Seller 7321,Islamabad,4.9
7322,2024-01-26,Seller 7322,Lahore,4.8
7323,2023-12-07,Seller 7323,Faisalabad,4.7
7324,2023-02-14,Seller 7324,Islamabad,4.3
7325,2024-05-15,Seller 7325,Multan,3.4
7326,2024-02-09,Seller 7326,Lahore,4.7
7327,2025-06-03,Seller 7327,Multan,3.6
7328,2023-09-05,Seller 7328,Karachi,4.9
7329,2023-08-22,Seller 7329,Karachi,3.8
7330,2023-08-26,Seller 7330,Karachi,3.2
7331,2024-09-29,Seller 7331,Faisalabad,4.2
7332,2024-06-25,Seller 7332,Faisalabad,3.8
7333,2023-11-28,Seller 7333,Islamabad,4.2
7334,2025-07-01,Seller 7334,Lahore,3.8
7335,2025-10-24,Seller 7335,Karachi,4.9
7336,2024-06-02,Seller 7336,Lahore,4.0
7337,2024-06-13,Seller 7337,Multan,3.9
7338,2025-06-23,Seller 7338,Lahore,3.6
7339,2024-02-19,Seller 7339,Faisalabad,4.1
7340,2024-02-14,Seller 7340,Faisalabad,4.8
7341,2024-10-19,Seller 7341,Faisalabad,3.4
7342,2024-02-07,Seller 7342,Karachi,4.4
7343,2023-08-15,Seller 7343,Islamabad,4.8
7344,2024-05-15,Seller 7344,Lahore,4.7
7345,2024-07-07,Seller 7345,Karachi,3.4
7346,2024-09-24,Seller 7346,Faisalabad,3.8
7347,2025-01-20,Seller 7347,Karachi,4.8
7348,2025-02-05,Seller 7348,Karachi,4.4
7349,2025-03-29,Seller 7349,Multan,3.4
7350,2025-04-24,Seller 7350,Karachi,4.7
7351,2023-07-30,Seller 7351,Karachi,4.5
7352,2025-11-27,Seller 7352,Faisalabad,4.8
7353,2025-09-29,Seller 7353,Faisalabad,4.3
7354,2025-05-28,Seller 7354,Karachi,4.3
7355,2023-10-21,Seller 7355,Islamabad,3.3
7356,2023-12-01,Seller 7356,Karachi,3.1
7357,2025-05-21,Seller 7357,Multan,3.3
7358,2025-03-26,Seller 7358,Karachi,3.5
7359,2025-11-06,Seller 7359,Faisalabad,3.8
7360,2023-03-24,Seller 7360,Lahore,3.7
7361,2025-06-04,Seller 7361,Karachi,3.7
7362,2023-01-02,Seller 7362,Karachi,4.5
7363,2025-08-26,Seller 7363,Islamabad,3.9
7364,2024-01-05,Seller 7364,Karachi,4.4
7365,2024-09-07,Seller 7365,Lahore,3.5
7366,2025-09-07,Seller 7366,Faisalabad,4.8
7367,2024-11-01,Seller 7367,Multan,3.8
7368,2023-07-06,Seller 7368,Faisalabad,3.9
7369,2024-01-20,Seller 7369,Karachi,4.1
7370,2024-11-18,Seller 7370,Multan,3.5
7371,2023-08-22,Seller 7371,Islamabad,4.7
7372,2025-03-09,Seller 7372,Faisalabad,4.2
7373,2023-10-26,Seller 7373,Faisalabad,4.7
7374,2024-08-20,Seller 7374,Karachi,3.8
7375,2025-05-23,Seller 7375,Faisalabad,4.9
7376,2024-03-10,Seller 7376,Islamabad,4.4
7377,2023-01-11,Seller 7377,Lahore,3.3
7378,2024-12-07,Seller 7378,Islamabad,3.5
7379,2024-04-20,Seller 7379,Islamabad,4.1
7380,2025-11-23,Seller 7380,Multan,3.7
7381,2025-09-05,Seller 7381,Karachi,4.2
7382,2024-03-08,Seller 7382,Islamabad,3.7
7383,2024-03-26,Seller 7383,Faisalabad,3.0
7384,2024-11-24,Seller 7384,Lahore,4.2
7385,2024-04-20,Seller 7385,Karachi,4.7
7386,2023-08-03,Seller 7386,Lahore,4.9
7387,2024-04-11,Seller 7387,Faisalabad,3.5
7388,2024-04-18,Seller 7388,Faisalabad,4.1
7389,2024-08-28,Seller 7389,Lahore,3.4
7390,2025-01-01,Seller 7390,Lahore,4.8
7391,2024-12-03,Seller 7391,Lahore,4.7
7392,2023-02-08,Seller 7392,Lahore,4.1
7393,2025-01-08,Seller 7393,Islamabad,3.0
7394,2025-02-24,Seller 7394,Islamabad,4.0
7395,2024-08-26,Seller 7395,Lahore,4.1
7396,2024-08-07,Seller 7396,Islamabad,4.5
7397,2024-06-16,Seller 7397,Islamabad,3.7
7398,2024-09-21,Seller 7398,Islamabad,3.3
7399,2024-01-17,Seller 7399,Lahore,3.1
7400,2025-06-19,Seller 7400,Karachi,3.8
7401,2023-10-11,Seller 7401,Faisalabad,4.8
7402,2024-06-21,Seller 7402,Faisalabad,4.2
7403,2024-12-30,Seller 7403,Islamabad,4.3
7404,2024-12-05,Seller 7404,Faisalabad,3.9
7405,2025-03-17,Seller 7405,Lahore,3.1
7406,2024-08-27,Seller 7406,Karachi,3.4
7407,2025-10-18,Seller 7407,Karachi,4.2
7408,2024-07-23,Seller 7408,Karachi,4.0
7409,2025-06-28,Seller 7409,Lahore,4.5
7410,2025-06-21,Seller 7410,Karachi,4.0
7411,2025-07-18,Seller 7411,Karachi,4.6
7412,2023-12-07,Seller 7412,Lahore,4.3
7413,2025-01-10,Seller 7413,Karachi,3.4
7414,2023-02-08,Seller 7414,Multan,4.2
7415,2024-03-29,Seller 7415,Multan,4.2
7416,2023-10-12,Seller 7416,Multan,4.0
7417,2024-12-06,Seller 7417,Multan,4.0
7418,2024-06-07,Seller 7418,Lahore,3.6
7419,2023-03-17,Seller 7419,Islamabad,4.2
7420,2024-08-08,Seller 7420,Karachi,4.8
7421,2025-08-21,Seller 7421,Multan,5.0
7422,2025-05-16,Seller 7422,Islamabad,4.4
7423,2024-10-04,Seller 7423,Islamabad,5.0
7424,2023-07-27,Seller 7424,Karachi,3.3
7425,2023-12-21,Seller 7425,Faisalabad,4.3
7426,2023-09-23,Seller 7426,Lahore,3.0
7427,2025-01-25,Seller 7427,Faisalabad,4.1
7428,2025-05-17,Seller 7428,Karachi,3.3
7429,2023-10-13,Seller 7429,Faisalabad,4.0
7430,2024-07-27,Seller 7430,Islamabad,3.1
7431,2024-05-13,Seller 7431,Lahore,4.9
7432,2025-03-14,Seller 7432,Islamabad,3.9
7433,2025-03-12,Seller 7433,Karachi,3.3
7434,2025-10-27,Seller 7434,Faisalabad,3.8
7435,2024-07-28,Seller 7435,Karachi,3.1
7436,2025-09-25,Seller 7436,Islamabad,3.0
7437,2024-11-02,Seller 7437,Karachi,4.9
7438,2023-12-02,Seller 7438,Islamabad,4.7
7439,2024-01-28,Seller 7439,Islamabad,3.2
7440,2024-05-15,Seller 7440,Multan,4.0
7441,2025-10-24,Seller 7441,Multan,4.4
7442,2023-07-23,Seller 7442,Lahore,3.8
7443,2025-05-17,Seller 7443,Lahore,3.5
7444,2025-01-31,Seller 7444,Faisalabad,3.6
7445,2025-07-26,Seller 7445,Islamabad,3.2
7446,2023-02-13,Seller 7446,Islamabad,3.3
7447,2024-07-09,Seller 7447,Lahore,4.2
7448,2024-08-25,Seller 7448,Lahore,4.9
7449,2025-04-18,Seller 7449,Multan,3.5
7450,2025-09-18,Seller 7450,Islamabad,4.3
7451,2023-10-01,Seller 7451,Faisalabad,3.6
7452,2024-12-14,Seller 7452,Karachi,5.0
7453,2025-03-24,Seller 7453,Karachi,4.3
7454,2023-09-13,Seller 7454,Lahore,3.0
7455,2023-05-20,Seller 7455,Faisalabad,3.7
7456,2023-11-02,Seller 7456,Lahore,3.1
7457,2024-01-29,Seller 7457,Lahore,3.7
7458,2023-12-09,Seller 7458,Multan,3.1
7459,2024-06-20,Seller 7459,Lahore,3.6
7460,2023-10-10,Seller 7460,Faisalabad,3.4
7461,2023-01-10,Seller 7461,Karachi,4.2
7462,2023-04-11,Seller 7462,Multan,3.1
7463,2022-12-06,Seller 7463,Multan,4.7
7464,2025-05-30,Seller 7464,Lahore,4.3
7465,2023-09-06,Seller 7465,Islamabad,4.0
7466,2023-07-07,Seller 7466,Karachi,3.5
7467,2024-02-03,Seller 7467,Islamabad,4.9
7468,2024-07-14,Seller 7468,Faisalabad,5.0
7469,2023-02-03,Seller 7469,Karachi,3.0
7470,2025-10-20,Seller 7470,Multan,3.3
7471,2025-05-19,Seller 7471,Islamabad,4.7
7472,2024-12-25,Seller 7472,Faisalabad,3.1
7473,2024-09-02,Seller 7473,Multan,4.6
7474,2023-07-15,Seller 7474,Faisalabad,3.7
7475,2023-09-19,Seller 7475,Faisalabad,3.0
7476,2024-06-10,Seller 7476,Faisalabad,4.1
7477,2023-01-02,Seller 7477,Karachi,3.6
7478,2023-03-18,Seller 7478,Islamabad,3.8
7479,2024-02-27,Seller 7479,Lahore,4.5
7480,2025-01-24,Seller 7480,Lahore,4.3
7481,2025-11-23,Seller 7481,Faisalabad,4.7
7482,2024-05-26,Seller 7482,Multan,3.1
7483,2024-08-03,Seller 7483,Multan,4.5
7484,2023-12-27,Seller 7484,Lahore,3.1
7485,2025-09-13,Seller 7485,Lahore,3.3
7486,2023-05-16,Seller 7486,Lahore,3.1
7487,2025-05-18,Seller 7487,Lahore,3.1
7488,2023-07-01,Seller 7488,Faisalabad,4.1
7489,2023-02-25,Seller 7489,Karachi,3.8
7490,2024-04-06,Seller 7490,Karachi,4.3
7491,2023-12-18,Seller 7491,Islamabad,4.9
7492,2025-02-26,Seller 7492,Faisalabad,4.7
7493,2025-11-09,Seller 7493,Islamabad,4.2
7494,2023-10-02,Seller 7494,Faisalabad,4.8
7495,2025-01-05,Seller 7495,Faisalabad,4.0
7496,2024-03-11,Seller 7496,Karachi,4.6
7497,2023-12-23,Seller 7497,Multan,3.7
7498,2022-12-23,Seller 7498,Faisalabad,3.5
7499,2024-12-28,Seller 7499,Lahore,4.4
7500,2023-02-03,Seller 7500,Islamabad,3.4
7501,2025-04-18,Seller 7501,Karachi,4.0
7502,2025-04-27,Seller 7502,Lahore,4.8
7503,2023-05-07,Seller 7503,Multan,4.7
7504,2025-04-20,Seller 7504,Lahore,3.8
7505,2025-08-14,Seller 7505,Islamabad,3.7
7506,2025-09-06,Seller 7506,Islamabad,3.4
7507,2023-07-06,Seller 7507,Multan,4.9
7508,2025-03-31,Seller 7508,Karachi,4.7
7509,2024-07-20,Seller 7509,Lahore,3.6
7510,2023-06-03,Seller 7510,Lahore,4.9
7511,2024-01-19,Seller 7511,Lahore,4.7
7512,2024-04-29,Seller 7512,Islamabad,4.9
7513,2023-03-09,Seller 7513,Multan,3.0
7514,2024-06-26,Seller 7514,Faisalabad,4.2
7515,2023-07-31,Seller 7515,Multan,3.9
7516,2025-05-02,Seller 7516,Lahore,3.0
7517,2023-07-08,Seller 7517,Faisalabad,4.5
7518,2024-11-05,Seller 7518,Lahore,4.4
7519,2025-07-08,Seller 7519,Lahore,3.7
7520,2025-01-30,Seller 7520,Islamabad,4.4
7521,2025-04-15,Seller 7521,Lahore,3.9
7522,2023-06-30,Seller 7522,Lahore,4.6
7523,2024-03-04,Seller 7523,Islamabad,3.4
7524,2024-04-30,Seller 7524,Lahore,4.2
7525,2025-07-17,Seller 7525,Islamabad,3.2
7526,2025-02-14,Seller 7526,Lahore,3.1
7527,2025-06-05,Seller 7527,Islamabad,3.2
7528,2024-01-24,Seller 7528,Multan,4.8
7529,2023-07-22,Seller 7529,Karachi,4.6
7530,2025-05-07,Seller 7530,Lahore,4.0
7531,2025-01-13,Seller 7531,Faisalabad,3.8
7532,2022-12-07,Seller 7532,Karachi,4.9
7533,2023-03-23,Seller 7533,Multan,4.7
7534,2024-06-11,Seller 7534,Islamabad,3.1
7535,2025-05-31,Seller 7535,Multan,3.6
7536,2024-08-04,Seller 7536,Karachi,4.3
7537,2024-04-07,Seller 7537,Multan,4.1
7538,2025-10-24,Seller 7538,Faisalabad,3.6
7539,2022-12-22,Seller 7539,Lahore,3.2
7540,2025-03-05,Seller 7540,Karachi,4.9
7541,2023-07-02,Seller 7541,Islamabad,4.3
7542,2024-01-05,Seller 7542,Faisalabad,3.8
7543,2023-10-11,Seller 7543,Multan,4.2
7544,2023-06-01,Seller 7544,Karachi,4.9
7545,2024-02-14,Seller 7545,Islamabad,4.5
7546,2024-05-06,Seller 7546,Karachi,4.1
7547,2025-10-25,Seller 7547,Faisalabad,4.2
7548,2025-12-02,Seller 7548,Faisalabad,3.5
7549,2025-06-22,Seller 7549,Multan,3.4
7550,2024-04-10,Seller 7550,Karachi,4.4
7551,2024-03-26,Seller 7551,Islamabad,4.1
7552,2023-03-26,Seller 7552,Islamabad,3.4
7553,2022-12-30,Seller 7553,Karachi,4.6
7554,2025-09-30,Seller 7554,Islamabad,3.9
7555,2024-03-26,Seller 7555,Karachi,4.7
7556,2025-05-02,Seller 7556,Lahore,4.7
7557,2025-09-08,Seller 7557,Islamabad,4.8
7558,2023-08-04,Seller 7558,Faisalabad,4.2
7559,2023-06-11,Seller 7559,Multan,3.7
7560,2024-10-28,Seller 7560,Faisalabad,3.6
7561,2024-11-14,Seller 7561,Karachi,4.1
7562,2024-04-25,Seller 7562,Lahore,3.6
7563,2024-10-06,Seller 7563,Lahore,4.6
7564,2025-01-13,Seller 7564,Islamabad,3.2
7565,2025-11-04,Seller 7565,Islamabad,4.9
7566,2025-11-07,Seller 7566,Lahore,4.4
7567,2025-11-03,Seller 7567,Faisalabad,4.4
7568,2025-04-15,Seller 7568,Karachi,3.9
7569,2025-11-12,Seller 7569,Islamabad,3.3
7570,2023-11-06,Seller 7570,Islamabad,3.0
7571,2023-02-16,Seller 7571,Lahore,3.7
7572,2023-11-10,Seller 7572,Karachi,3.8
7573,2024-03-22,Seller 7573,Multan,4.4
7574,2023-09-11,Seller 7574,Islamabad,4.9
7575,2023-02-17,Seller 7575,Islamabad,3.3
7576,2025-08-22,Seller 7576,Multan,4.7
7577,2025-01-22,Seller 7577,Karachi,3.6
7578,2025-03-22,Seller 7578,Karachi,3.3
7579,2024-05-03,Seller 7579,Islamabad,4.4
7580,2023-06-07,Seller 7580,Islamabad,4.0
7581,2024-09-13,Seller 7581,Faisalabad,3.7
7582,2025-05-27,Seller 7582,Islamabad,3.7
7583,2024-03-05,Seller 7583,Karachi,4.9
7584,2023-02-15,Seller 7584,Karachi,4.2
7585,2023-01-12,Seller 7585,Multan,4.5
7586,2023-06-26,Seller 7586,Lahore,4.4
7587,2023-08-22,Seller 7587,Faisalabad,4.4
7588,2024-09-19,Seller 7588,Multan,3.6
7589,2025-08-14,Seller 7589,Islamabad,3.7
7590,2023-10-29,Seller 7590,Lahore,3.9
7591,2024-01-05,Seller 7591,Lahore,3.0
7592,2025-08-23,Seller 7592,Lahore,3.5
7593,2024-06-12,Seller 7593,Faisalabad,3.8
7594,2025-08-28,Seller 7594,Faisalabad,4.0
7595,2023-02-17,Seller 7595,Karachi,4.3
7596,2023-03-24,Seller 7596,Faisalabad,4.4
7597,2023-03-22,Seller 7597,Multan,4.1
7598,2025-08-02,Seller 7598,Karachi,4.0
7599,2023-04-01,Seller 7599,Faisalabad,4.9
7600,2023-05-12,Seller 7600,Lahore,3.8
7601,2023-08-31,Seller 7601,Multan,3.5
7602,2023-03-19,Seller 7602,Islamabad,4.0
7603,2025-08-21,Seller 7603,Karachi,3.9
7604,2025-03-20,Seller 7604,Multan,3.3
7605,2025-08-24,Seller 7605,Lahore,3.2
7606,2025-08-01,Seller 7606,Multan,4.2
7607,2023-09-16,Seller 7607,Karachi,4.1
7608,2025-11-26,Seller 7608,Faisalabad,4.9
7609,2025-11-06,Seller 7609,Lahore,3.3
7610,2022-12-23,Seller 7610,Lahore,4.2
7611,2023-02-23,Seller 7611,Islamabad,4.7
7612,2023-10-20,Seller 7612,Karachi,3.3
7613,2024-10-05,Seller 7613,Faisalabad,3.9
7614,2023-06-02,Seller 7614,Faisalabad,4.2
7615,2024-02-15,Seller 7615,Karachi,3.7
7616,2024-07-23,Seller 7616,Faisalabad,3.1
7617,2025-02-27,Seller 7617,Islamabad,3.5
7618,2025-09-16,Seller 7618,Karachi,3.4
7619,2025-02-16,Seller 7619,Karachi,4.4
7620,2023-11-08,Seller 7620,Karachi,4.1
7621,2024-06-19,Seller 7621,Lahore,3.8
7622,2025-08-21,Seller 7622,Lahore,4.3
7623,2023-04-04,Seller 7623,Lahore,3.5
7624,2024-04-07,Seller 7624,Multan,3.8
7625,2024-07-26,Seller 7625,Multan,3.2
7626,2024-05-08,Seller 7626,Karachi,3.8
7627,2024-02-26,Seller 7627,Karachi,3.2
7628,2023-06-05,Seller 7628,Islamabad,4.1
7629,2023-12-25,Seller 7629,Faisalabad,3.1
7630,2023-08-10,Seller 7630,Karachi,3.1
7631,2025-11-12,Seller 7631,Islamabad,3.6
7632,2024-11-14,Seller 7632,Lahore,4.9
7633,2022-12-17,Seller 7633,Karachi,4.3
7634,2023-12-25,Seller 7634,Multan,4.7
7635,2023-03-28,Seller 7635,Islamabad,3.1
7636,2023-01-29,Seller 7636,Multan,3.6
7637,2025-01-08,Seller 7637,Multan,3.3
7638,2023-04-14,Seller 7638,Islamabad,3.4
7639,2025-02-16,Seller 7639,Lahore,3.5
7640,2023-04-21,Seller 7640,Karachi,4.3
7641,2024-06-24,Seller 7641,Multan,3.2
7642,2023-11-28,Seller 7642,Faisalabad,3.0
7643,2025-11-06,Seller 7643,Faisalabad,3.6
7644,2023-05-15,Seller 7644,Multan,4.4
7645,2025-04-02,Seller 7645,Multan,4.5
7646,2024-02-23,Seller 7646,Karachi,4.7
7647,2023-07-14,Seller 7647,Multan,4.5
7648,2023-06-08,Seller 7648,Lahore,5.0
7649,2023-11-07,Seller 7649,Faisalabad,5.0
7650,2024-07-22,Seller 7650,Faisalabad,3.3
7651,2025-02-24,Seller 7651,Islamabad,3.6
7652,2025-05-01,Seller 7652,Islamabad,3.1
7653,2023-02-12,Seller 7653,Faisalabad,4.6
7654,2023-02-21,Seller 7654,Multan,3.7
7655,2025-10-04,Seller 7655,Multan,4.8
7656,2025-10-02,Seller 7656,Karachi,3.5
7657,2023-08-09,Seller 7657,Lahore,4.3
7658,2023-03-02,Seller 7658,Faisalabad,3.5
7659,2023-01-15,Seller 7659,Islamabad,4.0
7660,2024-11-06,Seller 7660,Faisalabad,3.3
7661,2024-11-03,Seller 7661,Karachi,4.3
7662,2023-10-19,Seller 7662,Karachi,3.1
7663,2025-05-29,Seller 7663,Multan,3.2
7664,2025-04-07,Seller 7664,Lahore,4.1
7665,2024-04-27,Seller 7665,Multan,3.2
7666,2024-11-30,Seller 7666,Islamabad,5.0
7667,2023-04-30,Seller 7667,Karachi,4.8
7668,2024-06-14,Seller 7668,Karachi,4.0
7669,2024-05-23,Seller 7669,Islamabad,3.8
7670,2023-05-25,Seller 7670,Islamabad,3.1
7671,2024-02-04,Seller 7671,Islamabad,3.1
7672,2024-01-21,Seller 7672,Islamabad,4.0
7673,2025-07-09,Seller 7673,Faisalabad,3.4
7674,2025-02-28,Seller 7674,Multan,3.2
7675,2023-10-12,Seller 7675,Islamabad,3.3
7676,2023-10-20,Seller 7676,Karachi,4.4
7677,2023-06-23,Seller 7677,Multan,4.6
7678,2023-12-13,Seller 7678,Islamabad,3.4
7679,2025-09-08,Seller 7679,Lahore,4.3
7680,2024-01-26,Seller 7680,Multan,3.0
7681,2024-03-25,Seller 7681,Faisalabad,3.0
7682,2023-11-11,Seller 7682,Karachi,3.7
7683,2024-12-18,Seller 7683,Karachi,4.0
7684,2025-01-02,Seller 7684,Multan,3.1
7685,2025-05-18,Seller 7685,Multan,3.7
7686,2025-09-14,Seller 7686,Islamabad,3.4
7687,2025-05-14,Seller 7687,Faisalabad,3.8
7688,2023-01-19,Seller 7688,Karachi,5.0
7689,2023-03-12,Seller 7689,Islamabad,5.0
7690,2022-12-09,Seller 7690,Faisalabad,3.6
7691,2023-05-11,Seller 7691,Islamabad,4.7
7692,2023-10-15,Seller 7692,Multan,3.4
7693,2025-11-24,Seller 7693,Islamabad,4.6
7694,2024-12-22,Seller 7694,Islamabad,4.5
7695,2023-04-08,Seller 7695,Lahore,4.0
7696,2024-10-11,Seller 7696,Multan,4.3
7697,2024-04-14,Seller 7697,Karachi,4.8
7698,2024-01-25,Seller 7698,Faisalabad,4.3
7699,2023-02-27,Seller 7699,Multan,3.5
7700,2025-08-25,Seller 7700,Faisalabad,4.3
7701,2024-06-26,Seller 7701,Islamabad,3.1
7702,2024-02-05,Seller 7702,Lahore,4.4
7703,2025-05-31,Seller 7703,Islamabad,4.1
7704,2023-05-25,Seller 7704,Multan,3.8
7705,2025-08-13,Seller 7705,Faisalabad,3.8
7706,2023-02-09,Seller 7706,Lahore,4.7
7707,2023-02-12,Seller 7707,Islamabad,3.5
7708,2025-02-21,Seller 7708,Multan,3.0
7709,2025-06-10,Seller 7709,Karachi,4.2
7710,2024-09-23,Seller 7710,Karachi,4.4
7711,2025-11-30,Seller 7711,Lahore,4.9
7712,2024-03-26,Seller 7712,Lahore,4.4
7713,2023-07-17,Seller 7713,Karachi,3.5
7714,2023-02-09,Seller 7714,Lahore,3.5
7715,2023-12-31,Seller 7715,Lahore,3.2
7716,2025-02-16,Seller 7716,Karachi,4.1
7717,2024-03-04,Seller 7717,Multan,4.1
7718,2023-10-10,Seller 7718,Karachi,4.1
7719,2024-04-21,Seller 7719,Karachi,3.3
7720,2024-01-22,Seller 7720,Karachi,4.1
7721,2023-11-12,Seller 7721,Islamabad,3.1
7722,2025-07-15,Seller 7722,Multan,3.3
7723,2024-05-01,Seller 7723,Karachi,5.0
7724,2024-03-07,Seller 7724,Multan,3.8
7725,2023-06-20,Seller 7725,Multan,4.3
7726,2023-10-11,Seller 7726,Islamabad,4.1
7727,2025-04-22,Seller 7727,Faisalabad,3.9
7728,2024-04-18,Seller 7728,Multan,3.3
7729,2025-11-26,Seller 7729,Lahore,3.2
7730,2025-05-12,Seller 7730,Karachi,3.8
7731,2024-11-15,Seller 7731,Multan,4.1
7732,2025-07-23,Seller 7732,Faisalabad,3.8
7733,2024-07-31,Seller 7733,Faisalabad,4.9
7734,2023-06-13,Seller 7734,Lahore,4.2
7735,2023-04-20,Seller 7735,Faisalabad,3.0
7736,2025-05-23,Seller 7736,Islamabad,3.5
7737,2024-10-29,Seller 7737,Karachi,3.9
7738,2024-10-12,Seller 7738,Karachi,3.2
7739,2025-10-28,Seller 7739,Faisalabad,3.1
7740,2024-07-29,Seller 7740,Multan,3.6
7741,2023-12-08,Seller 7741,Karachi,3.3
7742,2024-10-23,Seller 7742,Karachi,3.3
7743,2023-04-22,Seller 7743,Karachi,3.7
7744,2023-09-28,Seller 7744,Karachi,4.9
7745,2025-06-26,Seller 7745,Lahore,4.2
7746,2024-06-28,Seller 7746,Islamabad,4.0
7747,2025-10-29,Seller 7747,Multan,4.3
7748,2024-12-19,Seller 7748,Karachi,4.6
7749,2025-08-09,Seller 7749,Karachi,4.8
7750,2024-03-13,Seller 7750,Islamabad,3.5
7751,2024-06-29,Seller 7751,Multan,4.5
7752,2023-10-31,Seller 7752,Faisalabad,3.6
7753,2022-12-27,Seller 7753,Multan,3.6
7754,2023-05-05,Seller 7754,Faisalabad,4.1
7755,2025-10-13,Seller 7755,Karachi,3.1
7756,2023-09-09,Seller 7756,Multan,4.7
7757,2024-03-11,Seller 7757,Lahore,4.2
7758,2024-10-25,Seller 7758,Multan,3.6
7759,2023-07-25,Seller 7759,Lahore,4.6
7760,2024-09-27,Seller 7760,Karachi,4.5
7761,2024-11-26,Seller 7761,Karachi,3.3
7762,2023-07-12,Seller 7762,Lahore,3.6
7763,2024-03-29,Seller 7763,Lahore,4.4
7764,2025-07-27,Seller 7764,Multan,4.3
7765,2023-09-13,Seller 7765,Faisalabad,4.8
7766,2023-11-10,Seller 7766,Lahore,3.8
7767,2024-07-18,Seller 7767,Islamabad,4.9
7768,2024-12-25,Seller 7768,Multan,4.5
7769,2024-03-02,Seller 7769,Karachi,4.4
7770,2024-01-07,Seller 7770,Faisalabad,3.6
7771,2024-07-18,Seller 7771,Karachi,4.5
7772,2025-09-10,Seller 7772,Islamabad,5.0
7773,2025-07-15,Seller 7773,Lahore,3.1
7774,2023-04-08,Seller 7774,Multan,4.4
7775,2024-04-01,Seller 7775,Islamabad,4.2
7776,2024-09-25,Seller 7776,Islamabad,3.3
7777,2025-01-06,Seller 7777,Faisalabad,4.1
7778,2023-07-29,Seller 7778,Islamabad,3.4
7779,2023-01-13,Seller 7779,Islamabad,4.1
7780,2025-10-09,Seller 7780,Lahore,4.9
7781,2025-05-18,Seller 7781,Lahore,3.5
7782,2024-09-27,Seller 7782,Karachi,3.4
7783,2022-12-31,Seller 7783,Multan,4.7
7784,2025-08-24,Seller 7784,Lahore,3.5
7785,2025-11-12,Seller 7785,Lahore,3.1
7786,2023-01-16,Seller 7786,Faisalabad,3.9
7787,2024-01-27,Seller 7787,Karachi,3.4
7788,2023-10-13,Seller 7788,Karachi,3.7
7789,2023-04-21,Seller 7789,Faisalabad,4.6
7790,2025-02-12,Seller 7790,Faisalabad,4.4
7791,2025-11-09,Seller 7791,Islamabad,3.1
7792,2022-12-25,Seller 7792,Faisalabad,3.9
7793,2023-05-19,Seller 7793,Karachi,3.1
7794,2024-05-07,Seller 7794,Multan,4.4
7795,2025-06-22,Seller 7795,Multan,4.6
7796,2024-10-25,Seller 7796,Faisalabad,4.1
7797,2025-01-30,Seller 7797,Islamabad,3.6
7798,2024-04-12,Seller 7798,Karachi,3.1
7799,2025-04-19,Seller 7799,Lahore,3.6
7800,2024-06-15,Seller 7800,Karachi,3.1
7801,2023-01-31,Seller 7801,Multan,4.4
7802,2023-11-04,Seller 7802,Multan,5.0
7803,2023-07-21,Seller 7803,Faisalabad,4.5
7804,2025-01-19,Seller 7804,Karachi,3.8
7805,2025-03-08,Seller 7805,Islamabad,4.9
7806,2023-07-18,Seller 7806,Lahore,4.0
7807,2023-06-18,Seller 7807,Lahore,3.9
7808,2023-07-20,Seller 7808,Lahore,4.8
7809,2025-09-01,Seller 7809,Lahore,3.1
7810,2024-05-05,Seller 7810,Multan,4.7
7811,2023-11-25,Seller 7811,Karachi,4.2
7812,2023-04-05,Seller 7812,Lahore,4.5
7813,2024-11-12,Seller 7813,Multan,4.6
7814,2023-03-25,Seller 7814,Lahore,4.5
7815,2025-02-05,Seller 7815,Faisalabad,4.1
7816,2023-07-17,Seller 7816,Faisalabad,3.1
7817,2025-07-30,Seller 7817,Multan,3.5
7818,2025-03-27,Seller 7818,Lahore,4.7
7819,2024-11-13,Seller 7819,Multan,3.6
7820,2024-02-09,Seller 7820,Multan,4.6
7821,2023-03-30,Seller 7821,Faisalabad,4.1
7822,2025-02-02,Seller 7822,Islamabad,4.6
7823,2024-02-08,Seller 7823,Lahore,3.5
7824,2023-03-10,Seller 7824,Karachi,4.7
7825,2025-08-02,Seller 7825,Karachi,3.8
7826,2025-09-17,Seller 7826,Faisalabad,3.8
7827,2023-09-18,Seller 7827,Lahore,3.8
7828,2025-04-20,Seller 7828,Faisalabad,4.1
7829,2024-01-30,Seller 7829,Lahore,4.6
7830,2024-05-08,Seller 7830,Islamabad,4.6
7831,2025-08-25,Seller 7831,Faisalabad,3.9
7832,2025-11-08,Seller 7832,Lahore,4.2
7833,2023-05-10,Seller 7833,Faisalabad,4.2
7834,2025-03-19,Seller 7834,Lahore,4.1
7835,2023-07-03,Seller 7835,Lahore,3.2
7836,2023-11-29,Seller 7836,Faisalabad,4.2
7837,2025-07-06,Seller 7837,Islamabad,3.0
7838,2023-07-22,Seller 7838,Karachi,3.6
7839,2023-12-19,Seller 7839,Multan,3.7
7840,2023-11-17,Seller 7840,Lahore,3.5
7841,2023-02-02,Seller 7841,Multan,3.7
7842,2025-06-28,Seller 7842,Karachi,4.7
7843,2024-08-12,Seller 7843,Islamabad,4.1
7844,2024-04-26,Seller 7844,Lahore,3.4
7845,2025-01-21,Seller 7845,Karachi,4.5
7846,2025-04-29,Seller 7846,Karachi,3.4
7847,2024-12-17,Seller 7847,Islamabad,3.3
7848,2023-11-21,Seller 7848,Faisalabad,4.0
7849,2023-01-12,Seller 7849,Karachi,3.8
7850,2024-03-02,Seller 7850,Multan,3.6
7851,2025-07-06,Seller 7851,Islamabad,3.6
7852,2024-12-26,Seller 7852,Faisalabad,4.7
7853,2024-05-16,Seller 7853,Lahore,3.2
7854,2023-06-27,Seller 7854,Islamabad,4.7
7855,2025-06-15,Seller 7855,Multan,4.7
7856,2023-03-22,Seller 7856,Faisalabad,3.5
7857,2023-12-05,Seller 7857,Lahore,4.4
7858,2024-09-29,Seller 7858,Karachi,4.4
7859,2024-12-09,Seller 7859,Multan,4.5
7860,2025-06-03,Seller 7860,Islamabad,3.9
7861,2023-02-01,Seller 7861,Islamabad,4.5
7862,2023-07-19,Seller 7862,Faisalabad,5.0
7863,2023-12-20,Seller 7863,Karachi,4.8
7864,2024-04-10,Seller 7864,Islamabad,4.6
7865,2024-05-28,Seller 7865,Faisalabad,4.7
7866,2024-01-25,Seller 7866,Lahore,3.8
7867,2025-07-19,Seller 7867,Lahore,4.2
7868,2025-12-03,Seller 7868,Lahore,3.7
7869,2024-01-18,Seller 7869,Lahore,4.4
7870,2023-10-25,Seller 7870,Faisalabad,4.0
7871,2023-08-16,Seller 7871,Multan,3.8
7872,2024-10-03,Seller 7872,Islamabad,4.0
7873,2024-03-24,Seller 7873,Islamabad,3.4
7874,2025-02-15,Seller 7874,Faisalabad,4.7
7875,2024-11-24,Seller 7875,Faisalabad,4.4
7876,2024-06-10,Seller 7876,Multan,3.8
7877,2023-11-16,Seller 7877,Karachi,4.4
7878,2023-01-29,Seller 7878,Multan,4.7
7879,2024-04-27,Seller 7879,Lahore,4.0
7880,2025-10-02,Seller 7880,Karachi,4.7
7881,2023-09-07,Seller 7881,Faisalabad,4.9
7882,2024-12-06,Seller 7882,Lahore,4.5
7883,2025-10-07,Seller 7883,Islamabad,4.0
7884,2025-09-20,Seller 7884,Lahore,3.3
7885,2024-09-20,Seller 7885,Lahore,4.4
7886,2023-07-27,Seller 7886,Islamabad,3.1
7887,2025-04-25,Seller 7887,Karachi,4.8
7888,2025-05-07,Seller 7888,Karachi,3.5
7889,2023-02-02,Seller 7889,Lahore,3.2
7890,2025-09-07,Seller 7890,Karachi,3.5
7891,2025-01-19,Seller 7891,Multan,3.6
7892,2022-12-14,Seller 7892,Karachi,4.8
7893,2023-08-11,Seller 7893,Lahore,3.5
7894,2024-01-11,Seller 7894,Karachi,5.0
7895,2023-08-31,Seller 7895,Multan,4.3
7896,2023-01-20,Seller 7896,Lahore,3.2
7897,2022-12-07,Seller 7897,Faisalabad,3.6
7898,2024-06-22,Seller 7898,Islamabad,3.9
7899,2024-03-31,Seller 7899,Islamabad,4.0
7900,2023-01-15,Seller 7900,Multan,3.1
7901,2024-04-01,Seller 7901,Karachi,3.7
7902,2025-08-29,Seller 7902,Faisalabad,3.6
7903,2024-07-20,Seller 7903,Karachi,3.8
7904,2023-05-10,Seller 7904,Islamabad,3.2
7905,2025-04-28,Seller 7905,Faisalabad,3.5
7906,2024-12-07,Seller 7906,Islamabad,3.3
7907,2023-11-21,Seller 7907,Faisalabad,4.8
7908,2025-01-23,Seller 7908,Faisalabad,4.5
7909,2023-09-30,Seller 7909,Multan,3.1
7910,2025-04-03,Seller 7910,Lahore,4.4
7911,2024-09-10,Seller 7911,Faisalabad,3.8
7912,2025-09-18,Seller 7912,Faisalabad,3.5
7913,2024-07-19,Seller 7913,Karachi,3.8
7914,2025-09-06,Seller 7914,Multan,4.2
7915,2024-04-02,Seller 7915,Faisalabad,3.5
7916,2022-12-19,Seller 7916,Faisalabad,3.8
7917,2023-01-18,Seller 7917,Faisalabad,3.5
7918,2025-07-17,Seller 7918,Islamabad,3.5
7919,2023-11-14,Seller 7919,Lahore,3.1
7920,2024-08-04,Seller 7920,Islamabad,4.2
7921,2024-12-30,Seller 7921,Faisalabad,4.2
7922,2025-09-04,Seller 7922,Karachi,3.9
7923,2023-03-23,Seller 7923,Multan,4.4
7924,2025-08-03,Seller 7924,Faisalabad,3.6
7925,2025-10-30,Seller 7925,Multan,3.7
7926,2023-12-07,Seller 7926,Lahore,4.1
7927,2024-03-03,Seller 7927,Faisalabad,3.4
7928,2023-05-14,Seller 7928,Karachi,3.9
7929,2024-03-04,Seller 7929,Islamabad,4.3
7930,2023-05-17,Seller 7930,Islamabad,4.8
7931,2024-10-24,Seller 7931,Karachi,5.0
7932,2023-11-05,Seller 7932,Multan,4.9
7933,2023-08-11,Seller 7933,Faisalabad,4.7
7934,2023-01-22,Seller 7934,Lahore,3.3
7935,2023-09-13,Seller 7935,Faisalabad,4.7
7936,2023-09-14,Seller 7936,Multan,3.9
7937,2024-09-29,Seller 7937,Karachi,3.6
7938,2024-06-19,Seller 7938,Islamabad,4.0
7939,2024-03-05,Seller 7939,Faisalabad,3.6
7940,2025-03-05,Seller 7940,Faisalabad,4.9
7941,2024-10-10,Seller 7941,Karachi,4.8
7942,2025-02-22,Seller 7942,Karachi,3.5
7943,2023-12-11,Seller 7943,Faisalabad,4.8
7944,2025-08-14,Seller 7944,Islamabad,3.3
7945,2025-07-27,Seller 7945,Faisalabad,3.2
7946,2025-04-09,Seller 7946,Faisalabad,3.8
7947,2024-11-14,Seller 7947,Multan,3.9
7948,2024-08-14,Seller 7948,Islamabad,3.3
7949,2024-07-03,Seller 7949,Multan,3.4
7950,2023-01-02,Seller 7950,Multan,3.2
7951,2025-10-26,Seller 7951,Lahore,3.8
7952,2025-08-24,Seller 7952,Islamabad,3.1
7953,2023-02-06,Seller 7953,Multan,3.5
7954,2023-04-29,Seller 7954,Karachi,4.8
7955,2025-08-01,Seller 7955,Lahore,3.3
7956,2025-03-26,Seller 7956,Faisalabad,5.0
7957,2023-03-17,Seller 7957,Lahore,3.7
7958,2024-12-09,Seller 7958,Lahore,3.9
7959,2023-08-10,Seller 7959,Lahore,3.5
7960,2024-11-27,Seller 7960,Islamabad,4.3
7961,2025-08-04,Seller 7961,Multan,4.3
7962,2025-02-09,Seller 7962,Lahore,3.4
7963,2023-01-27,Seller 7963,Multan,4.1
7964,2023-12-20,Seller 7964,Lahore,3.0
7965,2024-03-08,Seller 7965,Multan,3.5
7966,2023-03-31,Seller 7966,Faisalabad,3.6
7967,2023-03-30,Seller 7967,Lahore,3.9
7968,2025-08-11,Seller 7968,Karachi,4.6
7969,2024-08-20,Seller 7969,Karachi,3.5
7970,2025-04-01,Seller 7970,Islamabad,3.2
7971,2024-05-13,Seller 7971,Islamabad,4.3
7972,2023-11-23,Seller 7972,Multan,4.4
7973,2025-10-22,Seller 7973,Multan,3.4
7974,2024-07-19,Seller 7974,Multan,4.0
7975,2024-07-21,Seller 7975,Karachi,4.5
7976,2023-11-25,Seller 7976,Lahore,4.4
7977,2024-10-09,Seller 7977,Lahore,4.8
7978,2024-08-17,Seller 7978,Karachi,4.1
7979,2024-04-27,Seller 7979,Faisalabad,3.9
7980,2023-08-05,Seller 7980,Multan,3.2
7981,2023-12-27,Seller 7981,Karachi,4.2
7982,2023-11-08,Seller 7982,Lahore,4.0
7983,2024-11-19,Seller 7983,Lahore,4.2
7984,2025-10-05,Seller 7984,Islamabad,4.8
7985,2024-03-14,Seller 7985,Faisalabad,4.1
7986,2023-07-10,Seller 7986,Karachi,5.0
7987,2025-04-26,Seller 7987,Lahore,4.8
7988,2023-09-08,Seller 7988,Karachi,4.8
7989,2023-07-21,Seller 7989,Lahore,4.6
7990,2025-08-22,Seller 7990,Karachi,4.5
7991,2024-09-28,Seller 7991,Faisalabad,5.0
7992,2024-09-11,Seller 7992,Lahore,3.9
7993,2023-09-17,Seller 7993,Lahore,5.0
7994,2025-05-13,Seller 7994,Islamabad,4.3
7995,2025-11-06,Seller 7995,Lahore,4.8
7996,2023-03-29,Seller 7996,Islamabad,4.1
7997,2025-11-08,Seller 7997,Islamabad,4.3
7998,2023-12-03,Seller 7998,Karachi,4.9
7999,2023-04-24,Seller 7999,Lahore,4.2
8000,2023-05-20,Seller 8000,Lahore,3.6
